WARNING - 2025-03-16 06:35:34 --> [DEPRECATED] Creation of dynamic property App\Controllers\Admin::$ModelSetting is deprecated in APPPATH\Controllers\Admin.php on line 11.
 1 SYSTEMPATH\CodeIgniter.php(903): App\Controllers\Admin->__construct()
 2 SYSTEMPATH\CodeIgniter.php(498): CodeIgniter\CodeIgniter->createController()
 3 SYSTEMPATH\CodeIgniter.php(354): CodeIgniter\CodeIgniter->handleRequest(null, Object(Config\Cache), false)
 4 SYSTEMPATH\Boot.php(334): CodeIgniter\CodeIgniter->run()
 5 SYSTEMPATH\Boot.php(67): CodeIgniter\Boot::runCodeIgniter(Object(CodeIgniter\CodeIgniter))
 6 FCPATH\index.php(56): CodeIgniter\Boot::bootWeb(Object(Config\Paths))
WARNING - 2025-03-16 06:35:56 --> [DEPRECATED] Creation of dynamic property App\Controllers\Wilayah::$ModelWilayah is deprecated in APPPATH\Controllers\Wilayah.php on line 16.
 1 SYSTEMPATH\CodeIgniter.php(903): App\Controllers\Wilayah->__construct()
 2 SYSTEMPATH\CodeIgniter.php(498): CodeIgniter\CodeIgniter->createController()
 3 SYSTEMPATH\CodeIgniter.php(354): CodeIgniter\CodeIgniter->handleRequest(null, Object(Config\Cache), false)
 4 SYSTEMPATH\Boot.php(334): CodeIgniter\CodeIgniter->run()
 5 SYSTEMPATH\Boot.php(67): CodeIgniter\Boot::runCodeIgniter(Object(CodeIgniter\CodeIgniter))
 6 FCPATH\index.php(56): CodeIgniter\Boot::bootWeb(Object(Config\Paths))
WARNING - 2025-03-16 06:35:56 --> [DEPRECATED] Creation of dynamic property App\Controllers\Wilayah::$ModelSetting is deprecated in APPPATH\Controllers\Wilayah.php on line 17.
 1 SYSTEMPATH\CodeIgniter.php(903): App\Controllers\Wilayah->__construct()
 2 SYSTEMPATH\CodeIgniter.php(498): CodeIgniter\CodeIgniter->createController()
 3 SYSTEMPATH\CodeIgniter.php(354): CodeIgniter\CodeIgniter->handleRequest(null, Object(Config\Cache), false)
 4 SYSTEMPATH\Boot.php(334): CodeIgniter\CodeIgniter->run()
 5 SYSTEMPATH\Boot.php(67): CodeIgniter\Boot::runCodeIgniter(Object(CodeIgniter\CodeIgniter))
 6 FCPATH\index.php(56): CodeIgniter\Boot::bootWeb(Object(Config\Paths))
DEBUG - 2025-03-16 06:35:58 --> Session: Class initialized using 'CodeIgniter\Session\Handlers\FileHandler' driver.
WARNING - 2025-03-16 06:49:26 --> [DEPRECATED] Creation of dynamic property App\Controllers\Wilayah::$ModelWilayah is deprecated in APPPATH\Controllers\Wilayah.php on line 16.
 1 SYSTEMPATH\CodeIgniter.php(903): App\Controllers\Wilayah->__construct()
 2 SYSTEMPATH\CodeIgniter.php(498): CodeIgniter\CodeIgniter->createController()
 3 SYSTEMPATH\CodeIgniter.php(354): CodeIgniter\CodeIgniter->handleRequest(null, Object(Config\Cache), false)
 4 SYSTEMPATH\Boot.php(334): CodeIgniter\CodeIgniter->run()
 5 SYSTEMPATH\Boot.php(67): CodeIgniter\Boot::runCodeIgniter(Object(CodeIgniter\CodeIgniter))
 6 FCPATH\index.php(56): CodeIgniter\Boot::bootWeb(Object(Config\Paths))
WARNING - 2025-03-16 06:49:26 --> [DEPRECATED] Creation of dynamic property App\Controllers\Wilayah::$ModelSetting is deprecated in APPPATH\Controllers\Wilayah.php on line 17.
 1 SYSTEMPATH\CodeIgniter.php(903): App\Controllers\Wilayah->__construct()
 2 SYSTEMPATH\CodeIgniter.php(498): CodeIgniter\CodeIgniter->createController()
 3 SYSTEMPATH\CodeIgniter.php(354): CodeIgniter\CodeIgniter->handleRequest(null, Object(Config\Cache), false)
 4 SYSTEMPATH\Boot.php(334): CodeIgniter\CodeIgniter->run()
 5 SYSTEMPATH\Boot.php(67): CodeIgniter\Boot::runCodeIgniter(Object(CodeIgniter\CodeIgniter))
 6 FCPATH\index.php(56): CodeIgniter\Boot::bootWeb(Object(Config\Paths))
DEBUG - 2025-03-16 06:49:26 --> Session: Class initialized using 'CodeIgniter\Session\Handlers\FileHandler' driver.
WARNING - 2025-03-16 06:49:35 --> [DEPRECATED] Creation of dynamic property App\Controllers\Wilayah::$ModelWilayah is deprecated in APPPATH\Controllers\Wilayah.php on line 16.
 1 SYSTEMPATH\CodeIgniter.php(903): App\Controllers\Wilayah->__construct()
 2 SYSTEMPATH\CodeIgniter.php(498): CodeIgniter\CodeIgniter->createController()
 3 SYSTEMPATH\CodeIgniter.php(354): CodeIgniter\CodeIgniter->handleRequest(null, Object(Config\Cache), false)
 4 SYSTEMPATH\Boot.php(334): CodeIgniter\CodeIgniter->run()
 5 SYSTEMPATH\Boot.php(67): CodeIgniter\Boot::runCodeIgniter(Object(CodeIgniter\CodeIgniter))
 6 FCPATH\index.php(56): CodeIgniter\Boot::bootWeb(Object(Config\Paths))
WARNING - 2025-03-16 06:49:35 --> [DEPRECATED] Creation of dynamic property App\Controllers\Wilayah::$ModelSetting is deprecated in APPPATH\Controllers\Wilayah.php on line 17.
 1 SYSTEMPATH\CodeIgniter.php(903): App\Controllers\Wilayah->__construct()
 2 SYSTEMPATH\CodeIgniter.php(498): CodeIgniter\CodeIgniter->createController()
 3 SYSTEMPATH\CodeIgniter.php(354): CodeIgniter\CodeIgniter->handleRequest(null, Object(Config\Cache), false)
 4 SYSTEMPATH\Boot.php(334): CodeIgniter\CodeIgniter->run()
 5 SYSTEMPATH\Boot.php(67): CodeIgniter\Boot::runCodeIgniter(Object(CodeIgniter\CodeIgniter))
 6 FCPATH\index.php(56): CodeIgniter\Boot::bootWeb(Object(Config\Paths))
ERROR - 2025-03-16 06:49:35 --> mysqli_sql_exception: Unknown column 'id_wilayah7' in 'where clause' in C:\laragon\www\gis-sekolah-ci4\system\Database\MySQLi\Connection.php:327
Stack trace:
#0 C:\laragon\www\gis-sekolah-ci4\system\Database\MySQLi\Connection.php(327): mysqli->query('SELECT *\nFROM `...', 0)
#1 C:\laragon\www\gis-sekolah-ci4\system\Database\BaseConnection.php(738): CodeIgniter\Database\MySQLi\Connection->execute('SELECT *\nFROM `...')
#2 C:\laragon\www\gis-sekolah-ci4\system\Database\BaseConnection.php(652): CodeIgniter\Database\BaseConnection->simpleQuery('SELECT *\nFROM `...')
#3 C:\laragon\www\gis-sekolah-ci4\system\Database\BaseBuilder.php(1649): CodeIgniter\Database\BaseConnection->query('SELECT *\nFROM `...', Array, false)
#4 C:\laragon\www\gis-sekolah-ci4\app\Models\ModelWilayah.php(24): CodeIgniter\Database\BaseBuilder->get()
#5 C:\laragon\www\gis-sekolah-ci4\app\Controllers\Wilayah.php(87): App\Models\ModelWilayah->DetailData('7')
#6 C:\laragon\www\gis-sekolah-ci4\system\CodeIgniter.php(933): App\Controllers\Wilayah->Edit('7')
#7 C:\laragon\www\gis-sekolah-ci4\system\CodeIgniter.php(507): CodeIgniter\CodeIgniter->runController(Object(App\Controllers\Wilayah))
#8 C:\laragon\www\gis-sekolah-ci4\system\CodeIgniter.php(354): CodeIgniter\CodeIgniter->handleRequest(NULL, Object(Config\Cache), false)
#9 C:\laragon\www\gis-sekolah-ci4\system\Boot.php(334): CodeIgniter\CodeIgniter->run()
#10 C:\laragon\www\gis-sekolah-ci4\system\Boot.php(67): CodeIgniter\Boot::runCodeIgniter(Object(CodeIgniter\CodeIgniter))
#11 C:\laragon\www\gis-sekolah-ci4\public\index.php(56): CodeIgniter\Boot::bootWeb(Object(Config\Paths))
#12 {main}
CRITICAL - 2025-03-16 06:49:35 --> CodeIgniter\Database\Exceptions\DatabaseException: Unknown column 'id_wilayah7' in 'where clause'
[Method: GET, Route: Wilayah/Edit/7]
in SYSTEMPATH\Database\BaseConnection.php on line 692.
 1 SYSTEMPATH\Database\BaseBuilder.php(1649): CodeIgniter\Database\BaseConnection->query('SELECT *
FROM `tbl_wilayah`
WHERE `id_wilayah7` IS NULL', [], false)
 2 APPPATH\Models\ModelWilayah.php(24): CodeIgniter\Database\BaseBuilder->get()
 3 APPPATH\Controllers\Wilayah.php(87): App\Models\ModelWilayah->DetailData('7')
 4 SYSTEMPATH\CodeIgniter.php(933): App\Controllers\Wilayah->Edit('7')
 5 SYSTEMPATH\CodeIgniter.php(507): CodeIgniter\CodeIgniter->runController(Object(App\Controllers\Wilayah))
 6 SYSTEMPATH\CodeIgniter.php(354): CodeIgniter\CodeIgniter->handleRequest(null, Object(Config\Cache), false)
 7 SYSTEMPATH\Boot.php(334): CodeIgniter\CodeIgniter->run()
 8 SYSTEMPATH\Boot.php(67): CodeIgniter\Boot::runCodeIgniter(Object(CodeIgniter\CodeIgniter))
 9 FCPATH\index.php(56): CodeIgniter\Boot::bootWeb(Object(Config\Paths))
CRITICAL - 2025-03-16 06:49:35 --> [Caused by] CodeIgniter\Database\Exceptions\DatabaseException: Unknown column 'id_wilayah7' in 'where clause'
in SYSTEMPATH\Database\MySQLi\Connection.php on line 332.
 1 SYSTEMPATH\Database\BaseConnection.php(738): CodeIgniter\Database\MySQLi\Connection->execute('SELECT *
FROM `tbl_wilayah`
WHERE `id_wilayah7` IS NULL')
 2 SYSTEMPATH\Database\BaseConnection.php(652): CodeIgniter\Database\BaseConnection->simpleQuery('SELECT *
FROM `tbl_wilayah`
WHERE `id_wilayah7` IS NULL')
 3 SYSTEMPATH\Database\BaseBuilder.php(1649): CodeIgniter\Database\BaseConnection->query('SELECT *
FROM `tbl_wilayah`
WHERE `id_wilayah7` IS NULL', [], false)
 4 APPPATH\Models\ModelWilayah.php(24): CodeIgniter\Database\BaseBuilder->get()
 5 APPPATH\Controllers\Wilayah.php(87): App\Models\ModelWilayah->DetailData('7')
 6 SYSTEMPATH\CodeIgniter.php(933): App\Controllers\Wilayah->Edit('7')
 7 SYSTEMPATH\CodeIgniter.php(507): CodeIgniter\CodeIgniter->runController(Object(App\Controllers\Wilayah))
 8 SYSTEMPATH\CodeIgniter.php(354): CodeIgniter\CodeIgniter->handleRequest(null, Object(Config\Cache), false)
 9 SYSTEMPATH\Boot.php(334): CodeIgniter\CodeIgniter->run()
10 SYSTEMPATH\Boot.php(67): CodeIgniter\Boot::runCodeIgniter(Object(CodeIgniter\CodeIgniter))
11 FCPATH\index.php(56): CodeIgniter\Boot::bootWeb(Object(Config\Paths))
CRITICAL - 2025-03-16 06:49:35 --> [Caused by] mysqli_sql_exception: Unknown column 'id_wilayah7' in 'where clause'
in SYSTEMPATH\Database\MySQLi\Connection.php on line 327.
 1 SYSTEMPATH\Database\MySQLi\Connection.php(327): mysqli->query('SELECT *
FROM `tbl_wilayah`
WHERE `id_wilayah7` IS NULL', 0)
 2 SYSTEMPATH\Database\BaseConnection.php(738): CodeIgniter\Database\MySQLi\Connection->execute('SELECT *
FROM `tbl_wilayah`
WHERE `id_wilayah7` IS NULL')
 3 SYSTEMPATH\Database\BaseConnection.php(652): CodeIgniter\Database\BaseConnection->simpleQuery('SELECT *
FROM `tbl_wilayah`
WHERE `id_wilayah7` IS NULL')
 4 SYSTEMPATH\Database\BaseBuilder.php(1649): CodeIgniter\Database\BaseConnection->query('SELECT *
FROM `tbl_wilayah`
WHERE `id_wilayah7` IS NULL', [], false)
 5 APPPATH\Models\ModelWilayah.php(24): CodeIgniter\Database\BaseBuilder->get()
 6 APPPATH\Controllers\Wilayah.php(87): App\Models\ModelWilayah->DetailData('7')
 7 SYSTEMPATH\CodeIgniter.php(933): App\Controllers\Wilayah->Edit('7')
 8 SYSTEMPATH\CodeIgniter.php(507): CodeIgniter\CodeIgniter->runController(Object(App\Controllers\Wilayah))
 9 SYSTEMPATH\CodeIgniter.php(354): CodeIgniter\CodeIgniter->handleRequest(null, Object(Config\Cache), false)
10 SYSTEMPATH\Boot.php(334): CodeIgniter\CodeIgniter->run()
11 SYSTEMPATH\Boot.php(67): CodeIgniter\Boot::runCodeIgniter(Object(CodeIgniter\CodeIgniter))
12 FCPATH\index.php(56): CodeIgniter\Boot::bootWeb(Object(Config\Paths))
WARNING - 2025-03-16 06:49:40 --> [DEPRECATED] Creation of dynamic property App\Controllers\Wilayah::$ModelWilayah is deprecated in APPPATH\Controllers\Wilayah.php on line 16.
 1 SYSTEMPATH\CodeIgniter.php(903): App\Controllers\Wilayah->__construct()
 2 SYSTEMPATH\CodeIgniter.php(498): CodeIgniter\CodeIgniter->createController()
 3 SYSTEMPATH\CodeIgniter.php(354): CodeIgniter\CodeIgniter->handleRequest(null, Object(Config\Cache), false)
 4 SYSTEMPATH\Boot.php(334): CodeIgniter\CodeIgniter->run()
 5 SYSTEMPATH\Boot.php(67): CodeIgniter\Boot::runCodeIgniter(Object(CodeIgniter\CodeIgniter))
 6 FCPATH\index.php(56): CodeIgniter\Boot::bootWeb(Object(Config\Paths))
WARNING - 2025-03-16 06:49:40 --> [DEPRECATED] Creation of dynamic property App\Controllers\Wilayah::$ModelSetting is deprecated in APPPATH\Controllers\Wilayah.php on line 17.
 1 SYSTEMPATH\CodeIgniter.php(903): App\Controllers\Wilayah->__construct()
 2 SYSTEMPATH\CodeIgniter.php(498): CodeIgniter\CodeIgniter->createController()
 3 SYSTEMPATH\CodeIgniter.php(354): CodeIgniter\CodeIgniter->handleRequest(null, Object(Config\Cache), false)
 4 SYSTEMPATH\Boot.php(334): CodeIgniter\CodeIgniter->run()
 5 SYSTEMPATH\Boot.php(67): CodeIgniter\Boot::runCodeIgniter(Object(CodeIgniter\CodeIgniter))
 6 FCPATH\index.php(56): CodeIgniter\Boot::bootWeb(Object(Config\Paths))
DEBUG - 2025-03-16 06:49:40 --> Session: Class initialized using 'CodeIgniter\Session\Handlers\FileHandler' driver.
WARNING - 2025-03-16 06:51:06 --> [DEPRECATED] Creation of dynamic property App\Controllers\Wilayah::$ModelWilayah is deprecated in APPPATH\Controllers\Wilayah.php on line 16.
 1 SYSTEMPATH\CodeIgniter.php(903): App\Controllers\Wilayah->__construct()
 2 SYSTEMPATH\CodeIgniter.php(498): CodeIgniter\CodeIgniter->createController()
 3 SYSTEMPATH\CodeIgniter.php(354): CodeIgniter\CodeIgniter->handleRequest(null, Object(Config\Cache), false)
 4 SYSTEMPATH\Boot.php(334): CodeIgniter\CodeIgniter->run()
 5 SYSTEMPATH\Boot.php(67): CodeIgniter\Boot::runCodeIgniter(Object(CodeIgniter\CodeIgniter))
 6 FCPATH\index.php(56): CodeIgniter\Boot::bootWeb(Object(Config\Paths))
WARNING - 2025-03-16 06:51:06 --> [DEPRECATED] Creation of dynamic property App\Controllers\Wilayah::$ModelSetting is deprecated in APPPATH\Controllers\Wilayah.php on line 17.
 1 SYSTEMPATH\CodeIgniter.php(903): App\Controllers\Wilayah->__construct()
 2 SYSTEMPATH\CodeIgniter.php(498): CodeIgniter\CodeIgniter->createController()
 3 SYSTEMPATH\CodeIgniter.php(354): CodeIgniter\CodeIgniter->handleRequest(null, Object(Config\Cache), false)
 4 SYSTEMPATH\Boot.php(334): CodeIgniter\CodeIgniter->run()
 5 SYSTEMPATH\Boot.php(67): CodeIgniter\Boot::runCodeIgniter(Object(CodeIgniter\CodeIgniter))
 6 FCPATH\index.php(56): CodeIgniter\Boot::bootWeb(Object(Config\Paths))
ERROR - 2025-03-16 06:51:07 --> mysqli_sql_exception: Unknown column 'id_wilayah7' in 'where clause' in C:\laragon\www\gis-sekolah-ci4\system\Database\MySQLi\Connection.php:327
Stack trace:
#0 C:\laragon\www\gis-sekolah-ci4\system\Database\MySQLi\Connection.php(327): mysqli->query('SELECT *\nFROM `...', 0)
#1 C:\laragon\www\gis-sekolah-ci4\system\Database\BaseConnection.php(738): CodeIgniter\Database\MySQLi\Connection->execute('SELECT *\nFROM `...')
#2 C:\laragon\www\gis-sekolah-ci4\system\Database\BaseConnection.php(652): CodeIgniter\Database\BaseConnection->simpleQuery('SELECT *\nFROM `...')
#3 C:\laragon\www\gis-sekolah-ci4\system\Database\BaseBuilder.php(1649): CodeIgniter\Database\BaseConnection->query('SELECT *\nFROM `...', Array, false)
#4 C:\laragon\www\gis-sekolah-ci4\app\Models\ModelWilayah.php(24): CodeIgniter\Database\BaseBuilder->get()
#5 C:\laragon\www\gis-sekolah-ci4\app\Controllers\Wilayah.php(87): App\Models\ModelWilayah->DetailData('7')
#6 C:\laragon\www\gis-sekolah-ci4\system\CodeIgniter.php(933): App\Controllers\Wilayah->Edit('7')
#7 C:\laragon\www\gis-sekolah-ci4\system\CodeIgniter.php(507): CodeIgniter\CodeIgniter->runController(Object(App\Controllers\Wilayah))
#8 C:\laragon\www\gis-sekolah-ci4\system\CodeIgniter.php(354): CodeIgniter\CodeIgniter->handleRequest(NULL, Object(Config\Cache), false)
#9 C:\laragon\www\gis-sekolah-ci4\system\Boot.php(334): CodeIgniter\CodeIgniter->run()
#10 C:\laragon\www\gis-sekolah-ci4\system\Boot.php(67): CodeIgniter\Boot::runCodeIgniter(Object(CodeIgniter\CodeIgniter))
#11 C:\laragon\www\gis-sekolah-ci4\public\index.php(56): CodeIgniter\Boot::bootWeb(Object(Config\Paths))
#12 {main}
CRITICAL - 2025-03-16 06:51:07 --> CodeIgniter\Database\Exceptions\DatabaseException: Unknown column 'id_wilayah7' in 'where clause'
[Method: GET, Route: Wilayah/Edit/7]
in SYSTEMPATH\Database\BaseConnection.php on line 692.
 1 SYSTEMPATH\Database\BaseBuilder.php(1649): CodeIgniter\Database\BaseConnection->query('SELECT *
FROM `tbl_wilayah`
WHERE `id_wilayah7` IS NULL', [], false)
 2 APPPATH\Models\ModelWilayah.php(24): CodeIgniter\Database\BaseBuilder->get()
 3 APPPATH\Controllers\Wilayah.php(87): App\Models\ModelWilayah->DetailData('7')
 4 SYSTEMPATH\CodeIgniter.php(933): App\Controllers\Wilayah->Edit('7')
 5 SYSTEMPATH\CodeIgniter.php(507): CodeIgniter\CodeIgniter->runController(Object(App\Controllers\Wilayah))
 6 SYSTEMPATH\CodeIgniter.php(354): CodeIgniter\CodeIgniter->handleRequest(null, Object(Config\Cache), false)
 7 SYSTEMPATH\Boot.php(334): CodeIgniter\CodeIgniter->run()
 8 SYSTEMPATH\Boot.php(67): CodeIgniter\Boot::runCodeIgniter(Object(CodeIgniter\CodeIgniter))
 9 FCPATH\index.php(56): CodeIgniter\Boot::bootWeb(Object(Config\Paths))
CRITICAL - 2025-03-16 06:51:07 --> [Caused by] CodeIgniter\Database\Exceptions\DatabaseException: Unknown column 'id_wilayah7' in 'where clause'
in SYSTEMPATH\Database\MySQLi\Connection.php on line 332.
 1 SYSTEMPATH\Database\BaseConnection.php(738): CodeIgniter\Database\MySQLi\Connection->execute('SELECT *
FROM `tbl_wilayah`
WHERE `id_wilayah7` IS NULL')
 2 SYSTEMPATH\Database\BaseConnection.php(652): CodeIgniter\Database\BaseConnection->simpleQuery('SELECT *
FROM `tbl_wilayah`
WHERE `id_wilayah7` IS NULL')
 3 SYSTEMPATH\Database\BaseBuilder.php(1649): CodeIgniter\Database\BaseConnection->query('SELECT *
FROM `tbl_wilayah`
WHERE `id_wilayah7` IS NULL', [], false)
 4 APPPATH\Models\ModelWilayah.php(24): CodeIgniter\Database\BaseBuilder->get()
 5 APPPATH\Controllers\Wilayah.php(87): App\Models\ModelWilayah->DetailData('7')
 6 SYSTEMPATH\CodeIgniter.php(933): App\Controllers\Wilayah->Edit('7')
 7 SYSTEMPATH\CodeIgniter.php(507): CodeIgniter\CodeIgniter->runController(Object(App\Controllers\Wilayah))
 8 SYSTEMPATH\CodeIgniter.php(354): CodeIgniter\CodeIgniter->handleRequest(null, Object(Config\Cache), false)
 9 SYSTEMPATH\Boot.php(334): CodeIgniter\CodeIgniter->run()
10 SYSTEMPATH\Boot.php(67): CodeIgniter\Boot::runCodeIgniter(Object(CodeIgniter\CodeIgniter))
11 FCPATH\index.php(56): CodeIgniter\Boot::bootWeb(Object(Config\Paths))
CRITICAL - 2025-03-16 06:51:07 --> [Caused by] mysqli_sql_exception: Unknown column 'id_wilayah7' in 'where clause'
in SYSTEMPATH\Database\MySQLi\Connection.php on line 327.
 1 SYSTEMPATH\Database\MySQLi\Connection.php(327): mysqli->query('SELECT *
FROM `tbl_wilayah`
WHERE `id_wilayah7` IS NULL', 0)
 2 SYSTEMPATH\Database\BaseConnection.php(738): CodeIgniter\Database\MySQLi\Connection->execute('SELECT *
FROM `tbl_wilayah`
WHERE `id_wilayah7` IS NULL')
 3 SYSTEMPATH\Database\BaseConnection.php(652): CodeIgniter\Database\BaseConnection->simpleQuery('SELECT *
FROM `tbl_wilayah`
WHERE `id_wilayah7` IS NULL')
 4 SYSTEMPATH\Database\BaseBuilder.php(1649): CodeIgniter\Database\BaseConnection->query('SELECT *
FROM `tbl_wilayah`
WHERE `id_wilayah7` IS NULL', [], false)
 5 APPPATH\Models\ModelWilayah.php(24): CodeIgniter\Database\BaseBuilder->get()
 6 APPPATH\Controllers\Wilayah.php(87): App\Models\ModelWilayah->DetailData('7')
 7 SYSTEMPATH\CodeIgniter.php(933): App\Controllers\Wilayah->Edit('7')
 8 SYSTEMPATH\CodeIgniter.php(507): CodeIgniter\CodeIgniter->runController(Object(App\Controllers\Wilayah))
 9 SYSTEMPATH\CodeIgniter.php(354): CodeIgniter\CodeIgniter->handleRequest(null, Object(Config\Cache), false)
10 SYSTEMPATH\Boot.php(334): CodeIgniter\CodeIgniter->run()
11 SYSTEMPATH\Boot.php(67): CodeIgniter\Boot::runCodeIgniter(Object(CodeIgniter\CodeIgniter))
12 FCPATH\index.php(56): CodeIgniter\Boot::bootWeb(Object(Config\Paths))
WARNING - 2025-03-16 06:54:03 --> [DEPRECATED] Creation of dynamic property App\Controllers\Wilayah::$ModelWilayah is deprecated in APPPATH\Controllers\Wilayah.php on line 16.
 1 SYSTEMPATH\CodeIgniter.php(903): App\Controllers\Wilayah->__construct()
 2 SYSTEMPATH\CodeIgniter.php(498): CodeIgniter\CodeIgniter->createController()
 3 SYSTEMPATH\CodeIgniter.php(354): CodeIgniter\CodeIgniter->handleRequest(null, Object(Config\Cache), false)
 4 SYSTEMPATH\Boot.php(334): CodeIgniter\CodeIgniter->run()
 5 SYSTEMPATH\Boot.php(67): CodeIgniter\Boot::runCodeIgniter(Object(CodeIgniter\CodeIgniter))
 6 FCPATH\index.php(56): CodeIgniter\Boot::bootWeb(Object(Config\Paths))
WARNING - 2025-03-16 06:54:03 --> [DEPRECATED] Creation of dynamic property App\Controllers\Wilayah::$ModelWilayah is deprecated in APPPATH\Controllers\Wilayah.php on line 16.
 1 SYSTEMPATH\CodeIgniter.php(903): App\Controllers\Wilayah->__construct()
 2 SYSTEMPATH\CodeIgniter.php(498): CodeIgniter\CodeIgniter->createController()
 3 SYSTEMPATH\CodeIgniter.php(354): CodeIgniter\CodeIgniter->handleRequest(null, Object(Config\Cache), false)
 4 SYSTEMPATH\Boot.php(334): CodeIgniter\CodeIgniter->run()
 5 SYSTEMPATH\Boot.php(67): CodeIgniter\Boot::runCodeIgniter(Object(CodeIgniter\CodeIgniter))
 6 FCPATH\index.php(56): CodeIgniter\Boot::bootWeb(Object(Config\Paths))
WARNING - 2025-03-16 06:54:03 --> [DEPRECATED] Creation of dynamic property App\Controllers\Wilayah::$ModelSetting is deprecated in APPPATH\Controllers\Wilayah.php on line 17.
 1 SYSTEMPATH\CodeIgniter.php(903): App\Controllers\Wilayah->__construct()
 2 SYSTEMPATH\CodeIgniter.php(498): CodeIgniter\CodeIgniter->createController()
 3 SYSTEMPATH\CodeIgniter.php(354): CodeIgniter\CodeIgniter->handleRequest(null, Object(Config\Cache), false)
 4 SYSTEMPATH\Boot.php(334): CodeIgniter\CodeIgniter->run()
 5 SYSTEMPATH\Boot.php(67): CodeIgniter\Boot::runCodeIgniter(Object(CodeIgniter\CodeIgniter))
 6 FCPATH\index.php(56): CodeIgniter\Boot::bootWeb(Object(Config\Paths))
WARNING - 2025-03-16 06:54:03 --> [DEPRECATED] Creation of dynamic property App\Controllers\Wilayah::$ModelSetting is deprecated in APPPATH\Controllers\Wilayah.php on line 17.
 1 SYSTEMPATH\CodeIgniter.php(903): App\Controllers\Wilayah->__construct()
 2 SYSTEMPATH\CodeIgniter.php(498): CodeIgniter\CodeIgniter->createController()
 3 SYSTEMPATH\CodeIgniter.php(354): CodeIgniter\CodeIgniter->handleRequest(null, Object(Config\Cache), false)
 4 SYSTEMPATH\Boot.php(334): CodeIgniter\CodeIgniter->run()
 5 SYSTEMPATH\Boot.php(67): CodeIgniter\Boot::runCodeIgniter(Object(CodeIgniter\CodeIgniter))
 6 FCPATH\index.php(56): CodeIgniter\Boot::bootWeb(Object(Config\Paths))
ERROR - 2025-03-16 06:54:03 --> mysqli_sql_exception: Unknown column 'id_wilayah7' in 'where clause' in C:\laragon\www\gis-sekolah-ci4\system\Database\MySQLi\Connection.php:327
Stack trace:
#0 C:\laragon\www\gis-sekolah-ci4\system\Database\MySQLi\Connection.php(327): mysqli->query('SELECT *\nFROM `...', 0)
#1 C:\laragon\www\gis-sekolah-ci4\system\Database\BaseConnection.php(738): CodeIgniter\Database\MySQLi\Connection->execute('SELECT *\nFROM `...')
#2 C:\laragon\www\gis-sekolah-ci4\system\Database\BaseConnection.php(652): CodeIgniter\Database\BaseConnection->simpleQuery('SELECT *\nFROM `...')
#3 C:\laragon\www\gis-sekolah-ci4\system\Database\BaseBuilder.php(1649): CodeIgniter\Database\BaseConnection->query('SELECT *\nFROM `...', Array, false)
#4 C:\laragon\www\gis-sekolah-ci4\app\Models\ModelWilayah.php(24): CodeIgniter\Database\BaseBuilder->get()
#5 C:\laragon\www\gis-sekolah-ci4\app\Controllers\Wilayah.php(87): App\Models\ModelWilayah->DetailData('7')
#6 C:\laragon\www\gis-sekolah-ci4\system\CodeIgniter.php(933): App\Controllers\Wilayah->Edit('7')
#7 C:\laragon\www\gis-sekolah-ci4\system\CodeIgniter.php(507): CodeIgniter\CodeIgniter->runController(Object(App\Controllers\Wilayah))
#8 C:\laragon\www\gis-sekolah-ci4\system\CodeIgniter.php(354): CodeIgniter\CodeIgniter->handleRequest(NULL, Object(Config\Cache), false)
#9 C:\laragon\www\gis-sekolah-ci4\system\Boot.php(334): CodeIgniter\CodeIgniter->run()
#10 C:\laragon\www\gis-sekolah-ci4\system\Boot.php(67): CodeIgniter\Boot::runCodeIgniter(Object(CodeIgniter\CodeIgniter))
#11 C:\laragon\www\gis-sekolah-ci4\public\index.php(56): CodeIgniter\Boot::bootWeb(Object(Config\Paths))
#12 {main}
ERROR - 2025-03-16 06:54:03 --> mysqli_sql_exception: Unknown column 'id_wilayah7' in 'where clause' in C:\laragon\www\gis-sekolah-ci4\system\Database\MySQLi\Connection.php:327
Stack trace:
#0 C:\laragon\www\gis-sekolah-ci4\system\Database\MySQLi\Connection.php(327): mysqli->query('SELECT *\nFROM `...', 0)
#1 C:\laragon\www\gis-sekolah-ci4\system\Database\BaseConnection.php(738): CodeIgniter\Database\MySQLi\Connection->execute('SELECT *\nFROM `...')
#2 C:\laragon\www\gis-sekolah-ci4\system\Database\BaseConnection.php(652): CodeIgniter\Database\BaseConnection->simpleQuery('SELECT *\nFROM `...')
#3 C:\laragon\www\gis-sekolah-ci4\system\Database\BaseBuilder.php(1649): CodeIgniter\Database\BaseConnection->query('SELECT *\nFROM `...', Array, false)
#4 C:\laragon\www\gis-sekolah-ci4\app\Models\ModelWilayah.php(24): CodeIgniter\Database\BaseBuilder->get()
#5 C:\laragon\www\gis-sekolah-ci4\app\Controllers\Wilayah.php(87): App\Models\ModelWilayah->DetailData('7')
#6 C:\laragon\www\gis-sekolah-ci4\system\CodeIgniter.php(933): App\Controllers\Wilayah->Edit('7')
#7 C:\laragon\www\gis-sekolah-ci4\system\CodeIgniter.php(507): CodeIgniter\CodeIgniter->runController(Object(App\Controllers\Wilayah))
#8 C:\laragon\www\gis-sekolah-ci4\system\CodeIgniter.php(354): CodeIgniter\CodeIgniter->handleRequest(NULL, Object(Config\Cache), false)
#9 C:\laragon\www\gis-sekolah-ci4\system\Boot.php(334): CodeIgniter\CodeIgniter->run()
#10 C:\laragon\www\gis-sekolah-ci4\system\Boot.php(67): CodeIgniter\Boot::runCodeIgniter(Object(CodeIgniter\CodeIgniter))
#11 C:\laragon\www\gis-sekolah-ci4\public\index.php(56): CodeIgniter\Boot::bootWeb(Object(Config\Paths))
#12 {main}
CRITICAL - 2025-03-16 06:54:03 --> CodeIgniter\Database\Exceptions\DatabaseException: Unknown column 'id_wilayah7' in 'where clause'
[Method: GET, Route: Wilayah/Edit/7]
in SYSTEMPATH\Database\BaseConnection.php on line 692.
 1 SYSTEMPATH\Database\BaseBuilder.php(1649): CodeIgniter\Database\BaseConnection->query('SELECT *
FROM `tbl_wilayah`
WHERE `id_wilayah7` IS NULL', [], false)
 2 APPPATH\Models\ModelWilayah.php(24): CodeIgniter\Database\BaseBuilder->get()
 3 APPPATH\Controllers\Wilayah.php(87): App\Models\ModelWilayah->DetailData('7')
 4 SYSTEMPATH\CodeIgniter.php(933): App\Controllers\Wilayah->Edit('7')
 5 SYSTEMPATH\CodeIgniter.php(507): CodeIgniter\CodeIgniter->runController(Object(App\Controllers\Wilayah))
 6 SYSTEMPATH\CodeIgniter.php(354): CodeIgniter\CodeIgniter->handleRequest(null, Object(Config\Cache), false)
 7 SYSTEMPATH\Boot.php(334): CodeIgniter\CodeIgniter->run()
 8 SYSTEMPATH\Boot.php(67): CodeIgniter\Boot::runCodeIgniter(Object(CodeIgniter\CodeIgniter))
 9 FCPATH\index.php(56): CodeIgniter\Boot::bootWeb(Object(Config\Paths))
CRITICAL - 2025-03-16 06:54:03 --> CodeIgniter\Database\Exceptions\DatabaseException: Unknown column 'id_wilayah7' in 'where clause'
[Method: GET, Route: Wilayah/Edit/7]
in SYSTEMPATH\Database\BaseConnection.php on line 692.
 1 SYSTEMPATH\Database\BaseBuilder.php(1649): CodeIgniter\Database\BaseConnection->query('SELECT *
FROM `tbl_wilayah`
WHERE `id_wilayah7` IS NULL', [], false)
 2 APPPATH\Models\ModelWilayah.php(24): CodeIgniter\Database\BaseBuilder->get()
 3 APPPATH\Controllers\Wilayah.php(87): App\Models\ModelWilayah->DetailData('7')
 4 SYSTEMPATH\CodeIgniter.php(933): App\Controllers\Wilayah->Edit('7')
 5 SYSTEMPATH\CodeIgniter.php(507): CodeIgniter\CodeIgniter->runController(Object(App\Controllers\Wilayah))
 6 SYSTEMPATH\CodeIgniter.php(354): CodeIgniter\CodeIgniter->handleRequest(null, Object(Config\Cache), false)
 7 SYSTEMPATH\Boot.php(334): CodeIgniter\CodeIgniter->run()
 8 SYSTEMPATH\Boot.php(67): CodeIgniter\Boot::runCodeIgniter(Object(CodeIgniter\CodeIgniter))
 9 FCPATH\index.php(56): CodeIgniter\Boot::bootWeb(Object(Config\Paths))
CRITICAL - 2025-03-16 06:54:03 --> [Caused by] CodeIgniter\Database\Exceptions\DatabaseException: Unknown column 'id_wilayah7' in 'where clause'
in SYSTEMPATH\Database\MySQLi\Connection.php on line 332.
 1 SYSTEMPATH\Database\BaseConnection.php(738): CodeIgniter\Database\MySQLi\Connection->execute('SELECT *
FROM `tbl_wilayah`
WHERE `id_wilayah7` IS NULL')
 2 SYSTEMPATH\Database\BaseConnection.php(652): CodeIgniter\Database\BaseConnection->simpleQuery('SELECT *
FROM `tbl_wilayah`
WHERE `id_wilayah7` IS NULL')
 3 SYSTEMPATH\Database\BaseBuilder.php(1649): CodeIgniter\Database\BaseConnection->query('SELECT *
FROM `tbl_wilayah`
WHERE `id_wilayah7` IS NULL', [], false)
 4 APPPATH\Models\ModelWilayah.php(24): CodeIgniter\Database\BaseBuilder->get()
 5 APPPATH\Controllers\Wilayah.php(87): App\Models\ModelWilayah->DetailData('7')
 6 SYSTEMPATH\CodeIgniter.php(933): App\Controllers\Wilayah->Edit('7')
 7 SYSTEMPATH\CodeIgniter.php(507): CodeIgniter\CodeIgniter->runController(Object(App\Controllers\Wilayah))
 8 SYSTEMPATH\CodeIgniter.php(354): CodeIgniter\CodeIgniter->handleRequest(null, Object(Config\Cache), false)
 9 SYSTEMPATH\Boot.php(334): CodeIgniter\CodeIgniter->run()
10 SYSTEMPATH\Boot.php(67): CodeIgniter\Boot::runCodeIgniter(Object(CodeIgniter\CodeIgniter))
11 FCPATH\index.php(56): CodeIgniter\Boot::bootWeb(Object(Config\Paths))
CRITICAL - 2025-03-16 06:54:03 --> [Caused by] CodeIgniter\Database\Exceptions\DatabaseException: Unknown column 'id_wilayah7' in 'where clause'
in SYSTEMPATH\Database\MySQLi\Connection.php on line 332.
 1 SYSTEMPATH\Database\BaseConnection.php(738): CodeIgniter\Database\MySQLi\Connection->execute('SELECT *
FROM `tbl_wilayah`
WHERE `id_wilayah7` IS NULL')
 2 SYSTEMPATH\Database\BaseConnection.php(652): CodeIgniter\Database\BaseConnection->simpleQuery('SELECT *
FROM `tbl_wilayah`
WHERE `id_wilayah7` IS NULL')
 3 SYSTEMPATH\Database\BaseBuilder.php(1649): CodeIgniter\Database\BaseConnection->query('SELECT *
FROM `tbl_wilayah`
WHERE `id_wilayah7` IS NULL', [], false)
 4 APPPATH\Models\ModelWilayah.php(24): CodeIgniter\Database\BaseBuilder->get()
 5 APPPATH\Controllers\Wilayah.php(87): App\Models\ModelWilayah->DetailData('7')
 6 SYSTEMPATH\CodeIgniter.php(933): App\Controllers\Wilayah->Edit('7')
 7 SYSTEMPATH\CodeIgniter.php(507): CodeIgniter\CodeIgniter->runController(Object(App\Controllers\Wilayah))
 8 SYSTEMPATH\CodeIgniter.php(354): CodeIgniter\CodeIgniter->handleRequest(null, Object(Config\Cache), false)
 9 SYSTEMPATH\Boot.php(334): CodeIgniter\CodeIgniter->run()
10 SYSTEMPATH\Boot.php(67): CodeIgniter\Boot::runCodeIgniter(Object(CodeIgniter\CodeIgniter))
11 FCPATH\index.php(56): CodeIgniter\Boot::bootWeb(Object(Config\Paths))
CRITICAL - 2025-03-16 06:54:03 --> [Caused by] mysqli_sql_exception: Unknown column 'id_wilayah7' in 'where clause'
in SYSTEMPATH\Database\MySQLi\Connection.php on line 327.
 1 SYSTEMPATH\Database\MySQLi\Connection.php(327): mysqli->query('SELECT *
FROM `tbl_wilayah`
WHERE `id_wilayah7` IS NULL', 0)
 2 SYSTEMPATH\Database\BaseConnection.php(738): CodeIgniter\Database\MySQLi\Connection->execute('SELECT *
FROM `tbl_wilayah`
WHERE `id_wilayah7` IS NULL')
 3 SYSTEMPATH\Database\BaseConnection.php(652): CodeIgniter\Database\BaseConnection->simpleQuery('SELECT *
FROM `tbl_wilayah`
WHERE `id_wilayah7` IS NULL')
 4 SYSTEMPATH\Database\BaseBuilder.php(1649): CodeIgniter\Database\BaseConnection->query('SELECT *
FROM `tbl_wilayah`
WHERE `id_wilayah7` IS NULL', [], false)
 5 APPPATH\Models\ModelWilayah.php(24): CodeIgniter\Database\BaseBuilder->get()
 6 APPPATH\Controllers\Wilayah.php(87): App\Models\ModelWilayah->DetailData('7')
 7 SYSTEMPATH\CodeIgniter.php(933): App\Controllers\Wilayah->Edit('7')
 8 SYSTEMPATH\CodeIgniter.php(507): CodeIgniter\CodeIgniter->runController(Object(App\Controllers\Wilayah))
 9 SYSTEMPATH\CodeIgniter.php(354): CodeIgniter\CodeIgniter->handleRequest(null, Object(Config\Cache), false)
10 SYSTEMPATH\Boot.php(334): CodeIgniter\CodeIgniter->run()
11 SYSTEMPATH\Boot.php(67): CodeIgniter\Boot::runCodeIgniter(Object(CodeIgniter\CodeIgniter))
12 FCPATH\index.php(56): CodeIgniter\Boot::bootWeb(Object(Config\Paths))
CRITICAL - 2025-03-16 06:54:03 --> [Caused by] mysqli_sql_exception: Unknown column 'id_wilayah7' in 'where clause'
in SYSTEMPATH\Database\MySQLi\Connection.php on line 327.
 1 SYSTEMPATH\Database\MySQLi\Connection.php(327): mysqli->query('SELECT *
FROM `tbl_wilayah`
WHERE `id_wilayah7` IS NULL', 0)
 2 SYSTEMPATH\Database\BaseConnection.php(738): CodeIgniter\Database\MySQLi\Connection->execute('SELECT *
FROM `tbl_wilayah`
WHERE `id_wilayah7` IS NULL')
 3 SYSTEMPATH\Database\BaseConnection.php(652): CodeIgniter\Database\BaseConnection->simpleQuery('SELECT *
FROM `tbl_wilayah`
WHERE `id_wilayah7` IS NULL')
 4 SYSTEMPATH\Database\BaseBuilder.php(1649): CodeIgniter\Database\BaseConnection->query('SELECT *
FROM `tbl_wilayah`
WHERE `id_wilayah7` IS NULL', [], false)
 5 APPPATH\Models\ModelWilayah.php(24): CodeIgniter\Database\BaseBuilder->get()
 6 APPPATH\Controllers\Wilayah.php(87): App\Models\ModelWilayah->DetailData('7')
 7 SYSTEMPATH\CodeIgniter.php(933): App\Controllers\Wilayah->Edit('7')
 8 SYSTEMPATH\CodeIgniter.php(507): CodeIgniter\CodeIgniter->runController(Object(App\Controllers\Wilayah))
 9 SYSTEMPATH\CodeIgniter.php(354): CodeIgniter\CodeIgniter->handleRequest(null, Object(Config\Cache), false)
10 SYSTEMPATH\Boot.php(334): CodeIgniter\CodeIgniter->run()
11 SYSTEMPATH\Boot.php(67): CodeIgniter\Boot::runCodeIgniter(Object(CodeIgniter\CodeIgniter))
12 FCPATH\index.php(56): CodeIgniter\Boot::bootWeb(Object(Config\Paths))
WARNING - 2025-03-16 06:54:37 --> [DEPRECATED] Creation of dynamic property App\Controllers\Wilayah::$ModelWilayah is deprecated in APPPATH\Controllers\Wilayah.php on line 16.
 1 SYSTEMPATH\CodeIgniter.php(903): App\Controllers\Wilayah->__construct()
 2 SYSTEMPATH\CodeIgniter.php(498): CodeIgniter\CodeIgniter->createController()
 3 SYSTEMPATH\CodeIgniter.php(354): CodeIgniter\CodeIgniter->handleRequest(null, Object(Config\Cache), false)
 4 SYSTEMPATH\Boot.php(334): CodeIgniter\CodeIgniter->run()
 5 SYSTEMPATH\Boot.php(67): CodeIgniter\Boot::runCodeIgniter(Object(CodeIgniter\CodeIgniter))
 6 FCPATH\index.php(56): CodeIgniter\Boot::bootWeb(Object(Config\Paths))
WARNING - 2025-03-16 06:54:37 --> [DEPRECATED] Creation of dynamic property App\Controllers\Wilayah::$ModelSetting is deprecated in APPPATH\Controllers\Wilayah.php on line 17.
 1 SYSTEMPATH\CodeIgniter.php(903): App\Controllers\Wilayah->__construct()
 2 SYSTEMPATH\CodeIgniter.php(498): CodeIgniter\CodeIgniter->createController()
 3 SYSTEMPATH\CodeIgniter.php(354): CodeIgniter\CodeIgniter->handleRequest(null, Object(Config\Cache), false)
 4 SYSTEMPATH\Boot.php(334): CodeIgniter\CodeIgniter->run()
 5 SYSTEMPATH\Boot.php(67): CodeIgniter\Boot::runCodeIgniter(Object(CodeIgniter\CodeIgniter))
 6 FCPATH\index.php(56): CodeIgniter\Boot::bootWeb(Object(Config\Paths))
DEBUG - 2025-03-16 06:54:37 --> Session: Class initialized using 'CodeIgniter\Session\Handlers\FileHandler' driver.
WARNING - 2025-03-16 06:55:59 --> [DEPRECATED] Creation of dynamic property App\Controllers\Admin::$ModelSetting is deprecated in APPPATH\Controllers\Admin.php on line 11.
 1 SYSTEMPATH\CodeIgniter.php(903): App\Controllers\Admin->__construct()
 2 SYSTEMPATH\CodeIgniter.php(498): CodeIgniter\CodeIgniter->createController()
 3 SYSTEMPATH\CodeIgniter.php(354): CodeIgniter\CodeIgniter->handleRequest(null, Object(Config\Cache), false)
 4 SYSTEMPATH\Boot.php(334): CodeIgniter\CodeIgniter->run()
 5 SYSTEMPATH\Boot.php(67): CodeIgniter\Boot::runCodeIgniter(Object(CodeIgniter\CodeIgniter))
 6 FCPATH\index.php(56): CodeIgniter\Boot::bootWeb(Object(Config\Paths))
DEBUG - 2025-03-16 06:55:59 --> Session: Class initialized using 'CodeIgniter\Session\Handlers\FileHandler' driver.
WARNING - 2025-03-16 06:56:04 --> [DEPRECATED] Creation of dynamic property App\Controllers\Wilayah::$ModelWilayah is deprecated in APPPATH\Controllers\Wilayah.php on line 16.
 1 SYSTEMPATH\CodeIgniter.php(903): App\Controllers\Wilayah->__construct()
 2 SYSTEMPATH\CodeIgniter.php(498): CodeIgniter\CodeIgniter->createController()
 3 SYSTEMPATH\CodeIgniter.php(354): CodeIgniter\CodeIgniter->handleRequest(null, Object(Config\Cache), false)
 4 SYSTEMPATH\Boot.php(334): CodeIgniter\CodeIgniter->run()
 5 SYSTEMPATH\Boot.php(67): CodeIgniter\Boot::runCodeIgniter(Object(CodeIgniter\CodeIgniter))
 6 FCPATH\index.php(56): CodeIgniter\Boot::bootWeb(Object(Config\Paths))
WARNING - 2025-03-16 06:56:04 --> [DEPRECATED] Creation of dynamic property App\Controllers\Wilayah::$ModelSetting is deprecated in APPPATH\Controllers\Wilayah.php on line 17.
 1 SYSTEMPATH\CodeIgniter.php(903): App\Controllers\Wilayah->__construct()
 2 SYSTEMPATH\CodeIgniter.php(498): CodeIgniter\CodeIgniter->createController()
 3 SYSTEMPATH\CodeIgniter.php(354): CodeIgniter\CodeIgniter->handleRequest(null, Object(Config\Cache), false)
 4 SYSTEMPATH\Boot.php(334): CodeIgniter\CodeIgniter->run()
 5 SYSTEMPATH\Boot.php(67): CodeIgniter\Boot::runCodeIgniter(Object(CodeIgniter\CodeIgniter))
 6 FCPATH\index.php(56): CodeIgniter\Boot::bootWeb(Object(Config\Paths))
DEBUG - 2025-03-16 06:56:04 --> Session: Class initialized using 'CodeIgniter\Session\Handlers\FileHandler' driver.
WARNING - 2025-03-16 06:56:09 --> [DEPRECATED] Creation of dynamic property App\Controllers\Wilayah::$ModelWilayah is deprecated in APPPATH\Controllers\Wilayah.php on line 16.
 1 SYSTEMPATH\CodeIgniter.php(903): App\Controllers\Wilayah->__construct()
 2 SYSTEMPATH\CodeIgniter.php(498): CodeIgniter\CodeIgniter->createController()
 3 SYSTEMPATH\CodeIgniter.php(354): CodeIgniter\CodeIgniter->handleRequest(null, Object(Config\Cache), false)
 4 SYSTEMPATH\Boot.php(334): CodeIgniter\CodeIgniter->run()
 5 SYSTEMPATH\Boot.php(67): CodeIgniter\Boot::runCodeIgniter(Object(CodeIgniter\CodeIgniter))
 6 FCPATH\index.php(56): CodeIgniter\Boot::bootWeb(Object(Config\Paths))
WARNING - 2025-03-16 06:56:09 --> [DEPRECATED] Creation of dynamic property App\Controllers\Wilayah::$ModelSetting is deprecated in APPPATH\Controllers\Wilayah.php on line 17.
 1 SYSTEMPATH\CodeIgniter.php(903): App\Controllers\Wilayah->__construct()
 2 SYSTEMPATH\CodeIgniter.php(498): CodeIgniter\CodeIgniter->createController()
 3 SYSTEMPATH\CodeIgniter.php(354): CodeIgniter\CodeIgniter->handleRequest(null, Object(Config\Cache), false)
 4 SYSTEMPATH\Boot.php(334): CodeIgniter\CodeIgniter->run()
 5 SYSTEMPATH\Boot.php(67): CodeIgniter\Boot::runCodeIgniter(Object(CodeIgniter\CodeIgniter))
 6 FCPATH\index.php(56): CodeIgniter\Boot::bootWeb(Object(Config\Paths))
DEBUG - 2025-03-16 06:56:10 --> Session: Class initialized using 'CodeIgniter\Session\Handlers\FileHandler' driver.
WARNING - 2025-03-16 06:56:19 --> [DEPRECATED] Creation of dynamic property App\Controllers\Admin::$ModelSetting is deprecated in APPPATH\Controllers\Admin.php on line 11.
 1 SYSTEMPATH\CodeIgniter.php(903): App\Controllers\Admin->__construct()
 2 SYSTEMPATH\CodeIgniter.php(498): CodeIgniter\CodeIgniter->createController()
 3 SYSTEMPATH\CodeIgniter.php(354): CodeIgniter\CodeIgniter->handleRequest(null, Object(Config\Cache), false)
 4 SYSTEMPATH\Boot.php(334): CodeIgniter\CodeIgniter->run()
 5 SYSTEMPATH\Boot.php(67): CodeIgniter\Boot::runCodeIgniter(Object(CodeIgniter\CodeIgniter))
 6 FCPATH\index.php(56): CodeIgniter\Boot::bootWeb(Object(Config\Paths))
DEBUG - 2025-03-16 06:56:19 --> Session: Class initialized using 'CodeIgniter\Session\Handlers\FileHandler' driver.
WARNING - 2025-03-16 06:56:19 --> [DEPRECATED] Creation of dynamic property App\Controllers\Admin::$ModelSetting is deprecated in APPPATH\Controllers\Admin.php on line 11.
 1 SYSTEMPATH\CodeIgniter.php(903): App\Controllers\Admin->__construct()
 2 SYSTEMPATH\CodeIgniter.php(498): CodeIgniter\CodeIgniter->createController()
 3 SYSTEMPATH\CodeIgniter.php(354): CodeIgniter\CodeIgniter->handleRequest(null, Object(Config\Cache), false)
 4 SYSTEMPATH\Boot.php(334): CodeIgniter\CodeIgniter->run()
 5 SYSTEMPATH\Boot.php(67): CodeIgniter\Boot::runCodeIgniter(Object(CodeIgniter\CodeIgniter))
 6 FCPATH\index.php(56): CodeIgniter\Boot::bootWeb(Object(Config\Paths))
DEBUG - 2025-03-16 06:56:19 --> Session: Class initialized using 'CodeIgniter\Session\Handlers\FileHandler' driver.
WARNING - 2025-03-16 06:57:28 --> [DEPRECATED] Creation of dynamic property App\Controllers\Wilayah::$ModelWilayah is deprecated in APPPATH\Controllers\Wilayah.php on line 16.
 1 SYSTEMPATH\CodeIgniter.php(903): App\Controllers\Wilayah->__construct()
 2 SYSTEMPATH\CodeIgniter.php(498): CodeIgniter\CodeIgniter->createController()
 3 SYSTEMPATH\CodeIgniter.php(354): CodeIgniter\CodeIgniter->handleRequest(null, Object(Config\Cache), false)
 4 SYSTEMPATH\Boot.php(334): CodeIgniter\CodeIgniter->run()
 5 SYSTEMPATH\Boot.php(67): CodeIgniter\Boot::runCodeIgniter(Object(CodeIgniter\CodeIgniter))
 6 FCPATH\index.php(56): CodeIgniter\Boot::bootWeb(Object(Config\Paths))
WARNING - 2025-03-16 06:57:28 --> [DEPRECATED] Creation of dynamic property App\Controllers\Wilayah::$ModelSetting is deprecated in APPPATH\Controllers\Wilayah.php on line 17.
 1 SYSTEMPATH\CodeIgniter.php(903): App\Controllers\Wilayah->__construct()
 2 SYSTEMPATH\CodeIgniter.php(498): CodeIgniter\CodeIgniter->createController()
 3 SYSTEMPATH\CodeIgniter.php(354): CodeIgniter\CodeIgniter->handleRequest(null, Object(Config\Cache), false)
 4 SYSTEMPATH\Boot.php(334): CodeIgniter\CodeIgniter->run()
 5 SYSTEMPATH\Boot.php(67): CodeIgniter\Boot::runCodeIgniter(Object(CodeIgniter\CodeIgniter))
 6 FCPATH\index.php(56): CodeIgniter\Boot::bootWeb(Object(Config\Paths))
DEBUG - 2025-03-16 06:57:28 --> Session: Class initialized using 'CodeIgniter\Session\Handlers\FileHandler' driver.
WARNING - 2025-03-16 06:57:32 --> [DEPRECATED] Creation of dynamic property App\Controllers\Admin::$ModelSetting is deprecated in APPPATH\Controllers\Admin.php on line 11.
 1 SYSTEMPATH\CodeIgniter.php(903): App\Controllers\Admin->__construct()
 2 SYSTEMPATH\CodeIgniter.php(498): CodeIgniter\CodeIgniter->createController()
 3 SYSTEMPATH\CodeIgniter.php(354): CodeIgniter\CodeIgniter->handleRequest(null, Object(Config\Cache), false)
 4 SYSTEMPATH\Boot.php(334): CodeIgniter\CodeIgniter->run()
 5 SYSTEMPATH\Boot.php(67): CodeIgniter\Boot::runCodeIgniter(Object(CodeIgniter\CodeIgniter))
 6 FCPATH\index.php(56): CodeIgniter\Boot::bootWeb(Object(Config\Paths))
DEBUG - 2025-03-16 06:57:33 --> Session: Class initialized using 'CodeIgniter\Session\Handlers\FileHandler' driver.
WARNING - 2025-03-16 06:58:57 --> [DEPRECATED] Creation of dynamic property App\Controllers\Admin::$ModelSetting is deprecated in APPPATH\Controllers\Admin.php on line 11.
 1 SYSTEMPATH\CodeIgniter.php(903): App\Controllers\Admin->__construct()
 2 SYSTEMPATH\CodeIgniter.php(498): CodeIgniter\CodeIgniter->createController()
 3 SYSTEMPATH\CodeIgniter.php(354): CodeIgniter\CodeIgniter->handleRequest(null, Object(Config\Cache), false)
 4 SYSTEMPATH\Boot.php(334): CodeIgniter\CodeIgniter->run()
 5 SYSTEMPATH\Boot.php(67): CodeIgniter\Boot::runCodeIgniter(Object(CodeIgniter\CodeIgniter))
 6 FCPATH\index.php(56): CodeIgniter\Boot::bootWeb(Object(Config\Paths))
DEBUG - 2025-03-16 06:58:57 --> Session: Class initialized using 'CodeIgniter\Session\Handlers\FileHandler' driver.
WARNING - 2025-03-16 07:05:49 --> [DEPRECATED] Creation of dynamic property App\Controllers\Wilayah::$ModelWilayah is deprecated in APPPATH\Controllers\Wilayah.php on line 16.
 1 SYSTEMPATH\CodeIgniter.php(903): App\Controllers\Wilayah->__construct()
 2 SYSTEMPATH\CodeIgniter.php(498): CodeIgniter\CodeIgniter->createController()
 3 SYSTEMPATH\CodeIgniter.php(354): CodeIgniter\CodeIgniter->handleRequest(null, Object(Config\Cache), false)
 4 SYSTEMPATH\Boot.php(334): CodeIgniter\CodeIgniter->run()
 5 SYSTEMPATH\Boot.php(67): CodeIgniter\Boot::runCodeIgniter(Object(CodeIgniter\CodeIgniter))
 6 FCPATH\index.php(56): CodeIgniter\Boot::bootWeb(Object(Config\Paths))
WARNING - 2025-03-16 07:05:49 --> [DEPRECATED] Creation of dynamic property App\Controllers\Wilayah::$ModelSetting is deprecated in APPPATH\Controllers\Wilayah.php on line 17.
 1 SYSTEMPATH\CodeIgniter.php(903): App\Controllers\Wilayah->__construct()
 2 SYSTEMPATH\CodeIgniter.php(498): CodeIgniter\CodeIgniter->createController()
 3 SYSTEMPATH\CodeIgniter.php(354): CodeIgniter\CodeIgniter->handleRequest(null, Object(Config\Cache), false)
 4 SYSTEMPATH\Boot.php(334): CodeIgniter\CodeIgniter->run()
 5 SYSTEMPATH\Boot.php(67): CodeIgniter\Boot::runCodeIgniter(Object(CodeIgniter\CodeIgniter))
 6 FCPATH\index.php(56): CodeIgniter\Boot::bootWeb(Object(Config\Paths))
DEBUG - 2025-03-16 07:05:49 --> Session: Class initialized using 'CodeIgniter\Session\Handlers\FileHandler' driver.
WARNING - 2025-03-16 07:05:54 --> [DEPRECATED] Creation of dynamic property App\Controllers\Wilayah::$ModelWilayah is deprecated in APPPATH\Controllers\Wilayah.php on line 16.
 1 SYSTEMPATH\CodeIgniter.php(903): App\Controllers\Wilayah->__construct()
 2 SYSTEMPATH\CodeIgniter.php(498): CodeIgniter\CodeIgniter->createController()
 3 SYSTEMPATH\CodeIgniter.php(354): CodeIgniter\CodeIgniter->handleRequest(null, Object(Config\Cache), false)
 4 SYSTEMPATH\Boot.php(334): CodeIgniter\CodeIgniter->run()
 5 SYSTEMPATH\Boot.php(67): CodeIgniter\Boot::runCodeIgniter(Object(CodeIgniter\CodeIgniter))
 6 FCPATH\index.php(56): CodeIgniter\Boot::bootWeb(Object(Config\Paths))
WARNING - 2025-03-16 07:05:54 --> [DEPRECATED] Creation of dynamic property App\Controllers\Wilayah::$ModelSetting is deprecated in APPPATH\Controllers\Wilayah.php on line 17.
 1 SYSTEMPATH\CodeIgniter.php(903): App\Controllers\Wilayah->__construct()
 2 SYSTEMPATH\CodeIgniter.php(498): CodeIgniter\CodeIgniter->createController()
 3 SYSTEMPATH\CodeIgniter.php(354): CodeIgniter\CodeIgniter->handleRequest(null, Object(Config\Cache), false)
 4 SYSTEMPATH\Boot.php(334): CodeIgniter\CodeIgniter->run()
 5 SYSTEMPATH\Boot.php(67): CodeIgniter\Boot::runCodeIgniter(Object(CodeIgniter\CodeIgniter))
 6 FCPATH\index.php(56): CodeIgniter\Boot::bootWeb(Object(Config\Paths))
DEBUG - 2025-03-16 07:05:54 --> Session: Class initialized using 'CodeIgniter\Session\Handlers\FileHandler' driver.
WARNING - 2025-03-16 07:06:28 --> [DEPRECATED] Creation of dynamic property App\Controllers\Wilayah::$ModelWilayah is deprecated in APPPATH\Controllers\Wilayah.php on line 16.
 1 SYSTEMPATH\CodeIgniter.php(903): App\Controllers\Wilayah->__construct()
 2 SYSTEMPATH\CodeIgniter.php(498): CodeIgniter\CodeIgniter->createController()
 3 SYSTEMPATH\CodeIgniter.php(354): CodeIgniter\CodeIgniter->handleRequest(null, Object(Config\Cache), false)
 4 SYSTEMPATH\Boot.php(334): CodeIgniter\CodeIgniter->run()
 5 SYSTEMPATH\Boot.php(67): CodeIgniter\Boot::runCodeIgniter(Object(CodeIgniter\CodeIgniter))
 6 FCPATH\index.php(56): CodeIgniter\Boot::bootWeb(Object(Config\Paths))
WARNING - 2025-03-16 07:06:28 --> [DEPRECATED] Creation of dynamic property App\Controllers\Wilayah::$ModelSetting is deprecated in APPPATH\Controllers\Wilayah.php on line 17.
 1 SYSTEMPATH\CodeIgniter.php(903): App\Controllers\Wilayah->__construct()
 2 SYSTEMPATH\CodeIgniter.php(498): CodeIgniter\CodeIgniter->createController()
 3 SYSTEMPATH\CodeIgniter.php(354): CodeIgniter\CodeIgniter->handleRequest(null, Object(Config\Cache), false)
 4 SYSTEMPATH\Boot.php(334): CodeIgniter\CodeIgniter->run()
 5 SYSTEMPATH\Boot.php(67): CodeIgniter\Boot::runCodeIgniter(Object(CodeIgniter\CodeIgniter))
 6 FCPATH\index.php(56): CodeIgniter\Boot::bootWeb(Object(Config\Paths))
DEBUG - 2025-03-16 07:06:28 --> Session: Class initialized using 'CodeIgniter\Session\Handlers\FileHandler' driver.
WARNING - 2025-03-16 07:06:38 --> [DEPRECATED] Creation of dynamic property App\Controllers\Wilayah::$ModelWilayah is deprecated in APPPATH\Controllers\Wilayah.php on line 16.
 1 SYSTEMPATH\CodeIgniter.php(903): App\Controllers\Wilayah->__construct()
 2 SYSTEMPATH\CodeIgniter.php(498): CodeIgniter\CodeIgniter->createController()
 3 SYSTEMPATH\CodeIgniter.php(354): CodeIgniter\CodeIgniter->handleRequest(null, Object(Config\Cache), false)
 4 SYSTEMPATH\Boot.php(334): CodeIgniter\CodeIgniter->run()
 5 SYSTEMPATH\Boot.php(67): CodeIgniter\Boot::runCodeIgniter(Object(CodeIgniter\CodeIgniter))
 6 FCPATH\index.php(56): CodeIgniter\Boot::bootWeb(Object(Config\Paths))
WARNING - 2025-03-16 07:06:38 --> [DEPRECATED] Creation of dynamic property App\Controllers\Wilayah::$ModelSetting is deprecated in APPPATH\Controllers\Wilayah.php on line 17.
 1 SYSTEMPATH\CodeIgniter.php(903): App\Controllers\Wilayah->__construct()
 2 SYSTEMPATH\CodeIgniter.php(498): CodeIgniter\CodeIgniter->createController()
 3 SYSTEMPATH\CodeIgniter.php(354): CodeIgniter\CodeIgniter->handleRequest(null, Object(Config\Cache), false)
 4 SYSTEMPATH\Boot.php(334): CodeIgniter\CodeIgniter->run()
 5 SYSTEMPATH\Boot.php(67): CodeIgniter\Boot::runCodeIgniter(Object(CodeIgniter\CodeIgniter))
 6 FCPATH\index.php(56): CodeIgniter\Boot::bootWeb(Object(Config\Paths))
DEBUG - 2025-03-16 07:06:38 --> Session: Class initialized using 'CodeIgniter\Session\Handlers\FileHandler' driver.
WARNING - 2025-03-16 07:07:23 --> [DEPRECATED] Creation of dynamic property App\Controllers\Wilayah::$ModelWilayah is deprecated in APPPATH\Controllers\Wilayah.php on line 16.
 1 SYSTEMPATH\CodeIgniter.php(903): App\Controllers\Wilayah->__construct()
 2 SYSTEMPATH\CodeIgniter.php(498): CodeIgniter\CodeIgniter->createController()
 3 SYSTEMPATH\CodeIgniter.php(354): CodeIgniter\CodeIgniter->handleRequest(null, Object(Config\Cache), false)
 4 SYSTEMPATH\Boot.php(334): CodeIgniter\CodeIgniter->run()
 5 SYSTEMPATH\Boot.php(67): CodeIgniter\Boot::runCodeIgniter(Object(CodeIgniter\CodeIgniter))
 6 FCPATH\index.php(56): CodeIgniter\Boot::bootWeb(Object(Config\Paths))
WARNING - 2025-03-16 07:07:23 --> [DEPRECATED] Creation of dynamic property App\Controllers\Wilayah::$ModelSetting is deprecated in APPPATH\Controllers\Wilayah.php on line 17.
 1 SYSTEMPATH\CodeIgniter.php(903): App\Controllers\Wilayah->__construct()
 2 SYSTEMPATH\CodeIgniter.php(498): CodeIgniter\CodeIgniter->createController()
 3 SYSTEMPATH\CodeIgniter.php(354): CodeIgniter\CodeIgniter->handleRequest(null, Object(Config\Cache), false)
 4 SYSTEMPATH\Boot.php(334): CodeIgniter\CodeIgniter->run()
 5 SYSTEMPATH\Boot.php(67): CodeIgniter\Boot::runCodeIgniter(Object(CodeIgniter\CodeIgniter))
 6 FCPATH\index.php(56): CodeIgniter\Boot::bootWeb(Object(Config\Paths))
DEBUG - 2025-03-16 07:07:24 --> Session: Class initialized using 'CodeIgniter\Session\Handlers\FileHandler' driver.
WARNING - 2025-03-16 07:07:24 --> [DEPRECATED] Creation of dynamic property App\Controllers\Wilayah::$ModelWilayah is deprecated in APPPATH\Controllers\Wilayah.php on line 16.
 1 SYSTEMPATH\CodeIgniter.php(903): App\Controllers\Wilayah->__construct()
 2 SYSTEMPATH\CodeIgniter.php(498): CodeIgniter\CodeIgniter->createController()
 3 SYSTEMPATH\CodeIgniter.php(354): CodeIgniter\CodeIgniter->handleRequest(null, Object(Config\Cache), false)
 4 SYSTEMPATH\Boot.php(334): CodeIgniter\CodeIgniter->run()
 5 SYSTEMPATH\Boot.php(67): CodeIgniter\Boot::runCodeIgniter(Object(CodeIgniter\CodeIgniter))
 6 FCPATH\index.php(56): CodeIgniter\Boot::bootWeb(Object(Config\Paths))
WARNING - 2025-03-16 07:07:24 --> [DEPRECATED] Creation of dynamic property App\Controllers\Wilayah::$ModelSetting is deprecated in APPPATH\Controllers\Wilayah.php on line 17.
 1 SYSTEMPATH\CodeIgniter.php(903): App\Controllers\Wilayah->__construct()
 2 SYSTEMPATH\CodeIgniter.php(498): CodeIgniter\CodeIgniter->createController()
 3 SYSTEMPATH\CodeIgniter.php(354): CodeIgniter\CodeIgniter->handleRequest(null, Object(Config\Cache), false)
 4 SYSTEMPATH\Boot.php(334): CodeIgniter\CodeIgniter->run()
 5 SYSTEMPATH\Boot.php(67): CodeIgniter\Boot::runCodeIgniter(Object(CodeIgniter\CodeIgniter))
 6 FCPATH\index.php(56): CodeIgniter\Boot::bootWeb(Object(Config\Paths))
DEBUG - 2025-03-16 07:07:24 --> Session: Class initialized using 'CodeIgniter\Session\Handlers\FileHandler' driver.
WARNING - 2025-03-16 07:08:18 --> [DEPRECATED] Creation of dynamic property App\Controllers\Wilayah::$ModelWilayah is deprecated in APPPATH\Controllers\Wilayah.php on line 16.
 1 SYSTEMPATH\CodeIgniter.php(903): App\Controllers\Wilayah->__construct()
 2 SYSTEMPATH\CodeIgniter.php(498): CodeIgniter\CodeIgniter->createController()
 3 SYSTEMPATH\CodeIgniter.php(354): CodeIgniter\CodeIgniter->handleRequest(null, Object(Config\Cache), false)
 4 SYSTEMPATH\Boot.php(334): CodeIgniter\CodeIgniter->run()
 5 SYSTEMPATH\Boot.php(67): CodeIgniter\Boot::runCodeIgniter(Object(CodeIgniter\CodeIgniter))
 6 FCPATH\index.php(56): CodeIgniter\Boot::bootWeb(Object(Config\Paths))
WARNING - 2025-03-16 07:08:18 --> [DEPRECATED] Creation of dynamic property App\Controllers\Wilayah::$ModelSetting is deprecated in APPPATH\Controllers\Wilayah.php on line 17.
 1 SYSTEMPATH\CodeIgniter.php(903): App\Controllers\Wilayah->__construct()
 2 SYSTEMPATH\CodeIgniter.php(498): CodeIgniter\CodeIgniter->createController()
 3 SYSTEMPATH\CodeIgniter.php(354): CodeIgniter\CodeIgniter->handleRequest(null, Object(Config\Cache), false)
 4 SYSTEMPATH\Boot.php(334): CodeIgniter\CodeIgniter->run()
 5 SYSTEMPATH\Boot.php(67): CodeIgniter\Boot::runCodeIgniter(Object(CodeIgniter\CodeIgniter))
 6 FCPATH\index.php(56): CodeIgniter\Boot::bootWeb(Object(Config\Paths))
ERROR - 2025-03-16 07:08:18 --> mysqli_sql_exception: Unknown column 'id_wilayah11' in 'where clause' in C:\laragon\www\gis-sekolah-ci4\system\Database\MySQLi\Connection.php:327
Stack trace:
#0 C:\laragon\www\gis-sekolah-ci4\system\Database\MySQLi\Connection.php(327): mysqli->query('SELECT *\nFROM `...', 0)
#1 C:\laragon\www\gis-sekolah-ci4\system\Database\BaseConnection.php(738): CodeIgniter\Database\MySQLi\Connection->execute('SELECT *\nFROM `...')
#2 C:\laragon\www\gis-sekolah-ci4\system\Database\BaseConnection.php(652): CodeIgniter\Database\BaseConnection->simpleQuery('SELECT *\nFROM `...')
#3 C:\laragon\www\gis-sekolah-ci4\system\Database\BaseBuilder.php(1649): CodeIgniter\Database\BaseConnection->query('SELECT *\nFROM `...', Array, false)
#4 C:\laragon\www\gis-sekolah-ci4\app\Models\ModelWilayah.php(24): CodeIgniter\Database\BaseBuilder->get()
#5 C:\laragon\www\gis-sekolah-ci4\app\Controllers\Wilayah.php(87): App\Models\ModelWilayah->DetailData('11')
#6 C:\laragon\www\gis-sekolah-ci4\system\CodeIgniter.php(933): App\Controllers\Wilayah->Edit('11')
#7 C:\laragon\www\gis-sekolah-ci4\system\CodeIgniter.php(507): CodeIgniter\CodeIgniter->runController(Object(App\Controllers\Wilayah))
#8 C:\laragon\www\gis-sekolah-ci4\system\CodeIgniter.php(354): CodeIgniter\CodeIgniter->handleRequest(NULL, Object(Config\Cache), false)
#9 C:\laragon\www\gis-sekolah-ci4\system\Boot.php(334): CodeIgniter\CodeIgniter->run()
#10 C:\laragon\www\gis-sekolah-ci4\system\Boot.php(67): CodeIgniter\Boot::runCodeIgniter(Object(CodeIgniter\CodeIgniter))
#11 C:\laragon\www\gis-sekolah-ci4\public\index.php(56): CodeIgniter\Boot::bootWeb(Object(Config\Paths))
#12 {main}
CRITICAL - 2025-03-16 07:08:18 --> CodeIgniter\Database\Exceptions\DatabaseException: Unknown column 'id_wilayah11' in 'where clause'
[Method: GET, Route: Wilayah/Edit/11]
in SYSTEMPATH\Database\BaseConnection.php on line 692.
 1 SYSTEMPATH\Database\BaseBuilder.php(1649): CodeIgniter\Database\BaseConnection->query('SELECT *
FROM `tbl_wilayah`
WHERE `id_wilayah11` IS NULL', [], false)
 2 APPPATH\Models\ModelWilayah.php(24): CodeIgniter\Database\BaseBuilder->get()
 3 APPPATH\Controllers\Wilayah.php(87): App\Models\ModelWilayah->DetailData('11')
 4 SYSTEMPATH\CodeIgniter.php(933): App\Controllers\Wilayah->Edit('11')
 5 SYSTEMPATH\CodeIgniter.php(507): CodeIgniter\CodeIgniter->runController(Object(App\Controllers\Wilayah))
 6 SYSTEMPATH\CodeIgniter.php(354): CodeIgniter\CodeIgniter->handleRequest(null, Object(Config\Cache), false)
 7 SYSTEMPATH\Boot.php(334): CodeIgniter\CodeIgniter->run()
 8 SYSTEMPATH\Boot.php(67): CodeIgniter\Boot::runCodeIgniter(Object(CodeIgniter\CodeIgniter))
 9 FCPATH\index.php(56): CodeIgniter\Boot::bootWeb(Object(Config\Paths))
CRITICAL - 2025-03-16 07:08:18 --> [Caused by] CodeIgniter\Database\Exceptions\DatabaseException: Unknown column 'id_wilayah11' in 'where clause'
in SYSTEMPATH\Database\MySQLi\Connection.php on line 332.
 1 SYSTEMPATH\Database\BaseConnection.php(738): CodeIgniter\Database\MySQLi\Connection->execute('SELECT *
FROM `tbl_wilayah`
WHERE `id_wilayah11` IS NULL')
 2 SYSTEMPATH\Database\BaseConnection.php(652): CodeIgniter\Database\BaseConnection->simpleQuery('SELECT *
FROM `tbl_wilayah`
WHERE `id_wilayah11` IS NULL')
 3 SYSTEMPATH\Database\BaseBuilder.php(1649): CodeIgniter\Database\BaseConnection->query('SELECT *
FROM `tbl_wilayah`
WHERE `id_wilayah11` IS NULL', [], false)
 4 APPPATH\Models\ModelWilayah.php(24): CodeIgniter\Database\BaseBuilder->get()
 5 APPPATH\Controllers\Wilayah.php(87): App\Models\ModelWilayah->DetailData('11')
 6 SYSTEMPATH\CodeIgniter.php(933): App\Controllers\Wilayah->Edit('11')
 7 SYSTEMPATH\CodeIgniter.php(507): CodeIgniter\CodeIgniter->runController(Object(App\Controllers\Wilayah))
 8 SYSTEMPATH\CodeIgniter.php(354): CodeIgniter\CodeIgniter->handleRequest(null, Object(Config\Cache), false)
 9 SYSTEMPATH\Boot.php(334): CodeIgniter\CodeIgniter->run()
10 SYSTEMPATH\Boot.php(67): CodeIgniter\Boot::runCodeIgniter(Object(CodeIgniter\CodeIgniter))
11 FCPATH\index.php(56): CodeIgniter\Boot::bootWeb(Object(Config\Paths))
CRITICAL - 2025-03-16 07:08:18 --> [Caused by] mysqli_sql_exception: Unknown column 'id_wilayah11' in 'where clause'
in SYSTEMPATH\Database\MySQLi\Connection.php on line 327.
 1 SYSTEMPATH\Database\MySQLi\Connection.php(327): mysqli->query('SELECT *
FROM `tbl_wilayah`
WHERE `id_wilayah11` IS NULL', 0)
 2 SYSTEMPATH\Database\BaseConnection.php(738): CodeIgniter\Database\MySQLi\Connection->execute('SELECT *
FROM `tbl_wilayah`
WHERE `id_wilayah11` IS NULL')
 3 SYSTEMPATH\Database\BaseConnection.php(652): CodeIgniter\Database\BaseConnection->simpleQuery('SELECT *
FROM `tbl_wilayah`
WHERE `id_wilayah11` IS NULL')
 4 SYSTEMPATH\Database\BaseBuilder.php(1649): CodeIgniter\Database\BaseConnection->query('SELECT *
FROM `tbl_wilayah`
WHERE `id_wilayah11` IS NULL', [], false)
 5 APPPATH\Models\ModelWilayah.php(24): CodeIgniter\Database\BaseBuilder->get()
 6 APPPATH\Controllers\Wilayah.php(87): App\Models\ModelWilayah->DetailData('11')
 7 SYSTEMPATH\CodeIgniter.php(933): App\Controllers\Wilayah->Edit('11')
 8 SYSTEMPATH\CodeIgniter.php(507): CodeIgniter\CodeIgniter->runController(Object(App\Controllers\Wilayah))
 9 SYSTEMPATH\CodeIgniter.php(354): CodeIgniter\CodeIgniter->handleRequest(null, Object(Config\Cache), false)
10 SYSTEMPATH\Boot.php(334): CodeIgniter\CodeIgniter->run()
11 SYSTEMPATH\Boot.php(67): CodeIgniter\Boot::runCodeIgniter(Object(CodeIgniter\CodeIgniter))
12 FCPATH\index.php(56): CodeIgniter\Boot::bootWeb(Object(Config\Paths))
WARNING - 2025-03-16 07:08:46 --> [DEPRECATED] Creation of dynamic property App\Controllers\Wilayah::$ModelWilayah is deprecated in APPPATH\Controllers\Wilayah.php on line 16.
 1 SYSTEMPATH\CodeIgniter.php(903): App\Controllers\Wilayah->__construct()
 2 SYSTEMPATH\CodeIgniter.php(498): CodeIgniter\CodeIgniter->createController()
 3 SYSTEMPATH\CodeIgniter.php(354): CodeIgniter\CodeIgniter->handleRequest(null, Object(Config\Cache), false)
 4 SYSTEMPATH\Boot.php(334): CodeIgniter\CodeIgniter->run()
 5 SYSTEMPATH\Boot.php(67): CodeIgniter\Boot::runCodeIgniter(Object(CodeIgniter\CodeIgniter))
 6 FCPATH\index.php(56): CodeIgniter\Boot::bootWeb(Object(Config\Paths))
WARNING - 2025-03-16 07:08:46 --> [DEPRECATED] Creation of dynamic property App\Controllers\Wilayah::$ModelSetting is deprecated in APPPATH\Controllers\Wilayah.php on line 17.
 1 SYSTEMPATH\CodeIgniter.php(903): App\Controllers\Wilayah->__construct()
 2 SYSTEMPATH\CodeIgniter.php(498): CodeIgniter\CodeIgniter->createController()
 3 SYSTEMPATH\CodeIgniter.php(354): CodeIgniter\CodeIgniter->handleRequest(null, Object(Config\Cache), false)
 4 SYSTEMPATH\Boot.php(334): CodeIgniter\CodeIgniter->run()
 5 SYSTEMPATH\Boot.php(67): CodeIgniter\Boot::runCodeIgniter(Object(CodeIgniter\CodeIgniter))
 6 FCPATH\index.php(56): CodeIgniter\Boot::bootWeb(Object(Config\Paths))
DEBUG - 2025-03-16 07:08:46 --> Session: Class initialized using 'CodeIgniter\Session\Handlers\FileHandler' driver.
CRITICAL - 2025-03-16 07:08:46 --> ErrorException: Undefined variable $wilayah
[Method: GET, Route: Wilayah/Edit/11]
in APPPATH\Views\wilayah\v_edit.php on line 14.
 1 APPPATH\Views\wilayah\v_edit.php(14): CodeIgniter\Debug\Exceptions->errorHandler(2, 'Undefined variable $wilayah', 'C:\\laragon\\www\\gis-sekolah-ci4\\app\\Views\\wilayah\\v_edit.php', 14)
 2 SYSTEMPATH\View\View.php(224): include('C:\\laragon\\www\\gis-sekolah-ci4\\app\\Views\\wilayah\\v_edit.php')
 3 SYSTEMPATH\View\View.php(227): CodeIgniter\View\View->CodeIgniter\View\{closure}()
 4 SYSTEMPATH\Common.php(1173): CodeIgniter\View\View->render('wilayah/v_edit', [], true)
 5 APPPATH\Views\v_template_back_end.php(216): view('wilayah/v_edit')
 6 SYSTEMPATH\View\View.php(224): include('C:\\laragon\\www\\gis-sekolah-ci4\\app\\Views\\v_template_back_end.php')
 7 SYSTEMPATH\View\View.php(227): CodeIgniter\View\View->CodeIgniter\View\{closure}()
 8 SYSTEMPATH\Common.php(1173): CodeIgniter\View\View->render('v_template_back_end', [], true)
 9 APPPATH\Controllers\Wilayah.php(88): view('v_template_back_end', [...])
10 SYSTEMPATH\CodeIgniter.php(933): App\Controllers\Wilayah->Edit('11')
11 SYSTEMPATH\CodeIgniter.php(507): CodeIgniter\CodeIgniter->runController(Object(App\Controllers\Wilayah))
12 SYSTEMPATH\CodeIgniter.php(354): CodeIgniter\CodeIgniter->handleRequest(null, Object(Config\Cache), false)
13 SYSTEMPATH\Boot.php(334): CodeIgniter\CodeIgniter->run()
14 SYSTEMPATH\Boot.php(67): CodeIgniter\Boot::runCodeIgniter(Object(CodeIgniter\CodeIgniter))
15 FCPATH\index.php(56): CodeIgniter\Boot::bootWeb(Object(Config\Paths))
WARNING - 2025-03-16 07:09:16 --> [DEPRECATED] Creation of dynamic property App\Controllers\Wilayah::$ModelWilayah is deprecated in APPPATH\Controllers\Wilayah.php on line 16.
 1 SYSTEMPATH\CodeIgniter.php(903): App\Controllers\Wilayah->__construct()
 2 SYSTEMPATH\CodeIgniter.php(498): CodeIgniter\CodeIgniter->createController()
 3 SYSTEMPATH\CodeIgniter.php(354): CodeIgniter\CodeIgniter->handleRequest(null, Object(Config\Cache), false)
 4 SYSTEMPATH\Boot.php(334): CodeIgniter\CodeIgniter->run()
 5 SYSTEMPATH\Boot.php(67): CodeIgniter\Boot::runCodeIgniter(Object(CodeIgniter\CodeIgniter))
 6 FCPATH\index.php(56): CodeIgniter\Boot::bootWeb(Object(Config\Paths))
WARNING - 2025-03-16 07:09:16 --> [DEPRECATED] Creation of dynamic property App\Controllers\Wilayah::$ModelSetting is deprecated in APPPATH\Controllers\Wilayah.php on line 17.
 1 SYSTEMPATH\CodeIgniter.php(903): App\Controllers\Wilayah->__construct()
 2 SYSTEMPATH\CodeIgniter.php(498): CodeIgniter\CodeIgniter->createController()
 3 SYSTEMPATH\CodeIgniter.php(354): CodeIgniter\CodeIgniter->handleRequest(null, Object(Config\Cache), false)
 4 SYSTEMPATH\Boot.php(334): CodeIgniter\CodeIgniter->run()
 5 SYSTEMPATH\Boot.php(67): CodeIgniter\Boot::runCodeIgniter(Object(CodeIgniter\CodeIgniter))
 6 FCPATH\index.php(56): CodeIgniter\Boot::bootWeb(Object(Config\Paths))
DEBUG - 2025-03-16 07:09:16 --> Session: Class initialized using 'CodeIgniter\Session\Handlers\FileHandler' driver.
CRITICAL - 2025-03-16 07:09:16 --> ErrorException: Undefined variable $wilayah
[Method: GET, Route: Wilayah/Edit/11]
in APPPATH\Views\wilayah\v_edit.php on line 14.
 1 APPPATH\Views\wilayah\v_edit.php(14): CodeIgniter\Debug\Exceptions->errorHandler(2, 'Undefined variable $wilayah', 'C:\\laragon\\www\\gis-sekolah-ci4\\app\\Views\\wilayah\\v_edit.php', 14)
 2 SYSTEMPATH\View\View.php(224): include('C:\\laragon\\www\\gis-sekolah-ci4\\app\\Views\\wilayah\\v_edit.php')
 3 SYSTEMPATH\View\View.php(227): CodeIgniter\View\View->CodeIgniter\View\{closure}()
 4 SYSTEMPATH\Common.php(1173): CodeIgniter\View\View->render('wilayah/v_edit', [], true)
 5 APPPATH\Views\v_template_back_end.php(216): view('wilayah/v_edit')
 6 SYSTEMPATH\View\View.php(224): include('C:\\laragon\\www\\gis-sekolah-ci4\\app\\Views\\v_template_back_end.php')
 7 SYSTEMPATH\View\View.php(227): CodeIgniter\View\View->CodeIgniter\View\{closure}()
 8 SYSTEMPATH\Common.php(1173): CodeIgniter\View\View->render('v_template_back_end', [], true)
 9 APPPATH\Controllers\Wilayah.php(88): view('v_template_back_end', [...])
10 SYSTEMPATH\CodeIgniter.php(933): App\Controllers\Wilayah->Edit('11')
11 SYSTEMPATH\CodeIgniter.php(507): CodeIgniter\CodeIgniter->runController(Object(App\Controllers\Wilayah))
12 SYSTEMPATH\CodeIgniter.php(354): CodeIgniter\CodeIgniter->handleRequest(null, Object(Config\Cache), false)
13 SYSTEMPATH\Boot.php(334): CodeIgniter\CodeIgniter->run()
14 SYSTEMPATH\Boot.php(67): CodeIgniter\Boot::runCodeIgniter(Object(CodeIgniter\CodeIgniter))
15 FCPATH\index.php(56): CodeIgniter\Boot::bootWeb(Object(Config\Paths))
WARNING - 2025-03-16 07:09:35 --> [DEPRECATED] Creation of dynamic property App\Controllers\Wilayah::$ModelWilayah is deprecated in APPPATH\Controllers\Wilayah.php on line 16.
 1 SYSTEMPATH\CodeIgniter.php(903): App\Controllers\Wilayah->__construct()
 2 SYSTEMPATH\CodeIgniter.php(498): CodeIgniter\CodeIgniter->createController()
 3 SYSTEMPATH\CodeIgniter.php(354): CodeIgniter\CodeIgniter->handleRequest(null, Object(Config\Cache), false)
 4 SYSTEMPATH\Boot.php(334): CodeIgniter\CodeIgniter->run()
 5 SYSTEMPATH\Boot.php(67): CodeIgniter\Boot::runCodeIgniter(Object(CodeIgniter\CodeIgniter))
 6 FCPATH\index.php(56): CodeIgniter\Boot::bootWeb(Object(Config\Paths))
WARNING - 2025-03-16 07:09:35 --> [DEPRECATED] Creation of dynamic property App\Controllers\Wilayah::$ModelSetting is deprecated in APPPATH\Controllers\Wilayah.php on line 17.
 1 SYSTEMPATH\CodeIgniter.php(903): App\Controllers\Wilayah->__construct()
 2 SYSTEMPATH\CodeIgniter.php(498): CodeIgniter\CodeIgniter->createController()
 3 SYSTEMPATH\CodeIgniter.php(354): CodeIgniter\CodeIgniter->handleRequest(null, Object(Config\Cache), false)
 4 SYSTEMPATH\Boot.php(334): CodeIgniter\CodeIgniter->run()
 5 SYSTEMPATH\Boot.php(67): CodeIgniter\Boot::runCodeIgniter(Object(CodeIgniter\CodeIgniter))
 6 FCPATH\index.php(56): CodeIgniter\Boot::bootWeb(Object(Config\Paths))
DEBUG - 2025-03-16 07:09:35 --> Session: Class initialized using 'CodeIgniter\Session\Handlers\FileHandler' driver.
WARNING - 2025-03-16 07:10:05 --> [DEPRECATED] Creation of dynamic property App\Controllers\Wilayah::$ModelWilayah is deprecated in APPPATH\Controllers\Wilayah.php on line 16.
 1 SYSTEMPATH\CodeIgniter.php(903): App\Controllers\Wilayah->__construct()
 2 SYSTEMPATH\CodeIgniter.php(498): CodeIgniter\CodeIgniter->createController()
 3 SYSTEMPATH\CodeIgniter.php(354): CodeIgniter\CodeIgniter->handleRequest(null, Object(Config\Cache), false)
 4 SYSTEMPATH\Boot.php(334): CodeIgniter\CodeIgniter->run()
 5 SYSTEMPATH\Boot.php(67): CodeIgniter\Boot::runCodeIgniter(Object(CodeIgniter\CodeIgniter))
 6 FCPATH\index.php(56): CodeIgniter\Boot::bootWeb(Object(Config\Paths))
WARNING - 2025-03-16 07:10:05 --> [DEPRECATED] Creation of dynamic property App\Controllers\Wilayah::$ModelSetting is deprecated in APPPATH\Controllers\Wilayah.php on line 17.
 1 SYSTEMPATH\CodeIgniter.php(903): App\Controllers\Wilayah->__construct()
 2 SYSTEMPATH\CodeIgniter.php(498): CodeIgniter\CodeIgniter->createController()
 3 SYSTEMPATH\CodeIgniter.php(354): CodeIgniter\CodeIgniter->handleRequest(null, Object(Config\Cache), false)
 4 SYSTEMPATH\Boot.php(334): CodeIgniter\CodeIgniter->run()
 5 SYSTEMPATH\Boot.php(67): CodeIgniter\Boot::runCodeIgniter(Object(CodeIgniter\CodeIgniter))
 6 FCPATH\index.php(56): CodeIgniter\Boot::bootWeb(Object(Config\Paths))
ERROR - 2025-03-16 07:10:05 --> mysqli_sql_exception: Unknown column 'id_wilayah11' in 'where clause' in C:\laragon\www\gis-sekolah-ci4\system\Database\MySQLi\Connection.php:327
Stack trace:
#0 C:\laragon\www\gis-sekolah-ci4\system\Database\MySQLi\Connection.php(327): mysqli->query('SELECT *\nFROM `...', 0)
#1 C:\laragon\www\gis-sekolah-ci4\system\Database\BaseConnection.php(738): CodeIgniter\Database\MySQLi\Connection->execute('SELECT *\nFROM `...')
#2 C:\laragon\www\gis-sekolah-ci4\system\Database\BaseConnection.php(652): CodeIgniter\Database\BaseConnection->simpleQuery('SELECT *\nFROM `...')
#3 C:\laragon\www\gis-sekolah-ci4\system\Database\BaseBuilder.php(1649): CodeIgniter\Database\BaseConnection->query('SELECT *\nFROM `...', Array, false)
#4 C:\laragon\www\gis-sekolah-ci4\app\Models\ModelWilayah.php(24): CodeIgniter\Database\BaseBuilder->get()
#5 C:\laragon\www\gis-sekolah-ci4\app\Controllers\Wilayah.php(87): App\Models\ModelWilayah->DetailData('11')
#6 C:\laragon\www\gis-sekolah-ci4\system\CodeIgniter.php(933): App\Controllers\Wilayah->Edit('11')
#7 C:\laragon\www\gis-sekolah-ci4\system\CodeIgniter.php(507): CodeIgniter\CodeIgniter->runController(Object(App\Controllers\Wilayah))
#8 C:\laragon\www\gis-sekolah-ci4\system\CodeIgniter.php(354): CodeIgniter\CodeIgniter->handleRequest(NULL, Object(Config\Cache), false)
#9 C:\laragon\www\gis-sekolah-ci4\system\Boot.php(334): CodeIgniter\CodeIgniter->run()
#10 C:\laragon\www\gis-sekolah-ci4\system\Boot.php(67): CodeIgniter\Boot::runCodeIgniter(Object(CodeIgniter\CodeIgniter))
#11 C:\laragon\www\gis-sekolah-ci4\public\index.php(56): CodeIgniter\Boot::bootWeb(Object(Config\Paths))
#12 {main}
CRITICAL - 2025-03-16 07:10:05 --> CodeIgniter\Database\Exceptions\DatabaseException: Unknown column 'id_wilayah11' in 'where clause'
[Method: GET, Route: Wilayah/Edit/11]
in SYSTEMPATH\Database\BaseConnection.php on line 692.
 1 SYSTEMPATH\Database\BaseBuilder.php(1649): CodeIgniter\Database\BaseConnection->query('SELECT *
FROM `tbl_wilayah`
WHERE `id_wilayah11` IS NULL', [], false)
 2 APPPATH\Models\ModelWilayah.php(24): CodeIgniter\Database\BaseBuilder->get()
 3 APPPATH\Controllers\Wilayah.php(87): App\Models\ModelWilayah->DetailData('11')
 4 SYSTEMPATH\CodeIgniter.php(933): App\Controllers\Wilayah->Edit('11')
 5 SYSTEMPATH\CodeIgniter.php(507): CodeIgniter\CodeIgniter->runController(Object(App\Controllers\Wilayah))
 6 SYSTEMPATH\CodeIgniter.php(354): CodeIgniter\CodeIgniter->handleRequest(null, Object(Config\Cache), false)
 7 SYSTEMPATH\Boot.php(334): CodeIgniter\CodeIgniter->run()
 8 SYSTEMPATH\Boot.php(67): CodeIgniter\Boot::runCodeIgniter(Object(CodeIgniter\CodeIgniter))
 9 FCPATH\index.php(56): CodeIgniter\Boot::bootWeb(Object(Config\Paths))
CRITICAL - 2025-03-16 07:10:05 --> [Caused by] CodeIgniter\Database\Exceptions\DatabaseException: Unknown column 'id_wilayah11' in 'where clause'
in SYSTEMPATH\Database\MySQLi\Connection.php on line 332.
 1 SYSTEMPATH\Database\BaseConnection.php(738): CodeIgniter\Database\MySQLi\Connection->execute('SELECT *
FROM `tbl_wilayah`
WHERE `id_wilayah11` IS NULL')
 2 SYSTEMPATH\Database\BaseConnection.php(652): CodeIgniter\Database\BaseConnection->simpleQuery('SELECT *
FROM `tbl_wilayah`
WHERE `id_wilayah11` IS NULL')
 3 SYSTEMPATH\Database\BaseBuilder.php(1649): CodeIgniter\Database\BaseConnection->query('SELECT *
FROM `tbl_wilayah`
WHERE `id_wilayah11` IS NULL', [], false)
 4 APPPATH\Models\ModelWilayah.php(24): CodeIgniter\Database\BaseBuilder->get()
 5 APPPATH\Controllers\Wilayah.php(87): App\Models\ModelWilayah->DetailData('11')
 6 SYSTEMPATH\CodeIgniter.php(933): App\Controllers\Wilayah->Edit('11')
 7 SYSTEMPATH\CodeIgniter.php(507): CodeIgniter\CodeIgniter->runController(Object(App\Controllers\Wilayah))
 8 SYSTEMPATH\CodeIgniter.php(354): CodeIgniter\CodeIgniter->handleRequest(null, Object(Config\Cache), false)
 9 SYSTEMPATH\Boot.php(334): CodeIgniter\CodeIgniter->run()
10 SYSTEMPATH\Boot.php(67): CodeIgniter\Boot::runCodeIgniter(Object(CodeIgniter\CodeIgniter))
11 FCPATH\index.php(56): CodeIgniter\Boot::bootWeb(Object(Config\Paths))
CRITICAL - 2025-03-16 07:10:05 --> [Caused by] mysqli_sql_exception: Unknown column 'id_wilayah11' in 'where clause'
in SYSTEMPATH\Database\MySQLi\Connection.php on line 327.
 1 SYSTEMPATH\Database\MySQLi\Connection.php(327): mysqli->query('SELECT *
FROM `tbl_wilayah`
WHERE `id_wilayah11` IS NULL', 0)
 2 SYSTEMPATH\Database\BaseConnection.php(738): CodeIgniter\Database\MySQLi\Connection->execute('SELECT *
FROM `tbl_wilayah`
WHERE `id_wilayah11` IS NULL')
 3 SYSTEMPATH\Database\BaseConnection.php(652): CodeIgniter\Database\BaseConnection->simpleQuery('SELECT *
FROM `tbl_wilayah`
WHERE `id_wilayah11` IS NULL')
 4 SYSTEMPATH\Database\BaseBuilder.php(1649): CodeIgniter\Database\BaseConnection->query('SELECT *
FROM `tbl_wilayah`
WHERE `id_wilayah11` IS NULL', [], false)
 5 APPPATH\Models\ModelWilayah.php(24): CodeIgniter\Database\BaseBuilder->get()
 6 APPPATH\Controllers\Wilayah.php(87): App\Models\ModelWilayah->DetailData('11')
 7 SYSTEMPATH\CodeIgniter.php(933): App\Controllers\Wilayah->Edit('11')
 8 SYSTEMPATH\CodeIgniter.php(507): CodeIgniter\CodeIgniter->runController(Object(App\Controllers\Wilayah))
 9 SYSTEMPATH\CodeIgniter.php(354): CodeIgniter\CodeIgniter->handleRequest(null, Object(Config\Cache), false)
10 SYSTEMPATH\Boot.php(334): CodeIgniter\CodeIgniter->run()
11 SYSTEMPATH\Boot.php(67): CodeIgniter\Boot::runCodeIgniter(Object(CodeIgniter\CodeIgniter))
12 FCPATH\index.php(56): CodeIgniter\Boot::bootWeb(Object(Config\Paths))
WARNING - 2025-03-16 08:54:39 --> [DEPRECATED] Creation of dynamic property App\Controllers\Admin::$ModelSetting is deprecated in APPPATH\Controllers\Admin.php on line 11.
 1 SYSTEMPATH\CodeIgniter.php(903): App\Controllers\Admin->__construct()
 2 SYSTEMPATH\CodeIgniter.php(498): CodeIgniter\CodeIgniter->createController()
 3 SYSTEMPATH\CodeIgniter.php(354): CodeIgniter\CodeIgniter->handleRequest(null, Object(Config\Cache), false)
 4 SYSTEMPATH\Boot.php(334): CodeIgniter\CodeIgniter->run()
 5 SYSTEMPATH\Boot.php(67): CodeIgniter\Boot::runCodeIgniter(Object(CodeIgniter\CodeIgniter))
 6 FCPATH\index.php(56): CodeIgniter\Boot::bootWeb(Object(Config\Paths))
WARNING - 2025-03-16 08:54:44 --> [DEPRECATED] Creation of dynamic property App\Controllers\Wilayah::$ModelWilayah is deprecated in APPPATH\Controllers\Wilayah.php on line 16.
 1 SYSTEMPATH\CodeIgniter.php(903): App\Controllers\Wilayah->__construct()
 2 SYSTEMPATH\CodeIgniter.php(498): CodeIgniter\CodeIgniter->createController()
 3 SYSTEMPATH\CodeIgniter.php(354): CodeIgniter\CodeIgniter->handleRequest(null, Object(Config\Cache), false)
 4 SYSTEMPATH\Boot.php(334): CodeIgniter\CodeIgniter->run()
 5 SYSTEMPATH\Boot.php(67): CodeIgniter\Boot::runCodeIgniter(Object(CodeIgniter\CodeIgniter))
 6 FCPATH\index.php(56): CodeIgniter\Boot::bootWeb(Object(Config\Paths))
WARNING - 2025-03-16 08:54:44 --> [DEPRECATED] Creation of dynamic property App\Controllers\Wilayah::$ModelSetting is deprecated in APPPATH\Controllers\Wilayah.php on line 17.
 1 SYSTEMPATH\CodeIgniter.php(903): App\Controllers\Wilayah->__construct()
 2 SYSTEMPATH\CodeIgniter.php(498): CodeIgniter\CodeIgniter->createController()
 3 SYSTEMPATH\CodeIgniter.php(354): CodeIgniter\CodeIgniter->handleRequest(null, Object(Config\Cache), false)
 4 SYSTEMPATH\Boot.php(334): CodeIgniter\CodeIgniter->run()
 5 SYSTEMPATH\Boot.php(67): CodeIgniter\Boot::runCodeIgniter(Object(CodeIgniter\CodeIgniter))
 6 FCPATH\index.php(56): CodeIgniter\Boot::bootWeb(Object(Config\Paths))
DEBUG - 2025-03-16 08:54:44 --> Session: Class initialized using 'CodeIgniter\Session\Handlers\FileHandler' driver.
WARNING - 2025-03-16 08:54:53 --> [DEPRECATED] Creation of dynamic property App\Controllers\Wilayah::$ModelWilayah is deprecated in APPPATH\Controllers\Wilayah.php on line 16.
 1 SYSTEMPATH\CodeIgniter.php(903): App\Controllers\Wilayah->__construct()
 2 SYSTEMPATH\CodeIgniter.php(498): CodeIgniter\CodeIgniter->createController()
 3 SYSTEMPATH\CodeIgniter.php(354): CodeIgniter\CodeIgniter->handleRequest(null, Object(Config\Cache), false)
 4 SYSTEMPATH\Boot.php(334): CodeIgniter\CodeIgniter->run()
 5 SYSTEMPATH\Boot.php(67): CodeIgniter\Boot::runCodeIgniter(Object(CodeIgniter\CodeIgniter))
 6 FCPATH\index.php(56): CodeIgniter\Boot::bootWeb(Object(Config\Paths))
WARNING - 2025-03-16 08:54:53 --> [DEPRECATED] Creation of dynamic property App\Controllers\Wilayah::$ModelSetting is deprecated in APPPATH\Controllers\Wilayah.php on line 17.
 1 SYSTEMPATH\CodeIgniter.php(903): App\Controllers\Wilayah->__construct()
 2 SYSTEMPATH\CodeIgniter.php(498): CodeIgniter\CodeIgniter->createController()
 3 SYSTEMPATH\CodeIgniter.php(354): CodeIgniter\CodeIgniter->handleRequest(null, Object(Config\Cache), false)
 4 SYSTEMPATH\Boot.php(334): CodeIgniter\CodeIgniter->run()
 5 SYSTEMPATH\Boot.php(67): CodeIgniter\Boot::runCodeIgniter(Object(CodeIgniter\CodeIgniter))
 6 FCPATH\index.php(56): CodeIgniter\Boot::bootWeb(Object(Config\Paths))
ERROR - 2025-03-16 08:54:53 --> mysqli_sql_exception: Unknown column 'id_wilayah11' in 'where clause' in C:\laragon\www\gis-sekolah-ci4\system\Database\MySQLi\Connection.php:327
Stack trace:
#0 C:\laragon\www\gis-sekolah-ci4\system\Database\MySQLi\Connection.php(327): mysqli->query('SELECT *\nFROM `...', 0)
#1 C:\laragon\www\gis-sekolah-ci4\system\Database\BaseConnection.php(738): CodeIgniter\Database\MySQLi\Connection->execute('SELECT *\nFROM `...')
#2 C:\laragon\www\gis-sekolah-ci4\system\Database\BaseConnection.php(652): CodeIgniter\Database\BaseConnection->simpleQuery('SELECT *\nFROM `...')
#3 C:\laragon\www\gis-sekolah-ci4\system\Database\BaseBuilder.php(1649): CodeIgniter\Database\BaseConnection->query('SELECT *\nFROM `...', Array, false)
#4 C:\laragon\www\gis-sekolah-ci4\app\Models\ModelWilayah.php(24): CodeIgniter\Database\BaseBuilder->get()
#5 C:\laragon\www\gis-sekolah-ci4\app\Controllers\Wilayah.php(87): App\Models\ModelWilayah->DetailData('11')
#6 C:\laragon\www\gis-sekolah-ci4\system\CodeIgniter.php(933): App\Controllers\Wilayah->Edit('11')
#7 C:\laragon\www\gis-sekolah-ci4\system\CodeIgniter.php(507): CodeIgniter\CodeIgniter->runController(Object(App\Controllers\Wilayah))
#8 C:\laragon\www\gis-sekolah-ci4\system\CodeIgniter.php(354): CodeIgniter\CodeIgniter->handleRequest(NULL, Object(Config\Cache), false)
#9 C:\laragon\www\gis-sekolah-ci4\system\Boot.php(334): CodeIgniter\CodeIgniter->run()
#10 C:\laragon\www\gis-sekolah-ci4\system\Boot.php(67): CodeIgniter\Boot::runCodeIgniter(Object(CodeIgniter\CodeIgniter))
#11 C:\laragon\www\gis-sekolah-ci4\public\index.php(56): CodeIgniter\Boot::bootWeb(Object(Config\Paths))
#12 {main}
CRITICAL - 2025-03-16 08:54:53 --> CodeIgniter\Database\Exceptions\DatabaseException: Unknown column 'id_wilayah11' in 'where clause'
[Method: GET, Route: Wilayah/Edit/11]
in SYSTEMPATH\Database\BaseConnection.php on line 692.
 1 SYSTEMPATH\Database\BaseBuilder.php(1649): CodeIgniter\Database\BaseConnection->query('SELECT *
FROM `tbl_wilayah`
WHERE `id_wilayah11` IS NULL', [], false)
 2 APPPATH\Models\ModelWilayah.php(24): CodeIgniter\Database\BaseBuilder->get()
 3 APPPATH\Controllers\Wilayah.php(87): App\Models\ModelWilayah->DetailData('11')
 4 SYSTEMPATH\CodeIgniter.php(933): App\Controllers\Wilayah->Edit('11')
 5 SYSTEMPATH\CodeIgniter.php(507): CodeIgniter\CodeIgniter->runController(Object(App\Controllers\Wilayah))
 6 SYSTEMPATH\CodeIgniter.php(354): CodeIgniter\CodeIgniter->handleRequest(null, Object(Config\Cache), false)
 7 SYSTEMPATH\Boot.php(334): CodeIgniter\CodeIgniter->run()
 8 SYSTEMPATH\Boot.php(67): CodeIgniter\Boot::runCodeIgniter(Object(CodeIgniter\CodeIgniter))
 9 FCPATH\index.php(56): CodeIgniter\Boot::bootWeb(Object(Config\Paths))
CRITICAL - 2025-03-16 08:54:53 --> [Caused by] CodeIgniter\Database\Exceptions\DatabaseException: Unknown column 'id_wilayah11' in 'where clause'
in SYSTEMPATH\Database\MySQLi\Connection.php on line 332.
 1 SYSTEMPATH\Database\BaseConnection.php(738): CodeIgniter\Database\MySQLi\Connection->execute('SELECT *
FROM `tbl_wilayah`
WHERE `id_wilayah11` IS NULL')
 2 SYSTEMPATH\Database\BaseConnection.php(652): CodeIgniter\Database\BaseConnection->simpleQuery('SELECT *
FROM `tbl_wilayah`
WHERE `id_wilayah11` IS NULL')
 3 SYSTEMPATH\Database\BaseBuilder.php(1649): CodeIgniter\Database\BaseConnection->query('SELECT *
FROM `tbl_wilayah`
WHERE `id_wilayah11` IS NULL', [], false)
 4 APPPATH\Models\ModelWilayah.php(24): CodeIgniter\Database\BaseBuilder->get()
 5 APPPATH\Controllers\Wilayah.php(87): App\Models\ModelWilayah->DetailData('11')
 6 SYSTEMPATH\CodeIgniter.php(933): App\Controllers\Wilayah->Edit('11')
 7 SYSTEMPATH\CodeIgniter.php(507): CodeIgniter\CodeIgniter->runController(Object(App\Controllers\Wilayah))
 8 SYSTEMPATH\CodeIgniter.php(354): CodeIgniter\CodeIgniter->handleRequest(null, Object(Config\Cache), false)
 9 SYSTEMPATH\Boot.php(334): CodeIgniter\CodeIgniter->run()
10 SYSTEMPATH\Boot.php(67): CodeIgniter\Boot::runCodeIgniter(Object(CodeIgniter\CodeIgniter))
11 FCPATH\index.php(56): CodeIgniter\Boot::bootWeb(Object(Config\Paths))
CRITICAL - 2025-03-16 08:54:53 --> [Caused by] mysqli_sql_exception: Unknown column 'id_wilayah11' in 'where clause'
in SYSTEMPATH\Database\MySQLi\Connection.php on line 327.
 1 SYSTEMPATH\Database\MySQLi\Connection.php(327): mysqli->query('SELECT *
FROM `tbl_wilayah`
WHERE `id_wilayah11` IS NULL', 0)
 2 SYSTEMPATH\Database\BaseConnection.php(738): CodeIgniter\Database\MySQLi\Connection->execute('SELECT *
FROM `tbl_wilayah`
WHERE `id_wilayah11` IS NULL')
 3 SYSTEMPATH\Database\BaseConnection.php(652): CodeIgniter\Database\BaseConnection->simpleQuery('SELECT *
FROM `tbl_wilayah`
WHERE `id_wilayah11` IS NULL')
 4 SYSTEMPATH\Database\BaseBuilder.php(1649): CodeIgniter\Database\BaseConnection->query('SELECT *
FROM `tbl_wilayah`
WHERE `id_wilayah11` IS NULL', [], false)
 5 APPPATH\Models\ModelWilayah.php(24): CodeIgniter\Database\BaseBuilder->get()
 6 APPPATH\Controllers\Wilayah.php(87): App\Models\ModelWilayah->DetailData('11')
 7 SYSTEMPATH\CodeIgniter.php(933): App\Controllers\Wilayah->Edit('11')
 8 SYSTEMPATH\CodeIgniter.php(507): CodeIgniter\CodeIgniter->runController(Object(App\Controllers\Wilayah))
 9 SYSTEMPATH\CodeIgniter.php(354): CodeIgniter\CodeIgniter->handleRequest(null, Object(Config\Cache), false)
10 SYSTEMPATH\Boot.php(334): CodeIgniter\CodeIgniter->run()
11 SYSTEMPATH\Boot.php(67): CodeIgniter\Boot::runCodeIgniter(Object(CodeIgniter\CodeIgniter))
12 FCPATH\index.php(56): CodeIgniter\Boot::bootWeb(Object(Config\Paths))
WARNING - 2025-03-16 08:55:19 --> [DEPRECATED] Creation of dynamic property App\Controllers\Wilayah::$ModelWilayah is deprecated in APPPATH\Controllers\Wilayah.php on line 16.
 1 SYSTEMPATH\CodeIgniter.php(903): App\Controllers\Wilayah->__construct()
 2 SYSTEMPATH\CodeIgniter.php(498): CodeIgniter\CodeIgniter->createController()
 3 SYSTEMPATH\CodeIgniter.php(354): CodeIgniter\CodeIgniter->handleRequest(null, Object(Config\Cache), false)
 4 SYSTEMPATH\Boot.php(334): CodeIgniter\CodeIgniter->run()
 5 SYSTEMPATH\Boot.php(67): CodeIgniter\Boot::runCodeIgniter(Object(CodeIgniter\CodeIgniter))
 6 FCPATH\index.php(56): CodeIgniter\Boot::bootWeb(Object(Config\Paths))
WARNING - 2025-03-16 08:55:19 --> [DEPRECATED] Creation of dynamic property App\Controllers\Wilayah::$ModelSetting is deprecated in APPPATH\Controllers\Wilayah.php on line 17.
 1 SYSTEMPATH\CodeIgniter.php(903): App\Controllers\Wilayah->__construct()
 2 SYSTEMPATH\CodeIgniter.php(498): CodeIgniter\CodeIgniter->createController()
 3 SYSTEMPATH\CodeIgniter.php(354): CodeIgniter\CodeIgniter->handleRequest(null, Object(Config\Cache), false)
 4 SYSTEMPATH\Boot.php(334): CodeIgniter\CodeIgniter->run()
 5 SYSTEMPATH\Boot.php(67): CodeIgniter\Boot::runCodeIgniter(Object(CodeIgniter\CodeIgniter))
 6 FCPATH\index.php(56): CodeIgniter\Boot::bootWeb(Object(Config\Paths))
DEBUG - 2025-03-16 08:55:19 --> Session: Class initialized using 'CodeIgniter\Session\Handlers\FileHandler' driver.
WARNING - 2025-03-16 09:01:16 --> [DEPRECATED] Creation of dynamic property App\Controllers\Admin::$ModelSetting is deprecated in APPPATH\Controllers\Admin.php on line 11.
 1 SYSTEMPATH\CodeIgniter.php(903): App\Controllers\Admin->__construct()
 2 SYSTEMPATH\CodeIgniter.php(498): CodeIgniter\CodeIgniter->createController()
 3 SYSTEMPATH\CodeIgniter.php(354): CodeIgniter\CodeIgniter->handleRequest(null, Object(Config\Cache), false)
 4 SYSTEMPATH\Boot.php(334): CodeIgniter\CodeIgniter->run()
 5 SYSTEMPATH\Boot.php(67): CodeIgniter\Boot::runCodeIgniter(Object(CodeIgniter\CodeIgniter))
 6 FCPATH\index.php(56): CodeIgniter\Boot::bootWeb(Object(Config\Paths))
WARNING - 2025-03-16 09:01:24 --> [DEPRECATED] Creation of dynamic property App\Controllers\Wilayah::$ModelWilayah is deprecated in APPPATH\Controllers\Wilayah.php on line 16.
 1 SYSTEMPATH\CodeIgniter.php(903): App\Controllers\Wilayah->__construct()
 2 SYSTEMPATH\CodeIgniter.php(498): CodeIgniter\CodeIgniter->createController()
 3 SYSTEMPATH\CodeIgniter.php(354): CodeIgniter\CodeIgniter->handleRequest(null, Object(Config\Cache), false)
 4 SYSTEMPATH\Boot.php(334): CodeIgniter\CodeIgniter->run()
 5 SYSTEMPATH\Boot.php(67): CodeIgniter\Boot::runCodeIgniter(Object(CodeIgniter\CodeIgniter))
 6 FCPATH\index.php(56): CodeIgniter\Boot::bootWeb(Object(Config\Paths))
WARNING - 2025-03-16 09:01:24 --> [DEPRECATED] Creation of dynamic property App\Controllers\Wilayah::$ModelSetting is deprecated in APPPATH\Controllers\Wilayah.php on line 17.
 1 SYSTEMPATH\CodeIgniter.php(903): App\Controllers\Wilayah->__construct()
 2 SYSTEMPATH\CodeIgniter.php(498): CodeIgniter\CodeIgniter->createController()
 3 SYSTEMPATH\CodeIgniter.php(354): CodeIgniter\CodeIgniter->handleRequest(null, Object(Config\Cache), false)
 4 SYSTEMPATH\Boot.php(334): CodeIgniter\CodeIgniter->run()
 5 SYSTEMPATH\Boot.php(67): CodeIgniter\Boot::runCodeIgniter(Object(CodeIgniter\CodeIgniter))
 6 FCPATH\index.php(56): CodeIgniter\Boot::bootWeb(Object(Config\Paths))
DEBUG - 2025-03-16 09:01:24 --> Session: Class initialized using 'CodeIgniter\Session\Handlers\FileHandler' driver.
WARNING - 2025-03-16 09:02:12 --> [DEPRECATED] Creation of dynamic property App\Controllers\Wilayah::$ModelWilayah is deprecated in APPPATH\Controllers\Wilayah.php on line 16.
 1 SYSTEMPATH\CodeIgniter.php(903): App\Controllers\Wilayah->__construct()
 2 SYSTEMPATH\CodeIgniter.php(498): CodeIgniter\CodeIgniter->createController()
 3 SYSTEMPATH\CodeIgniter.php(354): CodeIgniter\CodeIgniter->handleRequest(null, Object(Config\Cache), false)
 4 SYSTEMPATH\Boot.php(334): CodeIgniter\CodeIgniter->run()
 5 SYSTEMPATH\Boot.php(67): CodeIgniter\Boot::runCodeIgniter(Object(CodeIgniter\CodeIgniter))
 6 FCPATH\index.php(56): CodeIgniter\Boot::bootWeb(Object(Config\Paths))
WARNING - 2025-03-16 09:02:12 --> [DEPRECATED] Creation of dynamic property App\Controllers\Wilayah::$ModelSetting is deprecated in APPPATH\Controllers\Wilayah.php on line 17.
 1 SYSTEMPATH\CodeIgniter.php(903): App\Controllers\Wilayah->__construct()
 2 SYSTEMPATH\CodeIgniter.php(498): CodeIgniter\CodeIgniter->createController()
 3 SYSTEMPATH\CodeIgniter.php(354): CodeIgniter\CodeIgniter->handleRequest(null, Object(Config\Cache), false)
 4 SYSTEMPATH\Boot.php(334): CodeIgniter\CodeIgniter->run()
 5 SYSTEMPATH\Boot.php(67): CodeIgniter\Boot::runCodeIgniter(Object(CodeIgniter\CodeIgniter))
 6 FCPATH\index.php(56): CodeIgniter\Boot::bootWeb(Object(Config\Paths))
ERROR - 2025-03-16 09:02:12 --> mysqli_sql_exception: Unknown column 'id_wilayah11' in 'where clause' in C:\laragon\www\gis-sekolah-ci4\system\Database\MySQLi\Connection.php:327
Stack trace:
#0 C:\laragon\www\gis-sekolah-ci4\system\Database\MySQLi\Connection.php(327): mysqli->query('SELECT *\nFROM `...', 0)
#1 C:\laragon\www\gis-sekolah-ci4\system\Database\BaseConnection.php(738): CodeIgniter\Database\MySQLi\Connection->execute('SELECT *\nFROM `...')
#2 C:\laragon\www\gis-sekolah-ci4\system\Database\BaseConnection.php(652): CodeIgniter\Database\BaseConnection->simpleQuery('SELECT *\nFROM `...')
#3 C:\laragon\www\gis-sekolah-ci4\system\Database\BaseBuilder.php(1649): CodeIgniter\Database\BaseConnection->query('SELECT *\nFROM `...', Array, false)
#4 C:\laragon\www\gis-sekolah-ci4\app\Models\ModelWilayah.php(24): CodeIgniter\Database\BaseBuilder->get()
#5 C:\laragon\www\gis-sekolah-ci4\app\Controllers\Wilayah.php(87): App\Models\ModelWilayah->DetailData('11')
#6 C:\laragon\www\gis-sekolah-ci4\system\CodeIgniter.php(933): App\Controllers\Wilayah->Edit('11')
#7 C:\laragon\www\gis-sekolah-ci4\system\CodeIgniter.php(507): CodeIgniter\CodeIgniter->runController(Object(App\Controllers\Wilayah))
#8 C:\laragon\www\gis-sekolah-ci4\system\CodeIgniter.php(354): CodeIgniter\CodeIgniter->handleRequest(NULL, Object(Config\Cache), false)
#9 C:\laragon\www\gis-sekolah-ci4\system\Boot.php(334): CodeIgniter\CodeIgniter->run()
#10 C:\laragon\www\gis-sekolah-ci4\system\Boot.php(67): CodeIgniter\Boot::runCodeIgniter(Object(CodeIgniter\CodeIgniter))
#11 C:\laragon\www\gis-sekolah-ci4\public\index.php(56): CodeIgniter\Boot::bootWeb(Object(Config\Paths))
#12 {main}
CRITICAL - 2025-03-16 09:02:12 --> CodeIgniter\Database\Exceptions\DatabaseException: Unknown column 'id_wilayah11' in 'where clause'
[Method: GET, Route: Wilayah/Edit/11]
in SYSTEMPATH\Database\BaseConnection.php on line 692.
 1 SYSTEMPATH\Database\BaseBuilder.php(1649): CodeIgniter\Database\BaseConnection->query('SELECT *
FROM `tbl_wilayah`
WHERE `id_wilayah11` IS NULL', [], false)
 2 APPPATH\Models\ModelWilayah.php(24): CodeIgniter\Database\BaseBuilder->get()
 3 APPPATH\Controllers\Wilayah.php(87): App\Models\ModelWilayah->DetailData('11')
 4 SYSTEMPATH\CodeIgniter.php(933): App\Controllers\Wilayah->Edit('11')
 5 SYSTEMPATH\CodeIgniter.php(507): CodeIgniter\CodeIgniter->runController(Object(App\Controllers\Wilayah))
 6 SYSTEMPATH\CodeIgniter.php(354): CodeIgniter\CodeIgniter->handleRequest(null, Object(Config\Cache), false)
 7 SYSTEMPATH\Boot.php(334): CodeIgniter\CodeIgniter->run()
 8 SYSTEMPATH\Boot.php(67): CodeIgniter\Boot::runCodeIgniter(Object(CodeIgniter\CodeIgniter))
 9 FCPATH\index.php(56): CodeIgniter\Boot::bootWeb(Object(Config\Paths))
CRITICAL - 2025-03-16 09:02:12 --> [Caused by] CodeIgniter\Database\Exceptions\DatabaseException: Unknown column 'id_wilayah11' in 'where clause'
in SYSTEMPATH\Database\MySQLi\Connection.php on line 332.
 1 SYSTEMPATH\Database\BaseConnection.php(738): CodeIgniter\Database\MySQLi\Connection->execute('SELECT *
FROM `tbl_wilayah`
WHERE `id_wilayah11` IS NULL')
 2 SYSTEMPATH\Database\BaseConnection.php(652): CodeIgniter\Database\BaseConnection->simpleQuery('SELECT *
FROM `tbl_wilayah`
WHERE `id_wilayah11` IS NULL')
 3 SYSTEMPATH\Database\BaseBuilder.php(1649): CodeIgniter\Database\BaseConnection->query('SELECT *
FROM `tbl_wilayah`
WHERE `id_wilayah11` IS NULL', [], false)
 4 APPPATH\Models\ModelWilayah.php(24): CodeIgniter\Database\BaseBuilder->get()
 5 APPPATH\Controllers\Wilayah.php(87): App\Models\ModelWilayah->DetailData('11')
 6 SYSTEMPATH\CodeIgniter.php(933): App\Controllers\Wilayah->Edit('11')
 7 SYSTEMPATH\CodeIgniter.php(507): CodeIgniter\CodeIgniter->runController(Object(App\Controllers\Wilayah))
 8 SYSTEMPATH\CodeIgniter.php(354): CodeIgniter\CodeIgniter->handleRequest(null, Object(Config\Cache), false)
 9 SYSTEMPATH\Boot.php(334): CodeIgniter\CodeIgniter->run()
10 SYSTEMPATH\Boot.php(67): CodeIgniter\Boot::runCodeIgniter(Object(CodeIgniter\CodeIgniter))
11 FCPATH\index.php(56): CodeIgniter\Boot::bootWeb(Object(Config\Paths))
CRITICAL - 2025-03-16 09:02:12 --> [Caused by] mysqli_sql_exception: Unknown column 'id_wilayah11' in 'where clause'
in SYSTEMPATH\Database\MySQLi\Connection.php on line 327.
 1 SYSTEMPATH\Database\MySQLi\Connection.php(327): mysqli->query('SELECT *
FROM `tbl_wilayah`
WHERE `id_wilayah11` IS NULL', 0)
 2 SYSTEMPATH\Database\BaseConnection.php(738): CodeIgniter\Database\MySQLi\Connection->execute('SELECT *
FROM `tbl_wilayah`
WHERE `id_wilayah11` IS NULL')
 3 SYSTEMPATH\Database\BaseConnection.php(652): CodeIgniter\Database\BaseConnection->simpleQuery('SELECT *
FROM `tbl_wilayah`
WHERE `id_wilayah11` IS NULL')
 4 SYSTEMPATH\Database\BaseBuilder.php(1649): CodeIgniter\Database\BaseConnection->query('SELECT *
FROM `tbl_wilayah`
WHERE `id_wilayah11` IS NULL', [], false)
 5 APPPATH\Models\ModelWilayah.php(24): CodeIgniter\Database\BaseBuilder->get()
 6 APPPATH\Controllers\Wilayah.php(87): App\Models\ModelWilayah->DetailData('11')
 7 SYSTEMPATH\CodeIgniter.php(933): App\Controllers\Wilayah->Edit('11')
 8 SYSTEMPATH\CodeIgniter.php(507): CodeIgniter\CodeIgniter->runController(Object(App\Controllers\Wilayah))
 9 SYSTEMPATH\CodeIgniter.php(354): CodeIgniter\CodeIgniter->handleRequest(null, Object(Config\Cache), false)
10 SYSTEMPATH\Boot.php(334): CodeIgniter\CodeIgniter->run()
11 SYSTEMPATH\Boot.php(67): CodeIgniter\Boot::runCodeIgniter(Object(CodeIgniter\CodeIgniter))
12 FCPATH\index.php(56): CodeIgniter\Boot::bootWeb(Object(Config\Paths))
CRITICAL - 2025-03-16 11:27:47 --> Error: Cannot call constructor
[Method: GET, Route: Wilayah/Edit/11]
in APPPATH\Controllers\Wilayah.php on line 19.
 1 SYSTEMPATH\CodeIgniter.php(903): App\Controllers\Wilayah->__construct()
 2 SYSTEMPATH\CodeIgniter.php(498): CodeIgniter\CodeIgniter->createController()
 3 SYSTEMPATH\CodeIgniter.php(354): CodeIgniter\CodeIgniter->handleRequest(null, Object(Config\Cache), false)
 4 SYSTEMPATH\Boot.php(334): CodeIgniter\CodeIgniter->run()
 5 SYSTEMPATH\Boot.php(67): CodeIgniter\Boot::runCodeIgniter(Object(CodeIgniter\CodeIgniter))
 6 FCPATH\index.php(56): CodeIgniter\Boot::bootWeb(Object(Config\Paths))
CRITICAL - 2025-03-16 11:28:07 --> Error: Cannot call constructor
[Method: GET, Route: Wilayah]
in APPPATH\Controllers\Wilayah.php on line 19.
 1 SYSTEMPATH\CodeIgniter.php(903): App\Controllers\Wilayah->__construct()
 2 SYSTEMPATH\CodeIgniter.php(498): CodeIgniter\CodeIgniter->createController()
 3 SYSTEMPATH\CodeIgniter.php(354): CodeIgniter\CodeIgniter->handleRequest(null, Object(Config\Cache), false)
 4 SYSTEMPATH\Boot.php(334): CodeIgniter\CodeIgniter->run()
 5 SYSTEMPATH\Boot.php(67): CodeIgniter\Boot::runCodeIgniter(Object(CodeIgniter\CodeIgniter))
 6 FCPATH\index.php(56): CodeIgniter\Boot::bootWeb(Object(Config\Paths))
WARNING - 2025-03-16 11:28:13 --> [DEPRECATED] Creation of dynamic property App\Controllers\Admin::$ModelSetting is deprecated in APPPATH\Controllers\Admin.php on line 11.
 1 SYSTEMPATH\CodeIgniter.php(903): App\Controllers\Admin->__construct()
 2 SYSTEMPATH\CodeIgniter.php(498): CodeIgniter\CodeIgniter->createController()
 3 SYSTEMPATH\CodeIgniter.php(354): CodeIgniter\CodeIgniter->handleRequest(null, Object(Config\Cache), false)
 4 SYSTEMPATH\Boot.php(334): CodeIgniter\CodeIgniter->run()
 5 SYSTEMPATH\Boot.php(67): CodeIgniter\Boot::runCodeIgniter(Object(CodeIgniter\CodeIgniter))
 6 FCPATH\index.php(56): CodeIgniter\Boot::bootWeb(Object(Config\Paths))
CRITICAL - 2025-03-16 11:28:19 --> Error: Cannot call constructor
[Method: GET, Route: Wilayah]
in APPPATH\Controllers\Wilayah.php on line 19.
 1 SYSTEMPATH\CodeIgniter.php(903): App\Controllers\Wilayah->__construct()
 2 SYSTEMPATH\CodeIgniter.php(498): CodeIgniter\CodeIgniter->createController()
 3 SYSTEMPATH\CodeIgniter.php(354): CodeIgniter\CodeIgniter->handleRequest(null, Object(Config\Cache), false)
 4 SYSTEMPATH\Boot.php(334): CodeIgniter\CodeIgniter->run()
 5 SYSTEMPATH\Boot.php(67): CodeIgniter\Boot::runCodeIgniter(Object(CodeIgniter\CodeIgniter))
 6 FCPATH\index.php(56): CodeIgniter\Boot::bootWeb(Object(Config\Paths))
WARNING - 2025-03-16 11:28:47 --> [DEPRECATED] Creation of dynamic property App\Controllers\Wilayah::$ModelWilayah is deprecated in APPPATH\Controllers\Wilayah.php on line 16.
 1 SYSTEMPATH\CodeIgniter.php(903): App\Controllers\Wilayah->__construct()
 2 SYSTEMPATH\CodeIgniter.php(498): CodeIgniter\CodeIgniter->createController()
 3 SYSTEMPATH\CodeIgniter.php(354): CodeIgniter\CodeIgniter->handleRequest(null, Object(Config\Cache), false)
 4 SYSTEMPATH\Boot.php(334): CodeIgniter\CodeIgniter->run()
 5 SYSTEMPATH\Boot.php(67): CodeIgniter\Boot::runCodeIgniter(Object(CodeIgniter\CodeIgniter))
 6 FCPATH\index.php(56): CodeIgniter\Boot::bootWeb(Object(Config\Paths))
WARNING - 2025-03-16 11:28:47 --> [DEPRECATED] Creation of dynamic property App\Controllers\Wilayah::$ModelSetting is deprecated in APPPATH\Controllers\Wilayah.php on line 17.
 1 SYSTEMPATH\CodeIgniter.php(903): App\Controllers\Wilayah->__construct()
 2 SYSTEMPATH\CodeIgniter.php(498): CodeIgniter\CodeIgniter->createController()
 3 SYSTEMPATH\CodeIgniter.php(354): CodeIgniter\CodeIgniter->handleRequest(null, Object(Config\Cache), false)
 4 SYSTEMPATH\Boot.php(334): CodeIgniter\CodeIgniter->run()
 5 SYSTEMPATH\Boot.php(67): CodeIgniter\Boot::runCodeIgniter(Object(CodeIgniter\CodeIgniter))
 6 FCPATH\index.php(56): CodeIgniter\Boot::bootWeb(Object(Config\Paths))
DEBUG - 2025-03-16 11:28:47 --> Session: Class initialized using 'CodeIgniter\Session\Handlers\FileHandler' driver.
CRITICAL - 2025-03-16 11:34:21 --> Error: Cannot call constructor
[Method: GET, Route: Wilayah]
in APPPATH\Controllers\Wilayah.php on line 19.
 1 SYSTEMPATH\CodeIgniter.php(903): App\Controllers\Wilayah->__construct()
 2 SYSTEMPATH\CodeIgniter.php(498): CodeIgniter\CodeIgniter->createController()
 3 SYSTEMPATH\CodeIgniter.php(354): CodeIgniter\CodeIgniter->handleRequest(null, Object(Config\Cache), false)
 4 SYSTEMPATH\Boot.php(334): CodeIgniter\CodeIgniter->run()
 5 SYSTEMPATH\Boot.php(67): CodeIgniter\Boot::runCodeIgniter(Object(CodeIgniter\CodeIgniter))
 6 FCPATH\index.php(56): CodeIgniter\Boot::bootWeb(Object(Config\Paths))
DEBUG - 2025-03-16 11:37:30 --> Session: Class initialized using 'CodeIgniter\Session\Handlers\FileHandler' driver.
DEBUG - 2025-03-16 11:37:38 --> Session: Class initialized using 'CodeIgniter\Session\Handlers\FileHandler' driver.
DEBUG - 2025-03-16 11:38:27 --> Session: Class initialized using 'CodeIgniter\Session\Handlers\FileHandler' driver.
DEBUG - 2025-03-16 11:45:37 --> Session: Class initialized using 'CodeIgniter\Session\Handlers\FileHandler' driver.
DEBUG - 2025-03-16 11:45:50 --> Session: Class initialized using 'CodeIgniter\Session\Handlers\FileHandler' driver.
DEBUG - 2025-03-16 11:47:14 --> Session: Class initialized using 'CodeIgniter\Session\Handlers\FileHandler' driver.
DEBUG - 2025-03-16 11:49:43 --> Session: Class initialized using 'CodeIgniter\Session\Handlers\FileHandler' driver.
DEBUG - 2025-03-16 11:59:18 --> Session: Class initialized using 'CodeIgniter\Session\Handlers\FileHandler' driver.
ERROR - 2025-03-16 11:59:35 --> mysqli_sql_exception: Operand should contain 1 column(s) in C:\laragon\www\gis-sekolah-ci4\system\Database\MySQLi\Connection.php:327
Stack trace:
#0 C:\laragon\www\gis-sekolah-ci4\system\Database\MySQLi\Connection.php(327): mysqli->query('UPDATE `tbl_wil...', 0)
#1 C:\laragon\www\gis-sekolah-ci4\system\Database\BaseConnection.php(738): CodeIgniter\Database\MySQLi\Connection->execute('UPDATE `tbl_wil...')
#2 C:\laragon\www\gis-sekolah-ci4\system\Database\BaseConnection.php(652): CodeIgniter\Database\BaseConnection->simpleQuery('UPDATE `tbl_wil...')
#3 C:\laragon\www\gis-sekolah-ci4\system\Database\BaseBuilder.php(2521): CodeIgniter\Database\BaseConnection->query('UPDATE `tbl_wil...', Array, false)
#4 C:\laragon\www\gis-sekolah-ci4\app\Models\ModelWilayah.php(31): CodeIgniter\Database\BaseBuilder->update(Array)
#5 C:\laragon\www\gis-sekolah-ci4\app\Controllers\Wilayah.php(128): App\Models\ModelWilayah->UpdateData(Array)
#6 C:\laragon\www\gis-sekolah-ci4\system\CodeIgniter.php(933): App\Controllers\Wilayah->UpdateData('11')
#7 C:\laragon\www\gis-sekolah-ci4\system\CodeIgniter.php(507): CodeIgniter\CodeIgniter->runController(Object(App\Controllers\Wilayah))
#8 C:\laragon\www\gis-sekolah-ci4\system\CodeIgniter.php(354): CodeIgniter\CodeIgniter->handleRequest(NULL, Object(Config\Cache), false)
#9 C:\laragon\www\gis-sekolah-ci4\system\Boot.php(334): CodeIgniter\CodeIgniter->run()
#10 C:\laragon\www\gis-sekolah-ci4\system\Boot.php(67): CodeIgniter\Boot::runCodeIgniter(Object(CodeIgniter\CodeIgniter))
#11 C:\laragon\www\gis-sekolah-ci4\public\index.php(56): CodeIgniter\Boot::bootWeb(Object(Config\Paths))
#12 {main}
CRITICAL - 2025-03-16 11:59:35 --> CodeIgniter\Database\Exceptions\DatabaseException: Operand should contain 1 column(s)
[Method: POST, Route: Wilayah/UpdateData/11]
in SYSTEMPATH\Database\BaseConnection.php on line 692.
 1 SYSTEMPATH\Database\BaseBuilder.php(2521): CodeIgniter\Database\BaseConnection->query('UPDATE `tbl_wilayah` SET `id_wilayah` = :id_wilayah.1:, `nama_wilayah` = :nama_wilayah:, `warna` = :warna:, `geojson` = :geojson:
WHERE `id_wilayah` = :id_wilayah:', [...], false)
 2 APPPATH\Models\ModelWilayah.php(31): CodeIgniter\Database\BaseBuilder->update([...])
 3 APPPATH\Controllers\Wilayah.php(128): App\Models\ModelWilayah->UpdateData([...])
 4 SYSTEMPATH\CodeIgniter.php(933): App\Controllers\Wilayah->UpdateData('11')
 5 SYSTEMPATH\CodeIgniter.php(507): CodeIgniter\CodeIgniter->runController(Object(App\Controllers\Wilayah))
 6 SYSTEMPATH\CodeIgniter.php(354): CodeIgniter\CodeIgniter->handleRequest(null, Object(Config\Cache), false)
 7 SYSTEMPATH\Boot.php(334): CodeIgniter\CodeIgniter->run()
 8 SYSTEMPATH\Boot.php(67): CodeIgniter\Boot::runCodeIgniter(Object(CodeIgniter\CodeIgniter))
 9 FCPATH\index.php(56): CodeIgniter\Boot::bootWeb(Object(Config\Paths))
CRITICAL - 2025-03-16 11:59:35 --> [Caused by] CodeIgniter\Database\Exceptions\DatabaseException: Operand should contain 1 column(s)
in SYSTEMPATH\Database\MySQLi\Connection.php on line 332.
 1 SYSTEMPATH\Database\BaseConnection.php(738): CodeIgniter\Database\MySQLi\Connection->execute('UPDATE `tbl_wilayah` SET `id_wilayah` = \'11\', `nama_wilayah` = \'Kecamatan Paguyangan 1\', `warna` = \'#E700FF\', `geojson` = \'   {\\r\\n      \\"type\\": \\"Feature\\",\\r\\n      \\"properties\\": { \\"KECAMATAN\\" : \\"PAGUYANGAN\\" },\\r\\n      \\"geometry\\": {\\r\\n        \\"coordinates\\": [\\r\\n          [\\r\\n            108.96372200535927,\\r\\n            -7.297571627558568\\r\\n          ],\\r\\n          [\\r\\n            109.06407358982597,\\r\\n            -7.245230204502434\\r\\n          ],\\r\\n          [\\r\\n            109.07089436807883,\\r\\n            -7.340354806660599\\r\\n          ],\\r\\n          [\\r\\n            108.96141893761717,\\r\\n            -7.297575719015342\\r\\n          ]\\r\\n        ],\\r\\n        \\"type\\": \\"LineString\\"\\r\\n      }\\r\\n    }\\r\\n  ]\\r\\n}\'
WHERE `id_wilayah` = (\'11\',\'Kecamatan Paguyangan 1\',\'#E700FF\',\'   {\\r\\n      \\"type\\": \\"Feature\\",\\r\\n      \\"properties\\": { \\"KECAMATAN\\" : \\"PAGUYANGAN\\" },\\r\\n      \\"geometry\\": {\\r\\n        \\"coordinates\\": [\\r\\n          [\\r\\n            108.96372200535927,\\r\\n            -7.297571627558568\\r\\n          ],\\r\\n          [\\r\\n            109.06407358982597,\\r\\n            -7.245230204502434\\r\\n          ],\\r\\n          [\\r\\n            109.07089436807883,\\r\\n            -7.340354806660599\\r\\n          ],\\r\\n          [\\r\\n            108.96141893761717,\\r\\n            -7.297575719015342\\r\\n          ]\\r\\n        ],\\r\\n        \\"type\\": \\"LineString\\"\\r\\n      }\\r\\n    }\\r\\n  ]\\r\\n}\')')
 2 SYSTEMPATH\Database\BaseConnection.php(652): CodeIgniter\Database\BaseConnection->simpleQuery('UPDATE `tbl_wilayah` SET `id_wilayah` = \'11\', `nama_wilayah` = \'Kecamatan Paguyangan 1\', `warna` = \'#E700FF\', `geojson` = \'   {\\r\\n      \\"type\\": \\"Feature\\",\\r\\n      \\"properties\\": { \\"KECAMATAN\\" : \\"PAGUYANGAN\\" },\\r\\n      \\"geometry\\": {\\r\\n        \\"coordinates\\": [\\r\\n          [\\r\\n            108.96372200535927,\\r\\n            -7.297571627558568\\r\\n          ],\\r\\n          [\\r\\n            109.06407358982597,\\r\\n            -7.245230204502434\\r\\n          ],\\r\\n          [\\r\\n            109.07089436807883,\\r\\n            -7.340354806660599\\r\\n          ],\\r\\n          [\\r\\n            108.96141893761717,\\r\\n            -7.297575719015342\\r\\n          ]\\r\\n        ],\\r\\n        \\"type\\": \\"LineString\\"\\r\\n      }\\r\\n    }\\r\\n  ]\\r\\n}\'
WHERE `id_wilayah` = (\'11\',\'Kecamatan Paguyangan 1\',\'#E700FF\',\'   {\\r\\n      \\"type\\": \\"Feature\\",\\r\\n      \\"properties\\": { \\"KECAMATAN\\" : \\"PAGUYANGAN\\" },\\r\\n      \\"geometry\\": {\\r\\n        \\"coordinates\\": [\\r\\n          [\\r\\n            108.96372200535927,\\r\\n            -7.297571627558568\\r\\n          ],\\r\\n          [\\r\\n            109.06407358982597,\\r\\n            -7.245230204502434\\r\\n          ],\\r\\n          [\\r\\n            109.07089436807883,\\r\\n            -7.340354806660599\\r\\n          ],\\r\\n          [\\r\\n            108.96141893761717,\\r\\n            -7.297575719015342\\r\\n          ]\\r\\n        ],\\r\\n        \\"type\\": \\"LineString\\"\\r\\n      }\\r\\n    }\\r\\n  ]\\r\\n}\')')
 3 SYSTEMPATH\Database\BaseBuilder.php(2521): CodeIgniter\Database\BaseConnection->query('UPDATE `tbl_wilayah` SET `id_wilayah` = :id_wilayah.1:, `nama_wilayah` = :nama_wilayah:, `warna` = :warna:, `geojson` = :geojson:
WHERE `id_wilayah` = :id_wilayah:', [...], false)
 4 APPPATH\Models\ModelWilayah.php(31): CodeIgniter\Database\BaseBuilder->update([...])
 5 APPPATH\Controllers\Wilayah.php(128): App\Models\ModelWilayah->UpdateData([...])
 6 SYSTEMPATH\CodeIgniter.php(933): App\Controllers\Wilayah->UpdateData('11')
 7 SYSTEMPATH\CodeIgniter.php(507): CodeIgniter\CodeIgniter->runController(Object(App\Controllers\Wilayah))
 8 SYSTEMPATH\CodeIgniter.php(354): CodeIgniter\CodeIgniter->handleRequest(null, Object(Config\Cache), false)
 9 SYSTEMPATH\Boot.php(334): CodeIgniter\CodeIgniter->run()
10 SYSTEMPATH\Boot.php(67): CodeIgniter\Boot::runCodeIgniter(Object(CodeIgniter\CodeIgniter))
11 FCPATH\index.php(56): CodeIgniter\Boot::bootWeb(Object(Config\Paths))
CRITICAL - 2025-03-16 11:59:35 --> [Caused by] mysqli_sql_exception: Operand should contain 1 column(s)
in SYSTEMPATH\Database\MySQLi\Connection.php on line 327.
 1 SYSTEMPATH\Database\MySQLi\Connection.php(327): mysqli->query('UPDATE `tbl_wilayah` SET `id_wilayah` = \'11\', `nama_wilayah` = \'Kecamatan Paguyangan 1\', `warna` = \'#E700FF\', `geojson` = \'   {\\r\\n      \\"type\\": \\"Feature\\",\\r\\n      \\"properties\\": { \\"KECAMATAN\\" : \\"PAGUYANGAN\\" },\\r\\n      \\"geometry\\": {\\r\\n        \\"coordinates\\": [\\r\\n          [\\r\\n            108.96372200535927,\\r\\n            -7.297571627558568\\r\\n          ],\\r\\n          [\\r\\n            109.06407358982597,\\r\\n            -7.245230204502434\\r\\n          ],\\r\\n          [\\r\\n            109.07089436807883,\\r\\n            -7.340354806660599\\r\\n          ],\\r\\n          [\\r\\n            108.96141893761717,\\r\\n            -7.297575719015342\\r\\n          ]\\r\\n        ],\\r\\n        \\"type\\": \\"LineString\\"\\r\\n      }\\r\\n    }\\r\\n  ]\\r\\n}\'
WHERE `id_wilayah` = (\'11\',\'Kecamatan Paguyangan 1\',\'#E700FF\',\'   {\\r\\n      \\"type\\": \\"Feature\\",\\r\\n      \\"properties\\": { \\"KECAMATAN\\" : \\"PAGUYANGAN\\" },\\r\\n      \\"geometry\\": {\\r\\n        \\"coordinates\\": [\\r\\n          [\\r\\n            108.96372200535927,\\r\\n            -7.297571627558568\\r\\n          ],\\r\\n          [\\r\\n            109.06407358982597,\\r\\n            -7.245230204502434\\r\\n          ],\\r\\n          [\\r\\n            109.07089436807883,\\r\\n            -7.340354806660599\\r\\n          ],\\r\\n          [\\r\\n            108.96141893761717,\\r\\n            -7.297575719015342\\r\\n          ]\\r\\n        ],\\r\\n        \\"type\\": \\"LineString\\"\\r\\n      }\\r\\n    }\\r\\n  ]\\r\\n}\')', 0)
 2 SYSTEMPATH\Database\BaseConnection.php(738): CodeIgniter\Database\MySQLi\Connection->execute('UPDATE `tbl_wilayah` SET `id_wilayah` = \'11\', `nama_wilayah` = \'Kecamatan Paguyangan 1\', `warna` = \'#E700FF\', `geojson` = \'   {\\r\\n      \\"type\\": \\"Feature\\",\\r\\n      \\"properties\\": { \\"KECAMATAN\\" : \\"PAGUYANGAN\\" },\\r\\n      \\"geometry\\": {\\r\\n        \\"coordinates\\": [\\r\\n          [\\r\\n            108.96372200535927,\\r\\n            -7.297571627558568\\r\\n          ],\\r\\n          [\\r\\n            109.06407358982597,\\r\\n            -7.245230204502434\\r\\n          ],\\r\\n          [\\r\\n            109.07089436807883,\\r\\n            -7.340354806660599\\r\\n          ],\\r\\n          [\\r\\n            108.96141893761717,\\r\\n            -7.297575719015342\\r\\n          ]\\r\\n        ],\\r\\n        \\"type\\": \\"LineString\\"\\r\\n      }\\r\\n    }\\r\\n  ]\\r\\n}\'
WHERE `id_wilayah` = (\'11\',\'Kecamatan Paguyangan 1\',\'#E700FF\',\'   {\\r\\n      \\"type\\": \\"Feature\\",\\r\\n      \\"properties\\": { \\"KECAMATAN\\" : \\"PAGUYANGAN\\" },\\r\\n      \\"geometry\\": {\\r\\n        \\"coordinates\\": [\\r\\n          [\\r\\n            108.96372200535927,\\r\\n            -7.297571627558568\\r\\n          ],\\r\\n          [\\r\\n            109.06407358982597,\\r\\n            -7.245230204502434\\r\\n          ],\\r\\n          [\\r\\n            109.07089436807883,\\r\\n            -7.340354806660599\\r\\n          ],\\r\\n          [\\r\\n            108.96141893761717,\\r\\n            -7.297575719015342\\r\\n          ]\\r\\n        ],\\r\\n        \\"type\\": \\"LineString\\"\\r\\n      }\\r\\n    }\\r\\n  ]\\r\\n}\')')
 3 SYSTEMPATH\Database\BaseConnection.php(652): CodeIgniter\Database\BaseConnection->simpleQuery('UPDATE `tbl_wilayah` SET `id_wilayah` = \'11\', `nama_wilayah` = \'Kecamatan Paguyangan 1\', `warna` = \'#E700FF\', `geojson` = \'   {\\r\\n      \\"type\\": \\"Feature\\",\\r\\n      \\"properties\\": { \\"KECAMATAN\\" : \\"PAGUYANGAN\\" },\\r\\n      \\"geometry\\": {\\r\\n        \\"coordinates\\": [\\r\\n          [\\r\\n            108.96372200535927,\\r\\n            -7.297571627558568\\r\\n          ],\\r\\n          [\\r\\n            109.06407358982597,\\r\\n            -7.245230204502434\\r\\n          ],\\r\\n          [\\r\\n            109.07089436807883,\\r\\n            -7.340354806660599\\r\\n          ],\\r\\n          [\\r\\n            108.96141893761717,\\r\\n            -7.297575719015342\\r\\n          ]\\r\\n        ],\\r\\n        \\"type\\": \\"LineString\\"\\r\\n      }\\r\\n    }\\r\\n  ]\\r\\n}\'
WHERE `id_wilayah` = (\'11\',\'Kecamatan Paguyangan 1\',\'#E700FF\',\'   {\\r\\n      \\"type\\": \\"Feature\\",\\r\\n      \\"properties\\": { \\"KECAMATAN\\" : \\"PAGUYANGAN\\" },\\r\\n      \\"geometry\\": {\\r\\n        \\"coordinates\\": [\\r\\n          [\\r\\n            108.96372200535927,\\r\\n            -7.297571627558568\\r\\n          ],\\r\\n          [\\r\\n            109.06407358982597,\\r\\n            -7.245230204502434\\r\\n          ],\\r\\n          [\\r\\n            109.07089436807883,\\r\\n            -7.340354806660599\\r\\n          ],\\r\\n          [\\r\\n            108.96141893761717,\\r\\n            -7.297575719015342\\r\\n          ]\\r\\n        ],\\r\\n        \\"type\\": \\"LineString\\"\\r\\n      }\\r\\n    }\\r\\n  ]\\r\\n}\')')
 4 SYSTEMPATH\Database\BaseBuilder.php(2521): CodeIgniter\Database\BaseConnection->query('UPDATE `tbl_wilayah` SET `id_wilayah` = :id_wilayah.1:, `nama_wilayah` = :nama_wilayah:, `warna` = :warna:, `geojson` = :geojson:
WHERE `id_wilayah` = :id_wilayah:', [...], false)
 5 APPPATH\Models\ModelWilayah.php(31): CodeIgniter\Database\BaseBuilder->update([...])
 6 APPPATH\Controllers\Wilayah.php(128): App\Models\ModelWilayah->UpdateData([...])
 7 SYSTEMPATH\CodeIgniter.php(933): App\Controllers\Wilayah->UpdateData('11')
 8 SYSTEMPATH\CodeIgniter.php(507): CodeIgniter\CodeIgniter->runController(Object(App\Controllers\Wilayah))
 9 SYSTEMPATH\CodeIgniter.php(354): CodeIgniter\CodeIgniter->handleRequest(null, Object(Config\Cache), false)
10 SYSTEMPATH\Boot.php(334): CodeIgniter\CodeIgniter->run()
11 SYSTEMPATH\Boot.php(67): CodeIgniter\Boot::runCodeIgniter(Object(CodeIgniter\CodeIgniter))
12 FCPATH\index.php(56): CodeIgniter\Boot::bootWeb(Object(Config\Paths))
DEBUG - 2025-03-16 12:16:21 --> Session: Class initialized using 'CodeIgniter\Session\Handlers\FileHandler' driver.
DEBUG - 2025-03-16 12:16:22 --> Session: Class initialized using 'CodeIgniter\Session\Handlers\FileHandler' driver.
WARNING - 2025-03-16 13:01:35 --> [DEPRECATED] Creation of dynamic property App\Controllers\Admin::$ModelSetting is deprecated in APPPATH\Controllers\Admin.php on line 11.
 1 SYSTEMPATH\CodeIgniter.php(903): App\Controllers\Admin->__construct()
 2 SYSTEMPATH\CodeIgniter.php(498): CodeIgniter\CodeIgniter->createController()
 3 SYSTEMPATH\CodeIgniter.php(354): CodeIgniter\CodeIgniter->handleRequest(null, Object(Config\Cache), false)
 4 SYSTEMPATH\Boot.php(334): CodeIgniter\CodeIgniter->run()
 5 SYSTEMPATH\Boot.php(67): CodeIgniter\Boot::runCodeIgniter(Object(CodeIgniter\CodeIgniter))
 6 FCPATH\index.php(56): CodeIgniter\Boot::bootWeb(Object(Config\Paths))
DEBUG - 2025-03-16 13:01:53 --> Session: Class initialized using 'CodeIgniter\Session\Handlers\FileHandler' driver.
DEBUG - 2025-03-16 13:02:04 --> Session: Class initialized using 'CodeIgniter\Session\Handlers\FileHandler' driver.
DEBUG - 2025-03-16 13:02:23 --> Session: Class initialized using 'CodeIgniter\Session\Handlers\FileHandler' driver.
DEBUG - 2025-03-16 13:02:24 --> Session: Class initialized using 'CodeIgniter\Session\Handlers\FileHandler' driver.
DEBUG - 2025-03-16 13:07:11 --> Session: Class initialized using 'CodeIgniter\Session\Handlers\FileHandler' driver.
DEBUG - 2025-03-16 13:14:50 --> Session: Class initialized using 'CodeIgniter\Session\Handlers\FileHandler' driver.
DEBUG - 2025-03-16 13:15:00 --> Session: Class initialized using 'CodeIgniter\Session\Handlers\FileHandler' driver.
DEBUG - 2025-03-16 13:15:01 --> Session: Class initialized using 'CodeIgniter\Session\Handlers\FileHandler' driver.
DEBUG - 2025-03-16 13:16:13 --> Session: Class initialized using 'CodeIgniter\Session\Handlers\FileHandler' driver.
DEBUG - 2025-03-16 13:16:18 --> Session: Class initialized using 'CodeIgniter\Session\Handlers\FileHandler' driver.
DEBUG - 2025-03-16 13:16:19 --> Session: Class initialized using 'CodeIgniter\Session\Handlers\FileHandler' driver.
DEBUG - 2025-03-16 13:25:15 --> Session: Class initialized using 'CodeIgniter\Session\Handlers\FileHandler' driver.
CRITICAL - 2025-03-16 13:25:21 --> ArgumentCountError: Too few arguments to function App\Models\ModelWilayah::DeleteData(), 1 passed in C:\laragon\www\gis-sekolah-ci4\app\Controllers\Wilayah.php on line 144 and exactly 2 expected
[Method: GET, Route: Wilayah/Delete/11]
in APPPATH\Models\ModelWilayah.php on line 34.
 1 APPPATH\Controllers\Wilayah.php(144): App\Models\ModelWilayah->DeleteData('11')
 2 SYSTEMPATH\CodeIgniter.php(933): App\Controllers\Wilayah->Delete('11')
 3 SYSTEMPATH\CodeIgniter.php(507): CodeIgniter\CodeIgniter->runController(Object(App\Controllers\Wilayah))
 4 SYSTEMPATH\CodeIgniter.php(354): CodeIgniter\CodeIgniter->handleRequest(null, Object(Config\Cache), false)
 5 SYSTEMPATH\Boot.php(334): CodeIgniter\CodeIgniter->run()
 6 SYSTEMPATH\Boot.php(67): CodeIgniter\Boot::runCodeIgniter(Object(CodeIgniter\CodeIgniter))
 7 FCPATH\index.php(56): CodeIgniter\Boot::bootWeb(Object(Config\Paths))
DEBUG - 2025-03-16 13:25:32 --> Session: Class initialized using 'CodeIgniter\Session\Handlers\FileHandler' driver.
DEBUG - 2025-03-16 13:25:33 --> Session: Class initialized using 'CodeIgniter\Session\Handlers\FileHandler' driver.
DEBUG - 2025-03-16 13:35:52 --> Session: Class initialized using 'CodeIgniter\Session\Handlers\FileHandler' driver.
DEBUG - 2025-03-16 13:36:43 --> Session: Class initialized using 'CodeIgniter\Session\Handlers\FileHandler' driver.
DEBUG - 2025-03-16 13:36:43 --> Session: Class initialized using 'CodeIgniter\Session\Handlers\FileHandler' driver.
DEBUG - 2025-03-16 13:43:41 --> Session: Class initialized using 'CodeIgniter\Session\Handlers\FileHandler' driver.
DEBUG - 2025-03-16 13:44:57 --> Session: Class initialized using 'CodeIgniter\Session\Handlers\FileHandler' driver.
DEBUG - 2025-03-16 13:45:22 --> Session: Class initialized using 'CodeIgniter\Session\Handlers\FileHandler' driver.
DEBUG - 2025-03-16 13:45:23 --> Session: Class initialized using 'CodeIgniter\Session\Handlers\FileHandler' driver.
DEBUG - 2025-03-16 13:45:57 --> Session: Class initialized using 'CodeIgniter\Session\Handlers\FileHandler' driver.
DEBUG - 2025-03-16 13:46:08 --> Session: Class initialized using 'CodeIgniter\Session\Handlers\FileHandler' driver.
DEBUG - 2025-03-16 13:46:23 --> Session: Class initialized using 'CodeIgniter\Session\Handlers\FileHandler' driver.
DEBUG - 2025-03-16 13:56:57 --> Session: Class initialized using 'CodeIgniter\Session\Handlers\FileHandler' driver.
DEBUG - 2025-03-16 13:57:37 --> Session: Class initialized using 'CodeIgniter\Session\Handlers\FileHandler' driver.
DEBUG - 2025-03-16 13:57:55 --> Session: Class initialized using 'CodeIgniter\Session\Handlers\FileHandler' driver.
DEBUG - 2025-03-16 13:57:55 --> Session: Class initialized using 'CodeIgniter\Session\Handlers\FileHandler' driver.
DEBUG - 2025-03-16 13:58:01 --> Session: Class initialized using 'CodeIgniter\Session\Handlers\FileHandler' driver.
DEBUG - 2025-03-16 13:58:01 --> Session: Class initialized using 'CodeIgniter\Session\Handlers\FileHandler' driver.
DEBUG - 2025-03-16 13:59:15 --> Session: Class initialized using 'CodeIgniter\Session\Handlers\FileHandler' driver.
DEBUG - 2025-03-16 14:21:29 --> Session: Class initialized using 'CodeIgniter\Session\Handlers\FileHandler' driver.
DEBUG - 2025-03-16 14:21:39 --> Session: Class initialized using 'CodeIgniter\Session\Handlers\FileHandler' driver.
DEBUG - 2025-03-16 14:21:40 --> Session: Class initialized using 'CodeIgniter\Session\Handlers\FileHandler' driver.
DEBUG - 2025-03-16 14:24:26 --> Session: Class initialized using 'CodeIgniter\Session\Handlers\FileHandler' driver.
DEBUG - 2025-03-16 14:24:27 --> Session: Class initialized using 'CodeIgniter\Session\Handlers\FileHandler' driver.
DEBUG - 2025-03-16 14:25:23 --> Session: Class initialized using 'CodeIgniter\Session\Handlers\FileHandler' driver.
DEBUG - 2025-03-16 14:37:11 --> Session: Class initialized using 'CodeIgniter\Session\Handlers\FileHandler' driver.
DEBUG - 2025-03-16 14:41:21 --> Session: Class initialized using 'CodeIgniter\Session\Handlers\FileHandler' driver.
DEBUG - 2025-03-16 14:42:26 --> Session: Class initialized using 'CodeIgniter\Session\Handlers\FileHandler' driver.
DEBUG - 2025-03-16 14:44:02 --> Session: Class initialized using 'CodeIgniter\Session\Handlers\FileHandler' driver.
DEBUG - 2025-03-16 14:45:11 --> Session: Class initialized using 'CodeIgniter\Session\Handlers\FileHandler' driver.
DEBUG - 2025-03-16 14:45:47 --> Session: Class initialized using 'CodeIgniter\Session\Handlers\FileHandler' driver.
DEBUG - 2025-03-16 14:49:52 --> Session: Class initialized using 'CodeIgniter\Session\Handlers\FileHandler' driver.
DEBUG - 2025-03-16 14:50:31 --> Session: Class initialized using 'CodeIgniter\Session\Handlers\FileHandler' driver.
DEBUG - 2025-03-16 14:51:22 --> Session: Class initialized using 'CodeIgniter\Session\Handlers\FileHandler' driver.
DEBUG - 2025-03-16 14:54:09 --> Session: Class initialized using 'CodeIgniter\Session\Handlers\FileHandler' driver.
DEBUG - 2025-03-16 15:00:34 --> Session: Class initialized using 'CodeIgniter\Session\Handlers\FileHandler' driver.
DEBUG - 2025-03-16 15:03:36 --> Session: Class initialized using 'CodeIgniter\Session\Handlers\FileHandler' driver.
DEBUG - 2025-03-16 15:10:03 --> Session: Class initialized using 'CodeIgniter\Session\Handlers\FileHandler' driver.
DEBUG - 2025-03-16 15:10:13 --> Session: Class initialized using 'CodeIgniter\Session\Handlers\FileHandler' driver.
ERROR - 2025-03-16 16:10:17 --> mysqli_sql_exception: Unknown column 'id_wilayah' in 'field list' in C:\laragon\www\gis-sekolah-ci4\system\Database\MySQLi\Connection.php:327
Stack trace:
#0 C:\laragon\www\gis-sekolah-ci4\system\Database\MySQLi\Connection.php(327): mysqli->query('SELECT `id_wila...', 0)
#1 C:\laragon\www\gis-sekolah-ci4\system\Database\BaseConnection.php(738): CodeIgniter\Database\MySQLi\Connection->execute('SELECT `id_wila...')
#2 C:\laragon\www\gis-sekolah-ci4\system\Database\BaseConnection.php(652): CodeIgniter\Database\BaseConnection->simpleQuery('SELECT `id_wila...')
#3 C:\laragon\www\gis-sekolah-ci4\system\Database\BaseBuilder.php(1649): CodeIgniter\Database\BaseConnection->query('SELECT `id_wila...', Array, false)
#4 C:\laragon\www\gis-sekolah-ci4\app\Models\ModelJenjang.php(13): CodeIgniter\Database\BaseBuilder->get()
#5 C:\laragon\www\gis-sekolah-ci4\app\Controllers\Jenjang.php(25): App\Models\ModelJenjang->AllData()
#6 C:\laragon\www\gis-sekolah-ci4\system\CodeIgniter.php(933): App\Controllers\Jenjang->index()
#7 C:\laragon\www\gis-sekolah-ci4\system\CodeIgniter.php(507): CodeIgniter\CodeIgniter->runController(Object(App\Controllers\Jenjang))
#8 C:\laragon\www\gis-sekolah-ci4\system\CodeIgniter.php(354): CodeIgniter\CodeIgniter->handleRequest(NULL, Object(Config\Cache), false)
#9 C:\laragon\www\gis-sekolah-ci4\system\Boot.php(334): CodeIgniter\CodeIgniter->run()
#10 C:\laragon\www\gis-sekolah-ci4\system\Boot.php(67): CodeIgniter\Boot::runCodeIgniter(Object(CodeIgniter\CodeIgniter))
#11 C:\laragon\www\gis-sekolah-ci4\public\index.php(56): CodeIgniter\Boot::bootWeb(Object(Config\Paths))
#12 {main}
CRITICAL - 2025-03-16 16:10:17 --> CodeIgniter\Database\Exceptions\DatabaseException: Unknown column 'id_wilayah' in 'field list'
[Method: GET, Route: Jenjang]
in SYSTEMPATH\Database\BaseConnection.php on line 692.
 1 SYSTEMPATH\Database\BaseBuilder.php(1649): CodeIgniter\Database\BaseConnection->query('SELECT `id_wilayah`, `nama_wilayah`, `warna`, `geojson`
FROM `tbl_jenjang`', [], false)
 2 APPPATH\Models\ModelJenjang.php(13): CodeIgniter\Database\BaseBuilder->get()
 3 APPPATH\Controllers\Jenjang.php(25): App\Models\ModelJenjang->AllData()
 4 SYSTEMPATH\CodeIgniter.php(933): App\Controllers\Jenjang->index()
 5 SYSTEMPATH\CodeIgniter.php(507): CodeIgniter\CodeIgniter->runController(Object(App\Controllers\Jenjang))
 6 SYSTEMPATH\CodeIgniter.php(354): CodeIgniter\CodeIgniter->handleRequest(null, Object(Config\Cache), false)
 7 SYSTEMPATH\Boot.php(334): CodeIgniter\CodeIgniter->run()
 8 SYSTEMPATH\Boot.php(67): CodeIgniter\Boot::runCodeIgniter(Object(CodeIgniter\CodeIgniter))
 9 FCPATH\index.php(56): CodeIgniter\Boot::bootWeb(Object(Config\Paths))
CRITICAL - 2025-03-16 16:10:17 --> [Caused by] CodeIgniter\Database\Exceptions\DatabaseException: Unknown column 'id_wilayah' in 'field list'
in SYSTEMPATH\Database\MySQLi\Connection.php on line 332.
 1 SYSTEMPATH\Database\BaseConnection.php(738): CodeIgniter\Database\MySQLi\Connection->execute('SELECT `id_wilayah`, `nama_wilayah`, `warna`, `geojson`
FROM `tbl_jenjang`')
 2 SYSTEMPATH\Database\BaseConnection.php(652): CodeIgniter\Database\BaseConnection->simpleQuery('SELECT `id_wilayah`, `nama_wilayah`, `warna`, `geojson`
FROM `tbl_jenjang`')
 3 SYSTEMPATH\Database\BaseBuilder.php(1649): CodeIgniter\Database\BaseConnection->query('SELECT `id_wilayah`, `nama_wilayah`, `warna`, `geojson`
FROM `tbl_jenjang`', [], false)
 4 APPPATH\Models\ModelJenjang.php(13): CodeIgniter\Database\BaseBuilder->get()
 5 APPPATH\Controllers\Jenjang.php(25): App\Models\ModelJenjang->AllData()
 6 SYSTEMPATH\CodeIgniter.php(933): App\Controllers\Jenjang->index()
 7 SYSTEMPATH\CodeIgniter.php(507): CodeIgniter\CodeIgniter->runController(Object(App\Controllers\Jenjang))
 8 SYSTEMPATH\CodeIgniter.php(354): CodeIgniter\CodeIgniter->handleRequest(null, Object(Config\Cache), false)
 9 SYSTEMPATH\Boot.php(334): CodeIgniter\CodeIgniter->run()
10 SYSTEMPATH\Boot.php(67): CodeIgniter\Boot::runCodeIgniter(Object(CodeIgniter\CodeIgniter))
11 FCPATH\index.php(56): CodeIgniter\Boot::bootWeb(Object(Config\Paths))
CRITICAL - 2025-03-16 16:10:17 --> [Caused by] mysqli_sql_exception: Unknown column 'id_wilayah' in 'field list'
in SYSTEMPATH\Database\MySQLi\Connection.php on line 327.
 1 SYSTEMPATH\Database\MySQLi\Connection.php(327): mysqli->query('SELECT `id_wilayah`, `nama_wilayah`, `warna`, `geojson`
FROM `tbl_jenjang`', 0)
 2 SYSTEMPATH\Database\BaseConnection.php(738): CodeIgniter\Database\MySQLi\Connection->execute('SELECT `id_wilayah`, `nama_wilayah`, `warna`, `geojson`
FROM `tbl_jenjang`')
 3 SYSTEMPATH\Database\BaseConnection.php(652): CodeIgniter\Database\BaseConnection->simpleQuery('SELECT `id_wilayah`, `nama_wilayah`, `warna`, `geojson`
FROM `tbl_jenjang`')
 4 SYSTEMPATH\Database\BaseBuilder.php(1649): CodeIgniter\Database\BaseConnection->query('SELECT `id_wilayah`, `nama_wilayah`, `warna`, `geojson`
FROM `tbl_jenjang`', [], false)
 5 APPPATH\Models\ModelJenjang.php(13): CodeIgniter\Database\BaseBuilder->get()
 6 APPPATH\Controllers\Jenjang.php(25): App\Models\ModelJenjang->AllData()
 7 SYSTEMPATH\CodeIgniter.php(933): App\Controllers\Jenjang->index()
 8 SYSTEMPATH\CodeIgniter.php(507): CodeIgniter\CodeIgniter->runController(Object(App\Controllers\Jenjang))
 9 SYSTEMPATH\CodeIgniter.php(354): CodeIgniter\CodeIgniter->handleRequest(null, Object(Config\Cache), false)
10 SYSTEMPATH\Boot.php(334): CodeIgniter\CodeIgniter->run()
11 SYSTEMPATH\Boot.php(67): CodeIgniter\Boot::runCodeIgniter(Object(CodeIgniter\CodeIgniter))
12 FCPATH\index.php(56): CodeIgniter\Boot::bootWeb(Object(Config\Paths))
DEBUG - 2025-03-16 16:12:41 --> Session: Class initialized using 'CodeIgniter\Session\Handlers\FileHandler' driver.
DEBUG - 2025-03-16 16:12:46 --> Session: Class initialized using 'CodeIgniter\Session\Handlers\FileHandler' driver.
DEBUG - 2025-03-16 16:13:51 --> Session: Class initialized using 'CodeIgniter\Session\Handlers\FileHandler' driver.
DEBUG - 2025-03-16 16:13:52 --> Session: Class initialized using 'CodeIgniter\Session\Handlers\FileHandler' driver.
ERROR - 2025-03-16 16:14:01 --> mysqli_sql_exception: Unknown column 'id_wilayah' in 'field list' in C:\laragon\www\gis-sekolah-ci4\system\Database\MySQLi\Connection.php:327
Stack trace:
#0 C:\laragon\www\gis-sekolah-ci4\system\Database\MySQLi\Connection.php(327): mysqli->query('SELECT `id_wila...', 0)
#1 C:\laragon\www\gis-sekolah-ci4\system\Database\BaseConnection.php(738): CodeIgniter\Database\MySQLi\Connection->execute('SELECT `id_wila...')
#2 C:\laragon\www\gis-sekolah-ci4\system\Database\BaseConnection.php(652): CodeIgniter\Database\BaseConnection->simpleQuery('SELECT `id_wila...')
#3 C:\laragon\www\gis-sekolah-ci4\system\Database\BaseBuilder.php(1649): CodeIgniter\Database\BaseConnection->query('SELECT `id_wila...', Array, false)
#4 C:\laragon\www\gis-sekolah-ci4\app\Models\ModelJenjang.php(13): CodeIgniter\Database\BaseBuilder->get()
#5 C:\laragon\www\gis-sekolah-ci4\app\Controllers\Jenjang.php(25): App\Models\ModelJenjang->AllData()
#6 C:\laragon\www\gis-sekolah-ci4\system\CodeIgniter.php(933): App\Controllers\Jenjang->index()
#7 C:\laragon\www\gis-sekolah-ci4\system\CodeIgniter.php(507): CodeIgniter\CodeIgniter->runController(Object(App\Controllers\Jenjang))
#8 C:\laragon\www\gis-sekolah-ci4\system\CodeIgniter.php(354): CodeIgniter\CodeIgniter->handleRequest(NULL, Object(Config\Cache), false)
#9 C:\laragon\www\gis-sekolah-ci4\system\Boot.php(334): CodeIgniter\CodeIgniter->run()
#10 C:\laragon\www\gis-sekolah-ci4\system\Boot.php(67): CodeIgniter\Boot::runCodeIgniter(Object(CodeIgniter\CodeIgniter))
#11 C:\laragon\www\gis-sekolah-ci4\public\index.php(56): CodeIgniter\Boot::bootWeb(Object(Config\Paths))
#12 {main}
CRITICAL - 2025-03-16 16:14:01 --> CodeIgniter\Database\Exceptions\DatabaseException: Unknown column 'id_wilayah' in 'field list'
[Method: GET, Route: Jenjang]
in SYSTEMPATH\Database\BaseConnection.php on line 692.
 1 SYSTEMPATH\Database\BaseBuilder.php(1649): CodeIgniter\Database\BaseConnection->query('SELECT `id_wilayah`, `nama_wilayah`, `warna`, `geojson`
FROM `tbl_jenjang`', [], false)
 2 APPPATH\Models\ModelJenjang.php(13): CodeIgniter\Database\BaseBuilder->get()
 3 APPPATH\Controllers\Jenjang.php(25): App\Models\ModelJenjang->AllData()
 4 SYSTEMPATH\CodeIgniter.php(933): App\Controllers\Jenjang->index()
 5 SYSTEMPATH\CodeIgniter.php(507): CodeIgniter\CodeIgniter->runController(Object(App\Controllers\Jenjang))
 6 SYSTEMPATH\CodeIgniter.php(354): CodeIgniter\CodeIgniter->handleRequest(null, Object(Config\Cache), false)
 7 SYSTEMPATH\Boot.php(334): CodeIgniter\CodeIgniter->run()
 8 SYSTEMPATH\Boot.php(67): CodeIgniter\Boot::runCodeIgniter(Object(CodeIgniter\CodeIgniter))
 9 FCPATH\index.php(56): CodeIgniter\Boot::bootWeb(Object(Config\Paths))
CRITICAL - 2025-03-16 16:14:01 --> [Caused by] CodeIgniter\Database\Exceptions\DatabaseException: Unknown column 'id_wilayah' in 'field list'
in SYSTEMPATH\Database\MySQLi\Connection.php on line 332.
 1 SYSTEMPATH\Database\BaseConnection.php(738): CodeIgniter\Database\MySQLi\Connection->execute('SELECT `id_wilayah`, `nama_wilayah`, `warna`, `geojson`
FROM `tbl_jenjang`')
 2 SYSTEMPATH\Database\BaseConnection.php(652): CodeIgniter\Database\BaseConnection->simpleQuery('SELECT `id_wilayah`, `nama_wilayah`, `warna`, `geojson`
FROM `tbl_jenjang`')
 3 SYSTEMPATH\Database\BaseBuilder.php(1649): CodeIgniter\Database\BaseConnection->query('SELECT `id_wilayah`, `nama_wilayah`, `warna`, `geojson`
FROM `tbl_jenjang`', [], false)
 4 APPPATH\Models\ModelJenjang.php(13): CodeIgniter\Database\BaseBuilder->get()
 5 APPPATH\Controllers\Jenjang.php(25): App\Models\ModelJenjang->AllData()
 6 SYSTEMPATH\CodeIgniter.php(933): App\Controllers\Jenjang->index()
 7 SYSTEMPATH\CodeIgniter.php(507): CodeIgniter\CodeIgniter->runController(Object(App\Controllers\Jenjang))
 8 SYSTEMPATH\CodeIgniter.php(354): CodeIgniter\CodeIgniter->handleRequest(null, Object(Config\Cache), false)
 9 SYSTEMPATH\Boot.php(334): CodeIgniter\CodeIgniter->run()
10 SYSTEMPATH\Boot.php(67): CodeIgniter\Boot::runCodeIgniter(Object(CodeIgniter\CodeIgniter))
11 FCPATH\index.php(56): CodeIgniter\Boot::bootWeb(Object(Config\Paths))
CRITICAL - 2025-03-16 16:14:01 --> [Caused by] mysqli_sql_exception: Unknown column 'id_wilayah' in 'field list'
in SYSTEMPATH\Database\MySQLi\Connection.php on line 327.
 1 SYSTEMPATH\Database\MySQLi\Connection.php(327): mysqli->query('SELECT `id_wilayah`, `nama_wilayah`, `warna`, `geojson`
FROM `tbl_jenjang`', 0)
 2 SYSTEMPATH\Database\BaseConnection.php(738): CodeIgniter\Database\MySQLi\Connection->execute('SELECT `id_wilayah`, `nama_wilayah`, `warna`, `geojson`
FROM `tbl_jenjang`')
 3 SYSTEMPATH\Database\BaseConnection.php(652): CodeIgniter\Database\BaseConnection->simpleQuery('SELECT `id_wilayah`, `nama_wilayah`, `warna`, `geojson`
FROM `tbl_jenjang`')
 4 SYSTEMPATH\Database\BaseBuilder.php(1649): CodeIgniter\Database\BaseConnection->query('SELECT `id_wilayah`, `nama_wilayah`, `warna`, `geojson`
FROM `tbl_jenjang`', [], false)
 5 APPPATH\Models\ModelJenjang.php(13): CodeIgniter\Database\BaseBuilder->get()
 6 APPPATH\Controllers\Jenjang.php(25): App\Models\ModelJenjang->AllData()
 7 SYSTEMPATH\CodeIgniter.php(933): App\Controllers\Jenjang->index()
 8 SYSTEMPATH\CodeIgniter.php(507): CodeIgniter\CodeIgniter->runController(Object(App\Controllers\Jenjang))
 9 SYSTEMPATH\CodeIgniter.php(354): CodeIgniter\CodeIgniter->handleRequest(null, Object(Config\Cache), false)
10 SYSTEMPATH\Boot.php(334): CodeIgniter\CodeIgniter->run()
11 SYSTEMPATH\Boot.php(67): CodeIgniter\Boot::runCodeIgniter(Object(CodeIgniter\CodeIgniter))
12 FCPATH\index.php(56): CodeIgniter\Boot::bootWeb(Object(Config\Paths))
ERROR - 2025-03-16 16:16:41 --> mysqli_sql_exception: Unknown column 'id_wilayah' in 'field list' in C:\laragon\www\gis-sekolah-ci4\system\Database\MySQLi\Connection.php:327
Stack trace:
#0 C:\laragon\www\gis-sekolah-ci4\system\Database\MySQLi\Connection.php(327): mysqli->query('SELECT `id_wila...', 0)
#1 C:\laragon\www\gis-sekolah-ci4\system\Database\BaseConnection.php(738): CodeIgniter\Database\MySQLi\Connection->execute('SELECT `id_wila...')
#2 C:\laragon\www\gis-sekolah-ci4\system\Database\BaseConnection.php(652): CodeIgniter\Database\BaseConnection->simpleQuery('SELECT `id_wila...')
#3 C:\laragon\www\gis-sekolah-ci4\system\Database\BaseBuilder.php(1649): CodeIgniter\Database\BaseConnection->query('SELECT `id_wila...', Array, false)
#4 C:\laragon\www\gis-sekolah-ci4\app\Models\ModelJenjang.php(13): CodeIgniter\Database\BaseBuilder->get()
#5 C:\laragon\www\gis-sekolah-ci4\app\Controllers\Jenjang.php(25): App\Models\ModelJenjang->AllData()
#6 C:\laragon\www\gis-sekolah-ci4\system\CodeIgniter.php(933): App\Controllers\Jenjang->index()
#7 C:\laragon\www\gis-sekolah-ci4\system\CodeIgniter.php(507): CodeIgniter\CodeIgniter->runController(Object(App\Controllers\Jenjang))
#8 C:\laragon\www\gis-sekolah-ci4\system\CodeIgniter.php(354): CodeIgniter\CodeIgniter->handleRequest(NULL, Object(Config\Cache), false)
#9 C:\laragon\www\gis-sekolah-ci4\system\Boot.php(334): CodeIgniter\CodeIgniter->run()
#10 C:\laragon\www\gis-sekolah-ci4\system\Boot.php(67): CodeIgniter\Boot::runCodeIgniter(Object(CodeIgniter\CodeIgniter))
#11 C:\laragon\www\gis-sekolah-ci4\public\index.php(56): CodeIgniter\Boot::bootWeb(Object(Config\Paths))
#12 {main}
CRITICAL - 2025-03-16 16:16:41 --> CodeIgniter\Database\Exceptions\DatabaseException: Unknown column 'id_wilayah' in 'field list'
[Method: GET, Route: Jenjang]
in SYSTEMPATH\Database\BaseConnection.php on line 692.
 1 SYSTEMPATH\Database\BaseBuilder.php(1649): CodeIgniter\Database\BaseConnection->query('SELECT `id_wilayah`, `nama_wilayah`, `warna`, `geojson`
FROM `tbl_jenjang`', [], false)
 2 APPPATH\Models\ModelJenjang.php(13): CodeIgniter\Database\BaseBuilder->get()
 3 APPPATH\Controllers\Jenjang.php(25): App\Models\ModelJenjang->AllData()
 4 SYSTEMPATH\CodeIgniter.php(933): App\Controllers\Jenjang->index()
 5 SYSTEMPATH\CodeIgniter.php(507): CodeIgniter\CodeIgniter->runController(Object(App\Controllers\Jenjang))
 6 SYSTEMPATH\CodeIgniter.php(354): CodeIgniter\CodeIgniter->handleRequest(null, Object(Config\Cache), false)
 7 SYSTEMPATH\Boot.php(334): CodeIgniter\CodeIgniter->run()
 8 SYSTEMPATH\Boot.php(67): CodeIgniter\Boot::runCodeIgniter(Object(CodeIgniter\CodeIgniter))
 9 FCPATH\index.php(56): CodeIgniter\Boot::bootWeb(Object(Config\Paths))
CRITICAL - 2025-03-16 16:16:41 --> [Caused by] CodeIgniter\Database\Exceptions\DatabaseException: Unknown column 'id_wilayah' in 'field list'
in SYSTEMPATH\Database\MySQLi\Connection.php on line 332.
 1 SYSTEMPATH\Database\BaseConnection.php(738): CodeIgniter\Database\MySQLi\Connection->execute('SELECT `id_wilayah`, `nama_wilayah`, `warna`, `geojson`
FROM `tbl_jenjang`')
 2 SYSTEMPATH\Database\BaseConnection.php(652): CodeIgniter\Database\BaseConnection->simpleQuery('SELECT `id_wilayah`, `nama_wilayah`, `warna`, `geojson`
FROM `tbl_jenjang`')
 3 SYSTEMPATH\Database\BaseBuilder.php(1649): CodeIgniter\Database\BaseConnection->query('SELECT `id_wilayah`, `nama_wilayah`, `warna`, `geojson`
FROM `tbl_jenjang`', [], false)
 4 APPPATH\Models\ModelJenjang.php(13): CodeIgniter\Database\BaseBuilder->get()
 5 APPPATH\Controllers\Jenjang.php(25): App\Models\ModelJenjang->AllData()
 6 SYSTEMPATH\CodeIgniter.php(933): App\Controllers\Jenjang->index()
 7 SYSTEMPATH\CodeIgniter.php(507): CodeIgniter\CodeIgniter->runController(Object(App\Controllers\Jenjang))
 8 SYSTEMPATH\CodeIgniter.php(354): CodeIgniter\CodeIgniter->handleRequest(null, Object(Config\Cache), false)
 9 SYSTEMPATH\Boot.php(334): CodeIgniter\CodeIgniter->run()
10 SYSTEMPATH\Boot.php(67): CodeIgniter\Boot::runCodeIgniter(Object(CodeIgniter\CodeIgniter))
11 FCPATH\index.php(56): CodeIgniter\Boot::bootWeb(Object(Config\Paths))
CRITICAL - 2025-03-16 16:16:41 --> [Caused by] mysqli_sql_exception: Unknown column 'id_wilayah' in 'field list'
in SYSTEMPATH\Database\MySQLi\Connection.php on line 327.
 1 SYSTEMPATH\Database\MySQLi\Connection.php(327): mysqli->query('SELECT `id_wilayah`, `nama_wilayah`, `warna`, `geojson`
FROM `tbl_jenjang`', 0)
 2 SYSTEMPATH\Database\BaseConnection.php(738): CodeIgniter\Database\MySQLi\Connection->execute('SELECT `id_wilayah`, `nama_wilayah`, `warna`, `geojson`
FROM `tbl_jenjang`')
 3 SYSTEMPATH\Database\BaseConnection.php(652): CodeIgniter\Database\BaseConnection->simpleQuery('SELECT `id_wilayah`, `nama_wilayah`, `warna`, `geojson`
FROM `tbl_jenjang`')
 4 SYSTEMPATH\Database\BaseBuilder.php(1649): CodeIgniter\Database\BaseConnection->query('SELECT `id_wilayah`, `nama_wilayah`, `warna`, `geojson`
FROM `tbl_jenjang`', [], false)
 5 APPPATH\Models\ModelJenjang.php(13): CodeIgniter\Database\BaseBuilder->get()
 6 APPPATH\Controllers\Jenjang.php(25): App\Models\ModelJenjang->AllData()
 7 SYSTEMPATH\CodeIgniter.php(933): App\Controllers\Jenjang->index()
 8 SYSTEMPATH\CodeIgniter.php(507): CodeIgniter\CodeIgniter->runController(Object(App\Controllers\Jenjang))
 9 SYSTEMPATH\CodeIgniter.php(354): CodeIgniter\CodeIgniter->handleRequest(null, Object(Config\Cache), false)
10 SYSTEMPATH\Boot.php(334): CodeIgniter\CodeIgniter->run()
11 SYSTEMPATH\Boot.php(67): CodeIgniter\Boot::runCodeIgniter(Object(CodeIgniter\CodeIgniter))
12 FCPATH\index.php(56): CodeIgniter\Boot::bootWeb(Object(Config\Paths))
DEBUG - 2025-03-16 16:25:14 --> Session: Class initialized using 'CodeIgniter\Session\Handlers\FileHandler' driver.
DEBUG - 2025-03-16 16:29:47 --> Session: Class initialized using 'CodeIgniter\Session\Handlers\FileHandler' driver.
DEBUG - 2025-03-16 16:32:47 --> Session: Class initialized using 'CodeIgniter\Session\Handlers\FileHandler' driver.
DEBUG - 2025-03-16 16:34:06 --> Session: Class initialized using 'CodeIgniter\Session\Handlers\FileHandler' driver.
DEBUG - 2025-03-16 16:34:30 --> Session: Class initialized using 'CodeIgniter\Session\Handlers\FileHandler' driver.
DEBUG - 2025-03-16 16:36:53 --> Session: Class initialized using 'CodeIgniter\Session\Handlers\FileHandler' driver.
DEBUG - 2025-03-16 16:41:53 --> Session: Class initialized using 'CodeIgniter\Session\Handlers\FileHandler' driver.
DEBUG - 2025-03-16 16:46:17 --> Session: Class initialized using 'CodeIgniter\Session\Handlers\FileHandler' driver.
DEBUG - 2025-03-16 16:47:48 --> Session: Class initialized using 'CodeIgniter\Session\Handlers\FileHandler' driver.
DEBUG - 2025-03-16 16:51:53 --> Session: Class initialized using 'CodeIgniter\Session\Handlers\FileHandler' driver.
DEBUG - 2025-03-16 16:58:30 --> Session: Class initialized using 'CodeIgniter\Session\Handlers\FileHandler' driver.
DEBUG - 2025-03-16 17:00:21 --> Session: Class initialized using 'CodeIgniter\Session\Handlers\FileHandler' driver.
DEBUG - 2025-03-16 18:01:22 --> Session: Class initialized using 'CodeIgniter\Session\Handlers\FileHandler' driver.
DEBUG - 2025-03-16 18:01:36 --> Session: Class initialized using 'CodeIgniter\Session\Handlers\FileHandler' driver.
DEBUG - 2025-03-16 18:02:43 --> Session: Class initialized using 'CodeIgniter\Session\Handlers\FileHandler' driver.
CRITICAL - 2025-03-16 18:14:47 --> ParseError: syntax error, unexpected token "=", expecting "]"
[Method: GET, Route: Jenjang]
in APPPATH\Controllers\Jenjang.php on line 36.
 1 SYSTEMPATH\Router\Router.php(565): CodeIgniter\Router\AutoRouter->getRoute('Jenjang', 'GET')
 2 SYSTEMPATH\Router\Router.php(231): CodeIgniter\Router\Router->autoRoute('Jenjang')
 3 SYSTEMPATH\CodeIgniter.php(832): CodeIgniter\Router\Router->handle('Jenjang')
 4 SYSTEMPATH\CodeIgniter.php(455): CodeIgniter\CodeIgniter->tryToRouteIt(Object(CodeIgniter\Router\RouteCollection))
 5 SYSTEMPATH\CodeIgniter.php(354): CodeIgniter\CodeIgniter->handleRequest(null, Object(Config\Cache), false)
 6 SYSTEMPATH\Boot.php(334): CodeIgniter\CodeIgniter->run()
 7 SYSTEMPATH\Boot.php(67): CodeIgniter\Boot::runCodeIgniter(Object(CodeIgniter\CodeIgniter))
 8 FCPATH\index.php(56): CodeIgniter\Boot::bootWeb(Object(Config\Paths))
DEBUG - 2025-03-16 18:15:14 --> Session: Class initialized using 'CodeIgniter\Session\Handlers\FileHandler' driver.
DEBUG - 2025-03-16 18:20:14 --> Session: Class initialized using 'CodeIgniter\Session\Handlers\FileHandler' driver.
DEBUG - 2025-03-16 18:29:13 --> Session: Class initialized using 'CodeIgniter\Session\Handlers\FileHandler' driver.
CRITICAL - 2025-03-16 18:45:30 --> ParseError: Unclosed '{' on line 46
[Method: GET, Route: /]
in APPPATH\Views\v_home.php on line 59.
 1 SYSTEMPATH\View\View.php(227): CodeIgniter\View\View->CodeIgniter\View\{closure}()
 2 SYSTEMPATH\Common.php(1173): CodeIgniter\View\View->render('v_home', [], true)
 3 APPPATH\Views\v_template_front_end.php(153): view('v_home')
 4 SYSTEMPATH\View\View.php(224): include('C:\\laragon\\www\\gis-sekolah-ci4\\app\\Views\\v_template_front_end.php')
 5 SYSTEMPATH\View\View.php(227): CodeIgniter\View\View->CodeIgniter\View\{closure}()
 6 SYSTEMPATH\Common.php(1173): CodeIgniter\View\View->render('v_template_front_end', [], true)
 7 APPPATH\Controllers\Home.php(27): view('v_template_front_end', [...])
 8 SYSTEMPATH\CodeIgniter.php(933): App\Controllers\Home->index()
 9 SYSTEMPATH\CodeIgniter.php(507): CodeIgniter\CodeIgniter->runController(Object(App\Controllers\Home))
10 SYSTEMPATH\CodeIgniter.php(354): CodeIgniter\CodeIgniter->handleRequest(null, Object(Config\Cache), false)
11 SYSTEMPATH\Boot.php(334): CodeIgniter\CodeIgniter->run()
12 SYSTEMPATH\Boot.php(67): CodeIgniter\Boot::runCodeIgniter(Object(CodeIgniter\CodeIgniter))
13 FCPATH\index.php(56): CodeIgniter\Boot::bootWeb(Object(Config\Paths))
DEBUG - 2025-03-16 18:51:02 --> Session: Class initialized using 'CodeIgniter\Session\Handlers\FileHandler' driver.
DEBUG - 2025-03-16 18:51:13 --> Session: Class initialized using 'CodeIgniter\Session\Handlers\FileHandler' driver.
DEBUG - 2025-03-16 18:51:14 --> Session: Class initialized using 'CodeIgniter\Session\Handlers\FileHandler' driver.
