WARNING - 2025-03-14 13:03:17 --> [DEPRECATED] Creation of dynamic property App\Controllers\Admin::$ModelSetting is deprecated in APPPATH\Controllers\Admin.php on line 11.
 1 SYSTEMPATH\CodeIgniter.php(903): App\Controllers\Admin->__construct()
 2 SYSTEMPATH\CodeIgniter.php(498): CodeIgniter\CodeIgniter->createController()
 3 SYSTEMPATH\CodeIgniter.php(354): CodeIgniter\CodeIgniter->handleRequest(null, Object(Config\Cache), false)
 4 SYSTEMPATH\Boot.php(334): CodeIgniter\CodeIgniter->run()
 5 SYSTEMPATH\Boot.php(67): CodeIgniter\Boot::runCodeIgniter(Object(CodeIgniter\CodeIgniter))
 6 FCPATH\index.php(56): CodeIgniter\Boot::bootWeb(Object(Config\Paths))
WARNING - 2025-03-14 13:03:32 --> [DEPRECATED] Creation of dynamic property App\Controllers\Wilayah::$ModelWilayah is deprecated in APPPATH\Controllers\Wilayah.php on line 16.
 1 SYSTEMPATH\CodeIgniter.php(903): App\Controllers\Wilayah->__construct()
 2 SYSTEMPATH\CodeIgniter.php(498): CodeIgniter\CodeIgniter->createController()
 3 SYSTEMPATH\CodeIgniter.php(354): CodeIgniter\CodeIgniter->handleRequest(null, Object(Config\Cache), false)
 4 SYSTEMPATH\Boot.php(334): CodeIgniter\CodeIgniter->run()
 5 SYSTEMPATH\Boot.php(67): CodeIgniter\Boot::runCodeIgniter(Object(CodeIgniter\CodeIgniter))
 6 FCPATH\index.php(56): CodeIgniter\Boot::bootWeb(Object(Config\Paths))
WARNING - 2025-03-14 13:03:32 --> [DEPRECATED] Creation of dynamic property App\Controllers\Wilayah::$ModelSetting is deprecated in APPPATH\Controllers\Wilayah.php on line 17.
 1 SYSTEMPATH\CodeIgniter.php(903): App\Controllers\Wilayah->__construct()
 2 SYSTEMPATH\CodeIgniter.php(498): CodeIgniter\CodeIgniter->createController()
 3 SYSTEMPATH\CodeIgniter.php(354): CodeIgniter\CodeIgniter->handleRequest(null, Object(Config\Cache), false)
 4 SYSTEMPATH\Boot.php(334): CodeIgniter\CodeIgniter->run()
 5 SYSTEMPATH\Boot.php(67): CodeIgniter\Boot::runCodeIgniter(Object(CodeIgniter\CodeIgniter))
 6 FCPATH\index.php(56): CodeIgniter\Boot::bootWeb(Object(Config\Paths))
DEBUG - 2025-03-14 13:03:34 --> Session: Class initialized using 'CodeIgniter\Session\Handlers\FileHandler' driver.
WARNING - 2025-03-14 13:04:58 --> [DEPRECATED] Creation of dynamic property App\Controllers\Wilayah::$ModelWilayah is deprecated in APPPATH\Controllers\Wilayah.php on line 16.
 1 SYSTEMPATH\CodeIgniter.php(903): App\Controllers\Wilayah->__construct()
 2 SYSTEMPATH\CodeIgniter.php(498): CodeIgniter\CodeIgniter->createController()
 3 SYSTEMPATH\CodeIgniter.php(354): CodeIgniter\CodeIgniter->handleRequest(null, Object(Config\Cache), false)
 4 SYSTEMPATH\Boot.php(334): CodeIgniter\CodeIgniter->run()
 5 SYSTEMPATH\Boot.php(67): CodeIgniter\Boot::runCodeIgniter(Object(CodeIgniter\CodeIgniter))
 6 FCPATH\index.php(56): CodeIgniter\Boot::bootWeb(Object(Config\Paths))
WARNING - 2025-03-14 13:04:58 --> [DEPRECATED] Creation of dynamic property App\Controllers\Wilayah::$ModelSetting is deprecated in APPPATH\Controllers\Wilayah.php on line 17.
 1 SYSTEMPATH\CodeIgniter.php(903): App\Controllers\Wilayah->__construct()
 2 SYSTEMPATH\CodeIgniter.php(498): CodeIgniter\CodeIgniter->createController()
 3 SYSTEMPATH\CodeIgniter.php(354): CodeIgniter\CodeIgniter->handleRequest(null, Object(Config\Cache), false)
 4 SYSTEMPATH\Boot.php(334): CodeIgniter\CodeIgniter->run()
 5 SYSTEMPATH\Boot.php(67): CodeIgniter\Boot::runCodeIgniter(Object(CodeIgniter\CodeIgniter))
 6 FCPATH\index.php(56): CodeIgniter\Boot::bootWeb(Object(Config\Paths))
DEBUG - 2025-03-14 13:05:00 --> Session: Class initialized using 'CodeIgniter\Session\Handlers\FileHandler' driver.
WARNING - 2025-03-14 13:05:21 --> [DEPRECATED] Creation of dynamic property App\Controllers\Wilayah::$ModelWilayah is deprecated in APPPATH\Controllers\Wilayah.php on line 16.
 1 SYSTEMPATH\CodeIgniter.php(903): App\Controllers\Wilayah->__construct()
 2 SYSTEMPATH\CodeIgniter.php(498): CodeIgniter\CodeIgniter->createController()
 3 SYSTEMPATH\CodeIgniter.php(354): CodeIgniter\CodeIgniter->handleRequest(null, Object(Config\Cache), false)
 4 SYSTEMPATH\Boot.php(334): CodeIgniter\CodeIgniter->run()
 5 SYSTEMPATH\Boot.php(67): CodeIgniter\Boot::runCodeIgniter(Object(CodeIgniter\CodeIgniter))
 6 FCPATH\index.php(56): CodeIgniter\Boot::bootWeb(Object(Config\Paths))
WARNING - 2025-03-14 13:05:21 --> [DEPRECATED] Creation of dynamic property App\Controllers\Wilayah::$ModelSetting is deprecated in APPPATH\Controllers\Wilayah.php on line 17.
 1 SYSTEMPATH\CodeIgniter.php(903): App\Controllers\Wilayah->__construct()
 2 SYSTEMPATH\CodeIgniter.php(498): CodeIgniter\CodeIgniter->createController()
 3 SYSTEMPATH\CodeIgniter.php(354): CodeIgniter\CodeIgniter->handleRequest(null, Object(Config\Cache), false)
 4 SYSTEMPATH\Boot.php(334): CodeIgniter\CodeIgniter->run()
 5 SYSTEMPATH\Boot.php(67): CodeIgniter\Boot::runCodeIgniter(Object(CodeIgniter\CodeIgniter))
 6 FCPATH\index.php(56): CodeIgniter\Boot::bootWeb(Object(Config\Paths))
DEBUG - 2025-03-14 13:05:22 --> Session: Class initialized using 'CodeIgniter\Session\Handlers\FileHandler' driver.
WARNING - 2025-03-14 13:05:36 --> [DEPRECATED] Creation of dynamic property App\Controllers\Admin::$ModelSetting is deprecated in APPPATH\Controllers\Admin.php on line 11.
 1 SYSTEMPATH\CodeIgniter.php(903): App\Controllers\Admin->__construct()
 2 SYSTEMPATH\CodeIgniter.php(498): CodeIgniter\CodeIgniter->createController()
 3 SYSTEMPATH\CodeIgniter.php(354): CodeIgniter\CodeIgniter->handleRequest(null, Object(Config\Cache), false)
 4 SYSTEMPATH\Boot.php(334): CodeIgniter\CodeIgniter->run()
 5 SYSTEMPATH\Boot.php(67): CodeIgniter\Boot::runCodeIgniter(Object(CodeIgniter\CodeIgniter))
 6 FCPATH\index.php(56): CodeIgniter\Boot::bootWeb(Object(Config\Paths))
DEBUG - 2025-03-14 13:05:37 --> Session: Class initialized using 'CodeIgniter\Session\Handlers\FileHandler' driver.
WARNING - 2025-03-14 13:06:11 --> [DEPRECATED] Creation of dynamic property App\Controllers\Admin::$ModelSetting is deprecated in APPPATH\Controllers\Admin.php on line 11.
 1 SYSTEMPATH\CodeIgniter.php(903): App\Controllers\Admin->__construct()
 2 SYSTEMPATH\CodeIgniter.php(498): CodeIgniter\CodeIgniter->createController()
 3 SYSTEMPATH\CodeIgniter.php(354): CodeIgniter\CodeIgniter->handleRequest(null, Object(Config\Cache), false)
 4 SYSTEMPATH\Boot.php(334): CodeIgniter\CodeIgniter->run()
 5 SYSTEMPATH\Boot.php(67): CodeIgniter\Boot::runCodeIgniter(Object(CodeIgniter\CodeIgniter))
 6 FCPATH\index.php(56): CodeIgniter\Boot::bootWeb(Object(Config\Paths))
DEBUG - 2025-03-14 13:06:12 --> Session: Class initialized using 'CodeIgniter\Session\Handlers\FileHandler' driver.
WARNING - 2025-03-14 13:31:15 --> [DEPRECATED] Creation of dynamic property App\Controllers\Admin::$ModelSetting is deprecated in APPPATH\Controllers\Admin.php on line 11.
 1 SYSTEMPATH\CodeIgniter.php(903): App\Controllers\Admin->__construct()
 2 SYSTEMPATH\CodeIgniter.php(498): CodeIgniter\CodeIgniter->createController()
 3 SYSTEMPATH\CodeIgniter.php(354): CodeIgniter\CodeIgniter->handleRequest(null, Object(Config\Cache), false)
 4 SYSTEMPATH\Boot.php(334): CodeIgniter\CodeIgniter->run()
 5 SYSTEMPATH\Boot.php(67): CodeIgniter\Boot::runCodeIgniter(Object(CodeIgniter\CodeIgniter))
 6 FCPATH\index.php(56): CodeIgniter\Boot::bootWeb(Object(Config\Paths))
WARNING - 2025-03-14 13:31:29 --> [DEPRECATED] Creation of dynamic property App\Controllers\Wilayah::$ModelWilayah is deprecated in APPPATH\Controllers\Wilayah.php on line 16.
 1 SYSTEMPATH\CodeIgniter.php(903): App\Controllers\Wilayah->__construct()
 2 SYSTEMPATH\CodeIgniter.php(498): CodeIgniter\CodeIgniter->createController()
 3 SYSTEMPATH\CodeIgniter.php(354): CodeIgniter\CodeIgniter->handleRequest(null, Object(Config\Cache), false)
 4 SYSTEMPATH\Boot.php(334): CodeIgniter\CodeIgniter->run()
 5 SYSTEMPATH\Boot.php(67): CodeIgniter\Boot::runCodeIgniter(Object(CodeIgniter\CodeIgniter))
 6 FCPATH\index.php(56): CodeIgniter\Boot::bootWeb(Object(Config\Paths))
WARNING - 2025-03-14 13:31:29 --> [DEPRECATED] Creation of dynamic property App\Controllers\Wilayah::$ModelSetting is deprecated in APPPATH\Controllers\Wilayah.php on line 17.
 1 SYSTEMPATH\CodeIgniter.php(903): App\Controllers\Wilayah->__construct()
 2 SYSTEMPATH\CodeIgniter.php(498): CodeIgniter\CodeIgniter->createController()
 3 SYSTEMPATH\CodeIgniter.php(354): CodeIgniter\CodeIgniter->handleRequest(null, Object(Config\Cache), false)
 4 SYSTEMPATH\Boot.php(334): CodeIgniter\CodeIgniter->run()
 5 SYSTEMPATH\Boot.php(67): CodeIgniter\Boot::runCodeIgniter(Object(CodeIgniter\CodeIgniter))
 6 FCPATH\index.php(56): CodeIgniter\Boot::bootWeb(Object(Config\Paths))
DEBUG - 2025-03-14 13:31:30 --> Session: Class initialized using 'CodeIgniter\Session\Handlers\FileHandler' driver.
WARNING - 2025-03-14 13:31:39 --> [DEPRECATED] Creation of dynamic property App\Controllers\Wilayah::$ModelWilayah is deprecated in APPPATH\Controllers\Wilayah.php on line 16.
 1 SYSTEMPATH\CodeIgniter.php(903): App\Controllers\Wilayah->__construct()
 2 SYSTEMPATH\CodeIgniter.php(498): CodeIgniter\CodeIgniter->createController()
 3 SYSTEMPATH\CodeIgniter.php(354): CodeIgniter\CodeIgniter->handleRequest(null, Object(Config\Cache), false)
 4 SYSTEMPATH\Boot.php(334): CodeIgniter\CodeIgniter->run()
 5 SYSTEMPATH\Boot.php(67): CodeIgniter\Boot::runCodeIgniter(Object(CodeIgniter\CodeIgniter))
 6 FCPATH\index.php(56): CodeIgniter\Boot::bootWeb(Object(Config\Paths))
WARNING - 2025-03-14 13:31:39 --> [DEPRECATED] Creation of dynamic property App\Controllers\Wilayah::$ModelSetting is deprecated in APPPATH\Controllers\Wilayah.php on line 17.
 1 SYSTEMPATH\CodeIgniter.php(903): App\Controllers\Wilayah->__construct()
 2 SYSTEMPATH\CodeIgniter.php(498): CodeIgniter\CodeIgniter->createController()
 3 SYSTEMPATH\CodeIgniter.php(354): CodeIgniter\CodeIgniter->handleRequest(null, Object(Config\Cache), false)
 4 SYSTEMPATH\Boot.php(334): CodeIgniter\CodeIgniter->run()
 5 SYSTEMPATH\Boot.php(67): CodeIgniter\Boot::runCodeIgniter(Object(CodeIgniter\CodeIgniter))
 6 FCPATH\index.php(56): CodeIgniter\Boot::bootWeb(Object(Config\Paths))
DEBUG - 2025-03-14 13:31:39 --> Session: Class initialized using 'CodeIgniter\Session\Handlers\FileHandler' driver.
WARNING - 2025-03-14 13:31:46 --> [DEPRECATED] Creation of dynamic property App\Controllers\Wilayah::$ModelWilayah is deprecated in APPPATH\Controllers\Wilayah.php on line 16.
 1 SYSTEMPATH\CodeIgniter.php(903): App\Controllers\Wilayah->__construct()
 2 SYSTEMPATH\CodeIgniter.php(498): CodeIgniter\CodeIgniter->createController()
 3 SYSTEMPATH\CodeIgniter.php(354): CodeIgniter\CodeIgniter->handleRequest(null, Object(Config\Cache), false)
 4 SYSTEMPATH\Boot.php(334): CodeIgniter\CodeIgniter->run()
 5 SYSTEMPATH\Boot.php(67): CodeIgniter\Boot::runCodeIgniter(Object(CodeIgniter\CodeIgniter))
 6 FCPATH\index.php(56): CodeIgniter\Boot::bootWeb(Object(Config\Paths))
WARNING - 2025-03-14 13:31:46 --> [DEPRECATED] Creation of dynamic property App\Controllers\Wilayah::$ModelSetting is deprecated in APPPATH\Controllers\Wilayah.php on line 17.
 1 SYSTEMPATH\CodeIgniter.php(903): App\Controllers\Wilayah->__construct()
 2 SYSTEMPATH\CodeIgniter.php(498): CodeIgniter\CodeIgniter->createController()
 3 SYSTEMPATH\CodeIgniter.php(354): CodeIgniter\CodeIgniter->handleRequest(null, Object(Config\Cache), false)
 4 SYSTEMPATH\Boot.php(334): CodeIgniter\CodeIgniter->run()
 5 SYSTEMPATH\Boot.php(67): CodeIgniter\Boot::runCodeIgniter(Object(CodeIgniter\CodeIgniter))
 6 FCPATH\index.php(56): CodeIgniter\Boot::bootWeb(Object(Config\Paths))
DEBUG - 2025-03-14 13:31:46 --> Session: Class initialized using 'CodeIgniter\Session\Handlers\FileHandler' driver.
WARNING - 2025-03-14 13:31:47 --> [DEPRECATED] Creation of dynamic property App\Controllers\Wilayah::$ModelWilayah is deprecated in APPPATH\Controllers\Wilayah.php on line 16.
 1 SYSTEMPATH\CodeIgniter.php(903): App\Controllers\Wilayah->__construct()
 2 SYSTEMPATH\CodeIgniter.php(498): CodeIgniter\CodeIgniter->createController()
 3 SYSTEMPATH\CodeIgniter.php(354): CodeIgniter\CodeIgniter->handleRequest(null, Object(Config\Cache), false)
 4 SYSTEMPATH\Boot.php(334): CodeIgniter\CodeIgniter->run()
 5 SYSTEMPATH\Boot.php(67): CodeIgniter\Boot::runCodeIgniter(Object(CodeIgniter\CodeIgniter))
 6 FCPATH\index.php(56): CodeIgniter\Boot::bootWeb(Object(Config\Paths))
WARNING - 2025-03-14 13:31:47 --> [DEPRECATED] Creation of dynamic property App\Controllers\Wilayah::$ModelSetting is deprecated in APPPATH\Controllers\Wilayah.php on line 17.
 1 SYSTEMPATH\CodeIgniter.php(903): App\Controllers\Wilayah->__construct()
 2 SYSTEMPATH\CodeIgniter.php(498): CodeIgniter\CodeIgniter->createController()
 3 SYSTEMPATH\CodeIgniter.php(354): CodeIgniter\CodeIgniter->handleRequest(null, Object(Config\Cache), false)
 4 SYSTEMPATH\Boot.php(334): CodeIgniter\CodeIgniter->run()
 5 SYSTEMPATH\Boot.php(67): CodeIgniter\Boot::runCodeIgniter(Object(CodeIgniter\CodeIgniter))
 6 FCPATH\index.php(56): CodeIgniter\Boot::bootWeb(Object(Config\Paths))
DEBUG - 2025-03-14 13:31:47 --> Session: Class initialized using 'CodeIgniter\Session\Handlers\FileHandler' driver.
WARNING - 2025-03-14 13:40:17 --> [DEPRECATED] Creation of dynamic property App\Controllers\Wilayah::$ModelWilayah is deprecated in APPPATH\Controllers\Wilayah.php on line 16.
 1 SYSTEMPATH\CodeIgniter.php(903): App\Controllers\Wilayah->__construct()
 2 SYSTEMPATH\CodeIgniter.php(498): CodeIgniter\CodeIgniter->createController()
 3 SYSTEMPATH\CodeIgniter.php(354): CodeIgniter\CodeIgniter->handleRequest(null, Object(Config\Cache), false)
 4 SYSTEMPATH\Boot.php(334): CodeIgniter\CodeIgniter->run()
 5 SYSTEMPATH\Boot.php(67): CodeIgniter\Boot::runCodeIgniter(Object(CodeIgniter\CodeIgniter))
 6 FCPATH\index.php(56): CodeIgniter\Boot::bootWeb(Object(Config\Paths))
WARNING - 2025-03-14 13:40:17 --> [DEPRECATED] Creation of dynamic property App\Controllers\Wilayah::$ModelSetting is deprecated in APPPATH\Controllers\Wilayah.php on line 17.
 1 SYSTEMPATH\CodeIgniter.php(903): App\Controllers\Wilayah->__construct()
 2 SYSTEMPATH\CodeIgniter.php(498): CodeIgniter\CodeIgniter->createController()
 3 SYSTEMPATH\CodeIgniter.php(354): CodeIgniter\CodeIgniter->handleRequest(null, Object(Config\Cache), false)
 4 SYSTEMPATH\Boot.php(334): CodeIgniter\CodeIgniter->run()
 5 SYSTEMPATH\Boot.php(67): CodeIgniter\Boot::runCodeIgniter(Object(CodeIgniter\CodeIgniter))
 6 FCPATH\index.php(56): CodeIgniter\Boot::bootWeb(Object(Config\Paths))
DEBUG - 2025-03-14 13:40:18 --> Session: Class initialized using 'CodeIgniter\Session\Handlers\FileHandler' driver.
WARNING - 2025-03-14 13:40:19 --> [DEPRECATED] Creation of dynamic property App\Controllers\Wilayah::$ModelWilayah is deprecated in APPPATH\Controllers\Wilayah.php on line 16.
 1 SYSTEMPATH\CodeIgniter.php(903): App\Controllers\Wilayah->__construct()
 2 SYSTEMPATH\CodeIgniter.php(498): CodeIgniter\CodeIgniter->createController()
 3 SYSTEMPATH\CodeIgniter.php(354): CodeIgniter\CodeIgniter->handleRequest(null, Object(Config\Cache), false)
 4 SYSTEMPATH\Boot.php(334): CodeIgniter\CodeIgniter->run()
 5 SYSTEMPATH\Boot.php(67): CodeIgniter\Boot::runCodeIgniter(Object(CodeIgniter\CodeIgniter))
 6 FCPATH\index.php(56): CodeIgniter\Boot::bootWeb(Object(Config\Paths))
WARNING - 2025-03-14 13:40:19 --> [DEPRECATED] Creation of dynamic property App\Controllers\Wilayah::$ModelSetting is deprecated in APPPATH\Controllers\Wilayah.php on line 17.
 1 SYSTEMPATH\CodeIgniter.php(903): App\Controllers\Wilayah->__construct()
 2 SYSTEMPATH\CodeIgniter.php(498): CodeIgniter\CodeIgniter->createController()
 3 SYSTEMPATH\CodeIgniter.php(354): CodeIgniter\CodeIgniter->handleRequest(null, Object(Config\Cache), false)
 4 SYSTEMPATH\Boot.php(334): CodeIgniter\CodeIgniter->run()
 5 SYSTEMPATH\Boot.php(67): CodeIgniter\Boot::runCodeIgniter(Object(CodeIgniter\CodeIgniter))
 6 FCPATH\index.php(56): CodeIgniter\Boot::bootWeb(Object(Config\Paths))
DEBUG - 2025-03-14 13:40:19 --> Session: Class initialized using 'CodeIgniter\Session\Handlers\FileHandler' driver.
WARNING - 2025-03-14 13:42:03 --> [DEPRECATED] Creation of dynamic property App\Controllers\Admin::$ModelSetting is deprecated in APPPATH\Controllers\Admin.php on line 11.
 1 SYSTEMPATH\CodeIgniter.php(903): App\Controllers\Admin->__construct()
 2 SYSTEMPATH\CodeIgniter.php(498): CodeIgniter\CodeIgniter->createController()
 3 SYSTEMPATH\CodeIgniter.php(354): CodeIgniter\CodeIgniter->handleRequest(null, Object(Config\Cache), false)
 4 SYSTEMPATH\Boot.php(334): CodeIgniter\CodeIgniter->run()
 5 SYSTEMPATH\Boot.php(67): CodeIgniter\Boot::runCodeIgniter(Object(CodeIgniter\CodeIgniter))
 6 FCPATH\index.php(56): CodeIgniter\Boot::bootWeb(Object(Config\Paths))
WARNING - 2025-03-14 13:42:08 --> [DEPRECATED] Creation of dynamic property App\Controllers\Wilayah::$ModelWilayah is deprecated in APPPATH\Controllers\Wilayah.php on line 16.
 1 SYSTEMPATH\CodeIgniter.php(903): App\Controllers\Wilayah->__construct()
 2 SYSTEMPATH\CodeIgniter.php(498): CodeIgniter\CodeIgniter->createController()
 3 SYSTEMPATH\CodeIgniter.php(354): CodeIgniter\CodeIgniter->handleRequest(null, Object(Config\Cache), false)
 4 SYSTEMPATH\Boot.php(334): CodeIgniter\CodeIgniter->run()
 5 SYSTEMPATH\Boot.php(67): CodeIgniter\Boot::runCodeIgniter(Object(CodeIgniter\CodeIgniter))
 6 FCPATH\index.php(56): CodeIgniter\Boot::bootWeb(Object(Config\Paths))
WARNING - 2025-03-14 13:42:08 --> [DEPRECATED] Creation of dynamic property App\Controllers\Wilayah::$ModelSetting is deprecated in APPPATH\Controllers\Wilayah.php on line 17.
 1 SYSTEMPATH\CodeIgniter.php(903): App\Controllers\Wilayah->__construct()
 2 SYSTEMPATH\CodeIgniter.php(498): CodeIgniter\CodeIgniter->createController()
 3 SYSTEMPATH\CodeIgniter.php(354): CodeIgniter\CodeIgniter->handleRequest(null, Object(Config\Cache), false)
 4 SYSTEMPATH\Boot.php(334): CodeIgniter\CodeIgniter->run()
 5 SYSTEMPATH\Boot.php(67): CodeIgniter\Boot::runCodeIgniter(Object(CodeIgniter\CodeIgniter))
 6 FCPATH\index.php(56): CodeIgniter\Boot::bootWeb(Object(Config\Paths))
DEBUG - 2025-03-14 13:42:09 --> Session: Class initialized using 'CodeIgniter\Session\Handlers\FileHandler' driver.
WARNING - 2025-03-14 13:46:30 --> [DEPRECATED] Creation of dynamic property App\Controllers\Wilayah::$ModelWilayah is deprecated in APPPATH\Controllers\Wilayah.php on line 16.
 1 SYSTEMPATH\CodeIgniter.php(903): App\Controllers\Wilayah->__construct()
 2 SYSTEMPATH\CodeIgniter.php(498): CodeIgniter\CodeIgniter->createController()
 3 SYSTEMPATH\CodeIgniter.php(354): CodeIgniter\CodeIgniter->handleRequest(null, Object(Config\Cache), false)
 4 SYSTEMPATH\Boot.php(334): CodeIgniter\CodeIgniter->run()
 5 SYSTEMPATH\Boot.php(67): CodeIgniter\Boot::runCodeIgniter(Object(CodeIgniter\CodeIgniter))
 6 FCPATH\index.php(56): CodeIgniter\Boot::bootWeb(Object(Config\Paths))
WARNING - 2025-03-14 13:46:30 --> [DEPRECATED] Creation of dynamic property App\Controllers\Wilayah::$ModelSetting is deprecated in APPPATH\Controllers\Wilayah.php on line 17.
 1 SYSTEMPATH\CodeIgniter.php(903): App\Controllers\Wilayah->__construct()
 2 SYSTEMPATH\CodeIgniter.php(498): CodeIgniter\CodeIgniter->createController()
 3 SYSTEMPATH\CodeIgniter.php(354): CodeIgniter\CodeIgniter->handleRequest(null, Object(Config\Cache), false)
 4 SYSTEMPATH\Boot.php(334): CodeIgniter\CodeIgniter->run()
 5 SYSTEMPATH\Boot.php(67): CodeIgniter\Boot::runCodeIgniter(Object(CodeIgniter\CodeIgniter))
 6 FCPATH\index.php(56): CodeIgniter\Boot::bootWeb(Object(Config\Paths))
DEBUG - 2025-03-14 13:46:30 --> Session: Class initialized using 'CodeIgniter\Session\Handlers\FileHandler' driver.
WARNING - 2025-03-14 13:46:52 --> [DEPRECATED] Creation of dynamic property App\Controllers\Wilayah::$ModelWilayah is deprecated in APPPATH\Controllers\Wilayah.php on line 16.
 1 SYSTEMPATH\CodeIgniter.php(903): App\Controllers\Wilayah->__construct()
 2 SYSTEMPATH\CodeIgniter.php(498): CodeIgniter\CodeIgniter->createController()
 3 SYSTEMPATH\CodeIgniter.php(354): CodeIgniter\CodeIgniter->handleRequest(null, Object(Config\Cache), false)
 4 SYSTEMPATH\Boot.php(334): CodeIgniter\CodeIgniter->run()
 5 SYSTEMPATH\Boot.php(67): CodeIgniter\Boot::runCodeIgniter(Object(CodeIgniter\CodeIgniter))
 6 FCPATH\index.php(56): CodeIgniter\Boot::bootWeb(Object(Config\Paths))
WARNING - 2025-03-14 13:46:52 --> [DEPRECATED] Creation of dynamic property App\Controllers\Wilayah::$ModelSetting is deprecated in APPPATH\Controllers\Wilayah.php on line 17.
 1 SYSTEMPATH\CodeIgniter.php(903): App\Controllers\Wilayah->__construct()
 2 SYSTEMPATH\CodeIgniter.php(498): CodeIgniter\CodeIgniter->createController()
 3 SYSTEMPATH\CodeIgniter.php(354): CodeIgniter\CodeIgniter->handleRequest(null, Object(Config\Cache), false)
 4 SYSTEMPATH\Boot.php(334): CodeIgniter\CodeIgniter->run()
 5 SYSTEMPATH\Boot.php(67): CodeIgniter\Boot::runCodeIgniter(Object(CodeIgniter\CodeIgniter))
 6 FCPATH\index.php(56): CodeIgniter\Boot::bootWeb(Object(Config\Paths))
DEBUG - 2025-03-14 13:46:52 --> Session: Class initialized using 'CodeIgniter\Session\Handlers\FileHandler' driver.
WARNING - 2025-03-14 13:47:05 --> [DEPRECATED] Creation of dynamic property App\Controllers\Wilayah::$ModelWilayah is deprecated in APPPATH\Controllers\Wilayah.php on line 16.
 1 SYSTEMPATH\CodeIgniter.php(903): App\Controllers\Wilayah->__construct()
 2 SYSTEMPATH\CodeIgniter.php(498): CodeIgniter\CodeIgniter->createController()
 3 SYSTEMPATH\CodeIgniter.php(354): CodeIgniter\CodeIgniter->handleRequest(null, Object(Config\Cache), false)
 4 SYSTEMPATH\Boot.php(334): CodeIgniter\CodeIgniter->run()
 5 SYSTEMPATH\Boot.php(67): CodeIgniter\Boot::runCodeIgniter(Object(CodeIgniter\CodeIgniter))
 6 FCPATH\index.php(56): CodeIgniter\Boot::bootWeb(Object(Config\Paths))
WARNING - 2025-03-14 13:47:05 --> [DEPRECATED] Creation of dynamic property App\Controllers\Wilayah::$ModelSetting is deprecated in APPPATH\Controllers\Wilayah.php on line 17.
 1 SYSTEMPATH\CodeIgniter.php(903): App\Controllers\Wilayah->__construct()
 2 SYSTEMPATH\CodeIgniter.php(498): CodeIgniter\CodeIgniter->createController()
 3 SYSTEMPATH\CodeIgniter.php(354): CodeIgniter\CodeIgniter->handleRequest(null, Object(Config\Cache), false)
 4 SYSTEMPATH\Boot.php(334): CodeIgniter\CodeIgniter->run()
 5 SYSTEMPATH\Boot.php(67): CodeIgniter\Boot::runCodeIgniter(Object(CodeIgniter\CodeIgniter))
 6 FCPATH\index.php(56): CodeIgniter\Boot::bootWeb(Object(Config\Paths))
DEBUG - 2025-03-14 13:47:05 --> Session: Class initialized using 'CodeIgniter\Session\Handlers\FileHandler' driver.
WARNING - 2025-03-14 13:47:06 --> [DEPRECATED] Creation of dynamic property App\Controllers\Wilayah::$ModelWilayah is deprecated in APPPATH\Controllers\Wilayah.php on line 16.
 1 SYSTEMPATH\CodeIgniter.php(903): App\Controllers\Wilayah->__construct()
 2 SYSTEMPATH\CodeIgniter.php(498): CodeIgniter\CodeIgniter->createController()
 3 SYSTEMPATH\CodeIgniter.php(354): CodeIgniter\CodeIgniter->handleRequest(null, Object(Config\Cache), false)
 4 SYSTEMPATH\Boot.php(334): CodeIgniter\CodeIgniter->run()
 5 SYSTEMPATH\Boot.php(67): CodeIgniter\Boot::runCodeIgniter(Object(CodeIgniter\CodeIgniter))
 6 FCPATH\index.php(56): CodeIgniter\Boot::bootWeb(Object(Config\Paths))
WARNING - 2025-03-14 13:47:06 --> [DEPRECATED] Creation of dynamic property App\Controllers\Wilayah::$ModelSetting is deprecated in APPPATH\Controllers\Wilayah.php on line 17.
 1 SYSTEMPATH\CodeIgniter.php(903): App\Controllers\Wilayah->__construct()
 2 SYSTEMPATH\CodeIgniter.php(498): CodeIgniter\CodeIgniter->createController()
 3 SYSTEMPATH\CodeIgniter.php(354): CodeIgniter\CodeIgniter->handleRequest(null, Object(Config\Cache), false)
 4 SYSTEMPATH\Boot.php(334): CodeIgniter\CodeIgniter->run()
 5 SYSTEMPATH\Boot.php(67): CodeIgniter\Boot::runCodeIgniter(Object(CodeIgniter\CodeIgniter))
 6 FCPATH\index.php(56): CodeIgniter\Boot::bootWeb(Object(Config\Paths))
DEBUG - 2025-03-14 13:47:07 --> Session: Class initialized using 'CodeIgniter\Session\Handlers\FileHandler' driver.
WARNING - 2025-03-14 13:47:16 --> [DEPRECATED] Creation of dynamic property App\Controllers\Wilayah::$ModelWilayah is deprecated in APPPATH\Controllers\Wilayah.php on line 16.
 1 SYSTEMPATH\CodeIgniter.php(903): App\Controllers\Wilayah->__construct()
 2 SYSTEMPATH\CodeIgniter.php(498): CodeIgniter\CodeIgniter->createController()
 3 SYSTEMPATH\CodeIgniter.php(354): CodeIgniter\CodeIgniter->handleRequest(null, Object(Config\Cache), false)
 4 SYSTEMPATH\Boot.php(334): CodeIgniter\CodeIgniter->run()
 5 SYSTEMPATH\Boot.php(67): CodeIgniter\Boot::runCodeIgniter(Object(CodeIgniter\CodeIgniter))
 6 FCPATH\index.php(56): CodeIgniter\Boot::bootWeb(Object(Config\Paths))
WARNING - 2025-03-14 13:47:16 --> [DEPRECATED] Creation of dynamic property App\Controllers\Wilayah::$ModelSetting is deprecated in APPPATH\Controllers\Wilayah.php on line 17.
 1 SYSTEMPATH\CodeIgniter.php(903): App\Controllers\Wilayah->__construct()
 2 SYSTEMPATH\CodeIgniter.php(498): CodeIgniter\CodeIgniter->createController()
 3 SYSTEMPATH\CodeIgniter.php(354): CodeIgniter\CodeIgniter->handleRequest(null, Object(Config\Cache), false)
 4 SYSTEMPATH\Boot.php(334): CodeIgniter\CodeIgniter->run()
 5 SYSTEMPATH\Boot.php(67): CodeIgniter\Boot::runCodeIgniter(Object(CodeIgniter\CodeIgniter))
 6 FCPATH\index.php(56): CodeIgniter\Boot::bootWeb(Object(Config\Paths))
DEBUG - 2025-03-14 13:47:16 --> Session: Class initialized using 'CodeIgniter\Session\Handlers\FileHandler' driver.
WARNING - 2025-03-14 13:48:09 --> [DEPRECATED] Creation of dynamic property App\Controllers\Wilayah::$ModelWilayah is deprecated in APPPATH\Controllers\Wilayah.php on line 16.
 1 SYSTEMPATH\CodeIgniter.php(903): App\Controllers\Wilayah->__construct()
 2 SYSTEMPATH\CodeIgniter.php(498): CodeIgniter\CodeIgniter->createController()
 3 SYSTEMPATH\CodeIgniter.php(354): CodeIgniter\CodeIgniter->handleRequest(null, Object(Config\Cache), false)
 4 SYSTEMPATH\Boot.php(334): CodeIgniter\CodeIgniter->run()
 5 SYSTEMPATH\Boot.php(67): CodeIgniter\Boot::runCodeIgniter(Object(CodeIgniter\CodeIgniter))
 6 FCPATH\index.php(56): CodeIgniter\Boot::bootWeb(Object(Config\Paths))
WARNING - 2025-03-14 13:48:09 --> [DEPRECATED] Creation of dynamic property App\Controllers\Wilayah::$ModelSetting is deprecated in APPPATH\Controllers\Wilayah.php on line 17.
 1 SYSTEMPATH\CodeIgniter.php(903): App\Controllers\Wilayah->__construct()
 2 SYSTEMPATH\CodeIgniter.php(498): CodeIgniter\CodeIgniter->createController()
 3 SYSTEMPATH\CodeIgniter.php(354): CodeIgniter\CodeIgniter->handleRequest(null, Object(Config\Cache), false)
 4 SYSTEMPATH\Boot.php(334): CodeIgniter\CodeIgniter->run()
 5 SYSTEMPATH\Boot.php(67): CodeIgniter\Boot::runCodeIgniter(Object(CodeIgniter\CodeIgniter))
 6 FCPATH\index.php(56): CodeIgniter\Boot::bootWeb(Object(Config\Paths))
DEBUG - 2025-03-14 13:48:10 --> Session: Class initialized using 'CodeIgniter\Session\Handlers\FileHandler' driver.
WARNING - 2025-03-14 13:48:23 --> [DEPRECATED] Creation of dynamic property App\Controllers\Admin::$ModelSetting is deprecated in APPPATH\Controllers\Admin.php on line 11.
 1 SYSTEMPATH\CodeIgniter.php(903): App\Controllers\Admin->__construct()
 2 SYSTEMPATH\CodeIgniter.php(498): CodeIgniter\CodeIgniter->createController()
 3 SYSTEMPATH\CodeIgniter.php(354): CodeIgniter\CodeIgniter->handleRequest(null, Object(Config\Cache), false)
 4 SYSTEMPATH\Boot.php(334): CodeIgniter\CodeIgniter->run()
 5 SYSTEMPATH\Boot.php(67): CodeIgniter\Boot::runCodeIgniter(Object(CodeIgniter\CodeIgniter))
 6 FCPATH\index.php(56): CodeIgniter\Boot::bootWeb(Object(Config\Paths))
WARNING - 2025-03-14 13:48:29 --> [DEPRECATED] Creation of dynamic property App\Controllers\Wilayah::$ModelWilayah is deprecated in APPPATH\Controllers\Wilayah.php on line 16.
 1 SYSTEMPATH\CodeIgniter.php(903): App\Controllers\Wilayah->__construct()
 2 SYSTEMPATH\CodeIgniter.php(498): CodeIgniter\CodeIgniter->createController()
 3 SYSTEMPATH\CodeIgniter.php(354): CodeIgniter\CodeIgniter->handleRequest(null, Object(Config\Cache), false)
 4 SYSTEMPATH\Boot.php(334): CodeIgniter\CodeIgniter->run()
 5 SYSTEMPATH\Boot.php(67): CodeIgniter\Boot::runCodeIgniter(Object(CodeIgniter\CodeIgniter))
 6 FCPATH\index.php(56): CodeIgniter\Boot::bootWeb(Object(Config\Paths))
WARNING - 2025-03-14 13:48:29 --> [DEPRECATED] Creation of dynamic property App\Controllers\Wilayah::$ModelSetting is deprecated in APPPATH\Controllers\Wilayah.php on line 17.
 1 SYSTEMPATH\CodeIgniter.php(903): App\Controllers\Wilayah->__construct()
 2 SYSTEMPATH\CodeIgniter.php(498): CodeIgniter\CodeIgniter->createController()
 3 SYSTEMPATH\CodeIgniter.php(354): CodeIgniter\CodeIgniter->handleRequest(null, Object(Config\Cache), false)
 4 SYSTEMPATH\Boot.php(334): CodeIgniter\CodeIgniter->run()
 5 SYSTEMPATH\Boot.php(67): CodeIgniter\Boot::runCodeIgniter(Object(CodeIgniter\CodeIgniter))
 6 FCPATH\index.php(56): CodeIgniter\Boot::bootWeb(Object(Config\Paths))
DEBUG - 2025-03-14 13:48:29 --> Session: Class initialized using 'CodeIgniter\Session\Handlers\FileHandler' driver.
WARNING - 2025-03-14 13:48:34 --> [DEPRECATED] Creation of dynamic property App\Controllers\Admin::$ModelSetting is deprecated in APPPATH\Controllers\Admin.php on line 11.
 1 SYSTEMPATH\CodeIgniter.php(903): App\Controllers\Admin->__construct()
 2 SYSTEMPATH\CodeIgniter.php(498): CodeIgniter\CodeIgniter->createController()
 3 SYSTEMPATH\CodeIgniter.php(354): CodeIgniter\CodeIgniter->handleRequest(null, Object(Config\Cache), false)
 4 SYSTEMPATH\Boot.php(334): CodeIgniter\CodeIgniter->run()
 5 SYSTEMPATH\Boot.php(67): CodeIgniter\Boot::runCodeIgniter(Object(CodeIgniter\CodeIgniter))
 6 FCPATH\index.php(56): CodeIgniter\Boot::bootWeb(Object(Config\Paths))
DEBUG - 2025-03-14 13:48:34 --> Session: Class initialized using 'CodeIgniter\Session\Handlers\FileHandler' driver.
WARNING - 2025-03-14 13:48:46 --> [DEPRECATED] Creation of dynamic property App\Controllers\Wilayah::$ModelWilayah is deprecated in APPPATH\Controllers\Wilayah.php on line 16.
 1 SYSTEMPATH\CodeIgniter.php(903): App\Controllers\Wilayah->__construct()
 2 SYSTEMPATH\CodeIgniter.php(498): CodeIgniter\CodeIgniter->createController()
 3 SYSTEMPATH\CodeIgniter.php(354): CodeIgniter\CodeIgniter->handleRequest(null, Object(Config\Cache), false)
 4 SYSTEMPATH\Boot.php(334): CodeIgniter\CodeIgniter->run()
 5 SYSTEMPATH\Boot.php(67): CodeIgniter\Boot::runCodeIgniter(Object(CodeIgniter\CodeIgniter))
 6 FCPATH\index.php(56): CodeIgniter\Boot::bootWeb(Object(Config\Paths))
WARNING - 2025-03-14 13:48:46 --> [DEPRECATED] Creation of dynamic property App\Controllers\Wilayah::$ModelSetting is deprecated in APPPATH\Controllers\Wilayah.php on line 17.
 1 SYSTEMPATH\CodeIgniter.php(903): App\Controllers\Wilayah->__construct()
 2 SYSTEMPATH\CodeIgniter.php(498): CodeIgniter\CodeIgniter->createController()
 3 SYSTEMPATH\CodeIgniter.php(354): CodeIgniter\CodeIgniter->handleRequest(null, Object(Config\Cache), false)
 4 SYSTEMPATH\Boot.php(334): CodeIgniter\CodeIgniter->run()
 5 SYSTEMPATH\Boot.php(67): CodeIgniter\Boot::runCodeIgniter(Object(CodeIgniter\CodeIgniter))
 6 FCPATH\index.php(56): CodeIgniter\Boot::bootWeb(Object(Config\Paths))
DEBUG - 2025-03-14 13:48:46 --> Session: Class initialized using 'CodeIgniter\Session\Handlers\FileHandler' driver.
WARNING - 2025-03-14 13:49:19 --> [DEPRECATED] Creation of dynamic property App\Controllers\Wilayah::$ModelWilayah is deprecated in APPPATH\Controllers\Wilayah.php on line 16.
 1 SYSTEMPATH\CodeIgniter.php(903): App\Controllers\Wilayah->__construct()
 2 SYSTEMPATH\CodeIgniter.php(498): CodeIgniter\CodeIgniter->createController()
 3 SYSTEMPATH\CodeIgniter.php(354): CodeIgniter\CodeIgniter->handleRequest(null, Object(Config\Cache), false)
 4 SYSTEMPATH\Boot.php(334): CodeIgniter\CodeIgniter->run()
 5 SYSTEMPATH\Boot.php(67): CodeIgniter\Boot::runCodeIgniter(Object(CodeIgniter\CodeIgniter))
 6 FCPATH\index.php(56): CodeIgniter\Boot::bootWeb(Object(Config\Paths))
WARNING - 2025-03-14 13:49:19 --> [DEPRECATED] Creation of dynamic property App\Controllers\Wilayah::$ModelSetting is deprecated in APPPATH\Controllers\Wilayah.php on line 17.
 1 SYSTEMPATH\CodeIgniter.php(903): App\Controllers\Wilayah->__construct()
 2 SYSTEMPATH\CodeIgniter.php(498): CodeIgniter\CodeIgniter->createController()
 3 SYSTEMPATH\CodeIgniter.php(354): CodeIgniter\CodeIgniter->handleRequest(null, Object(Config\Cache), false)
 4 SYSTEMPATH\Boot.php(334): CodeIgniter\CodeIgniter->run()
 5 SYSTEMPATH\Boot.php(67): CodeIgniter\Boot::runCodeIgniter(Object(CodeIgniter\CodeIgniter))
 6 FCPATH\index.php(56): CodeIgniter\Boot::bootWeb(Object(Config\Paths))
DEBUG - 2025-03-14 13:49:19 --> Session: Class initialized using 'CodeIgniter\Session\Handlers\FileHandler' driver.
WARNING - 2025-03-14 13:53:53 --> [DEPRECATED] Creation of dynamic property App\Controllers\Wilayah::$ModelWilayah is deprecated in APPPATH\Controllers\Wilayah.php on line 16.
 1 SYSTEMPATH\CodeIgniter.php(903): App\Controllers\Wilayah->__construct()
 2 SYSTEMPATH\CodeIgniter.php(498): CodeIgniter\CodeIgniter->createController()
 3 SYSTEMPATH\CodeIgniter.php(354): CodeIgniter\CodeIgniter->handleRequest(null, Object(Config\Cache), false)
 4 SYSTEMPATH\Boot.php(334): CodeIgniter\CodeIgniter->run()
 5 SYSTEMPATH\Boot.php(67): CodeIgniter\Boot::runCodeIgniter(Object(CodeIgniter\CodeIgniter))
 6 FCPATH\index.php(56): CodeIgniter\Boot::bootWeb(Object(Config\Paths))
WARNING - 2025-03-14 13:53:53 --> [DEPRECATED] Creation of dynamic property App\Controllers\Wilayah::$ModelSetting is deprecated in APPPATH\Controllers\Wilayah.php on line 17.
 1 SYSTEMPATH\CodeIgniter.php(903): App\Controllers\Wilayah->__construct()
 2 SYSTEMPATH\CodeIgniter.php(498): CodeIgniter\CodeIgniter->createController()
 3 SYSTEMPATH\CodeIgniter.php(354): CodeIgniter\CodeIgniter->handleRequest(null, Object(Config\Cache), false)
 4 SYSTEMPATH\Boot.php(334): CodeIgniter\CodeIgniter->run()
 5 SYSTEMPATH\Boot.php(67): CodeIgniter\Boot::runCodeIgniter(Object(CodeIgniter\CodeIgniter))
 6 FCPATH\index.php(56): CodeIgniter\Boot::bootWeb(Object(Config\Paths))
DEBUG - 2025-03-14 13:53:54 --> Session: Class initialized using 'CodeIgniter\Session\Handlers\FileHandler' driver.
WARNING - 2025-03-14 13:54:23 --> [DEPRECATED] Creation of dynamic property App\Controllers\Wilayah::$ModelWilayah is deprecated in APPPATH\Controllers\Wilayah.php on line 16.
 1 SYSTEMPATH\CodeIgniter.php(903): App\Controllers\Wilayah->__construct()
 2 SYSTEMPATH\CodeIgniter.php(498): CodeIgniter\CodeIgniter->createController()
 3 SYSTEMPATH\CodeIgniter.php(354): CodeIgniter\CodeIgniter->handleRequest(null, Object(Config\Cache), false)
 4 SYSTEMPATH\Boot.php(334): CodeIgniter\CodeIgniter->run()
 5 SYSTEMPATH\Boot.php(67): CodeIgniter\Boot::runCodeIgniter(Object(CodeIgniter\CodeIgniter))
 6 FCPATH\index.php(56): CodeIgniter\Boot::bootWeb(Object(Config\Paths))
WARNING - 2025-03-14 13:54:23 --> [DEPRECATED] Creation of dynamic property App\Controllers\Wilayah::$ModelSetting is deprecated in APPPATH\Controllers\Wilayah.php on line 17.
 1 SYSTEMPATH\CodeIgniter.php(903): App\Controllers\Wilayah->__construct()
 2 SYSTEMPATH\CodeIgniter.php(498): CodeIgniter\CodeIgniter->createController()
 3 SYSTEMPATH\CodeIgniter.php(354): CodeIgniter\CodeIgniter->handleRequest(null, Object(Config\Cache), false)
 4 SYSTEMPATH\Boot.php(334): CodeIgniter\CodeIgniter->run()
 5 SYSTEMPATH\Boot.php(67): CodeIgniter\Boot::runCodeIgniter(Object(CodeIgniter\CodeIgniter))
 6 FCPATH\index.php(56): CodeIgniter\Boot::bootWeb(Object(Config\Paths))
DEBUG - 2025-03-14 13:54:23 --> Session: Class initialized using 'CodeIgniter\Session\Handlers\FileHandler' driver.
WARNING - 2025-03-14 13:54:24 --> [DEPRECATED] Creation of dynamic property App\Controllers\Wilayah::$ModelWilayah is deprecated in APPPATH\Controllers\Wilayah.php on line 16.
 1 SYSTEMPATH\CodeIgniter.php(903): App\Controllers\Wilayah->__construct()
 2 SYSTEMPATH\CodeIgniter.php(498): CodeIgniter\CodeIgniter->createController()
 3 SYSTEMPATH\CodeIgniter.php(354): CodeIgniter\CodeIgniter->handleRequest(null, Object(Config\Cache), false)
 4 SYSTEMPATH\Boot.php(334): CodeIgniter\CodeIgniter->run()
 5 SYSTEMPATH\Boot.php(67): CodeIgniter\Boot::runCodeIgniter(Object(CodeIgniter\CodeIgniter))
 6 FCPATH\index.php(56): CodeIgniter\Boot::bootWeb(Object(Config\Paths))
WARNING - 2025-03-14 13:54:24 --> [DEPRECATED] Creation of dynamic property App\Controllers\Wilayah::$ModelSetting is deprecated in APPPATH\Controllers\Wilayah.php on line 17.
 1 SYSTEMPATH\CodeIgniter.php(903): App\Controllers\Wilayah->__construct()
 2 SYSTEMPATH\CodeIgniter.php(498): CodeIgniter\CodeIgniter->createController()
 3 SYSTEMPATH\CodeIgniter.php(354): CodeIgniter\CodeIgniter->handleRequest(null, Object(Config\Cache), false)
 4 SYSTEMPATH\Boot.php(334): CodeIgniter\CodeIgniter->run()
 5 SYSTEMPATH\Boot.php(67): CodeIgniter\Boot::runCodeIgniter(Object(CodeIgniter\CodeIgniter))
 6 FCPATH\index.php(56): CodeIgniter\Boot::bootWeb(Object(Config\Paths))
DEBUG - 2025-03-14 13:54:25 --> Session: Class initialized using 'CodeIgniter\Session\Handlers\FileHandler' driver.
WARNING - 2025-03-14 13:54:52 --> [DEPRECATED] Creation of dynamic property App\Controllers\Wilayah::$ModelWilayah is deprecated in APPPATH\Controllers\Wilayah.php on line 16.
 1 SYSTEMPATH\CodeIgniter.php(903): App\Controllers\Wilayah->__construct()
 2 SYSTEMPATH\CodeIgniter.php(498): CodeIgniter\CodeIgniter->createController()
 3 SYSTEMPATH\CodeIgniter.php(354): CodeIgniter\CodeIgniter->handleRequest(null, Object(Config\Cache), false)
 4 SYSTEMPATH\Boot.php(334): CodeIgniter\CodeIgniter->run()
 5 SYSTEMPATH\Boot.php(67): CodeIgniter\Boot::runCodeIgniter(Object(CodeIgniter\CodeIgniter))
 6 FCPATH\index.php(56): CodeIgniter\Boot::bootWeb(Object(Config\Paths))
WARNING - 2025-03-14 13:54:52 --> [DEPRECATED] Creation of dynamic property App\Controllers\Wilayah::$ModelSetting is deprecated in APPPATH\Controllers\Wilayah.php on line 17.
 1 SYSTEMPATH\CodeIgniter.php(903): App\Controllers\Wilayah->__construct()
 2 SYSTEMPATH\CodeIgniter.php(498): CodeIgniter\CodeIgniter->createController()
 3 SYSTEMPATH\CodeIgniter.php(354): CodeIgniter\CodeIgniter->handleRequest(null, Object(Config\Cache), false)
 4 SYSTEMPATH\Boot.php(334): CodeIgniter\CodeIgniter->run()
 5 SYSTEMPATH\Boot.php(67): CodeIgniter\Boot::runCodeIgniter(Object(CodeIgniter\CodeIgniter))
 6 FCPATH\index.php(56): CodeIgniter\Boot::bootWeb(Object(Config\Paths))
DEBUG - 2025-03-14 13:54:52 --> Session: Class initialized using 'CodeIgniter\Session\Handlers\FileHandler' driver.
WARNING - 2025-03-14 13:56:09 --> [DEPRECATED] Creation of dynamic property App\Controllers\Wilayah::$ModelWilayah is deprecated in APPPATH\Controllers\Wilayah.php on line 16.
 1 SYSTEMPATH\CodeIgniter.php(903): App\Controllers\Wilayah->__construct()
 2 SYSTEMPATH\CodeIgniter.php(498): CodeIgniter\CodeIgniter->createController()
 3 SYSTEMPATH\CodeIgniter.php(354): CodeIgniter\CodeIgniter->handleRequest(null, Object(Config\Cache), false)
 4 SYSTEMPATH\Boot.php(334): CodeIgniter\CodeIgniter->run()
 5 SYSTEMPATH\Boot.php(67): CodeIgniter\Boot::runCodeIgniter(Object(CodeIgniter\CodeIgniter))
 6 FCPATH\index.php(56): CodeIgniter\Boot::bootWeb(Object(Config\Paths))
WARNING - 2025-03-14 13:56:09 --> [DEPRECATED] Creation of dynamic property App\Controllers\Wilayah::$ModelSetting is deprecated in APPPATH\Controllers\Wilayah.php on line 17.
 1 SYSTEMPATH\CodeIgniter.php(903): App\Controllers\Wilayah->__construct()
 2 SYSTEMPATH\CodeIgniter.php(498): CodeIgniter\CodeIgniter->createController()
 3 SYSTEMPATH\CodeIgniter.php(354): CodeIgniter\CodeIgniter->handleRequest(null, Object(Config\Cache), false)
 4 SYSTEMPATH\Boot.php(334): CodeIgniter\CodeIgniter->run()
 5 SYSTEMPATH\Boot.php(67): CodeIgniter\Boot::runCodeIgniter(Object(CodeIgniter\CodeIgniter))
 6 FCPATH\index.php(56): CodeIgniter\Boot::bootWeb(Object(Config\Paths))
DEBUG - 2025-03-14 13:56:10 --> Session: Class initialized using 'CodeIgniter\Session\Handlers\FileHandler' driver.
WARNING - 2025-03-14 13:56:17 --> [DEPRECATED] Creation of dynamic property App\Controllers\Admin::$ModelSetting is deprecated in APPPATH\Controllers\Admin.php on line 11.
 1 SYSTEMPATH\CodeIgniter.php(903): App\Controllers\Admin->__construct()
 2 SYSTEMPATH\CodeIgniter.php(498): CodeIgniter\CodeIgniter->createController()
 3 SYSTEMPATH\CodeIgniter.php(354): CodeIgniter\CodeIgniter->handleRequest(null, Object(Config\Cache), false)
 4 SYSTEMPATH\Boot.php(334): CodeIgniter\CodeIgniter->run()
 5 SYSTEMPATH\Boot.php(67): CodeIgniter\Boot::runCodeIgniter(Object(CodeIgniter\CodeIgniter))
 6 FCPATH\index.php(56): CodeIgniter\Boot::bootWeb(Object(Config\Paths))
DEBUG - 2025-03-14 13:56:17 --> Session: Class initialized using 'CodeIgniter\Session\Handlers\FileHandler' driver.
WARNING - 2025-03-14 13:56:26 --> [DEPRECATED] Creation of dynamic property App\Controllers\Admin::$ModelSetting is deprecated in APPPATH\Controllers\Admin.php on line 11.
 1 SYSTEMPATH\CodeIgniter.php(903): App\Controllers\Admin->__construct()
 2 SYSTEMPATH\CodeIgniter.php(498): CodeIgniter\CodeIgniter->createController()
 3 SYSTEMPATH\CodeIgniter.php(354): CodeIgniter\CodeIgniter->handleRequest(null, Object(Config\Cache), false)
 4 SYSTEMPATH\Boot.php(334): CodeIgniter\CodeIgniter->run()
 5 SYSTEMPATH\Boot.php(67): CodeIgniter\Boot::runCodeIgniter(Object(CodeIgniter\CodeIgniter))
 6 FCPATH\index.php(56): CodeIgniter\Boot::bootWeb(Object(Config\Paths))
WARNING - 2025-03-14 13:56:33 --> [DEPRECATED] Creation of dynamic property App\Controllers\Wilayah::$ModelWilayah is deprecated in APPPATH\Controllers\Wilayah.php on line 16.
 1 SYSTEMPATH\CodeIgniter.php(903): App\Controllers\Wilayah->__construct()
 2 SYSTEMPATH\CodeIgniter.php(498): CodeIgniter\CodeIgniter->createController()
 3 SYSTEMPATH\CodeIgniter.php(354): CodeIgniter\CodeIgniter->handleRequest(null, Object(Config\Cache), false)
 4 SYSTEMPATH\Boot.php(334): CodeIgniter\CodeIgniter->run()
 5 SYSTEMPATH\Boot.php(67): CodeIgniter\Boot::runCodeIgniter(Object(CodeIgniter\CodeIgniter))
 6 FCPATH\index.php(56): CodeIgniter\Boot::bootWeb(Object(Config\Paths))
WARNING - 2025-03-14 13:56:33 --> [DEPRECATED] Creation of dynamic property App\Controllers\Wilayah::$ModelSetting is deprecated in APPPATH\Controllers\Wilayah.php on line 17.
 1 SYSTEMPATH\CodeIgniter.php(903): App\Controllers\Wilayah->__construct()
 2 SYSTEMPATH\CodeIgniter.php(498): CodeIgniter\CodeIgniter->createController()
 3 SYSTEMPATH\CodeIgniter.php(354): CodeIgniter\CodeIgniter->handleRequest(null, Object(Config\Cache), false)
 4 SYSTEMPATH\Boot.php(334): CodeIgniter\CodeIgniter->run()
 5 SYSTEMPATH\Boot.php(67): CodeIgniter\Boot::runCodeIgniter(Object(CodeIgniter\CodeIgniter))
 6 FCPATH\index.php(56): CodeIgniter\Boot::bootWeb(Object(Config\Paths))
DEBUG - 2025-03-14 13:56:33 --> Session: Class initialized using 'CodeIgniter\Session\Handlers\FileHandler' driver.
WARNING - 2025-03-14 13:57:42 --> [DEPRECATED] Creation of dynamic property App\Controllers\Wilayah::$ModelWilayah is deprecated in APPPATH\Controllers\Wilayah.php on line 16.
 1 SYSTEMPATH\CodeIgniter.php(903): App\Controllers\Wilayah->__construct()
 2 SYSTEMPATH\CodeIgniter.php(498): CodeIgniter\CodeIgniter->createController()
 3 SYSTEMPATH\CodeIgniter.php(354): CodeIgniter\CodeIgniter->handleRequest(null, Object(Config\Cache), false)
 4 SYSTEMPATH\Boot.php(334): CodeIgniter\CodeIgniter->run()
 5 SYSTEMPATH\Boot.php(67): CodeIgniter\Boot::runCodeIgniter(Object(CodeIgniter\CodeIgniter))
 6 FCPATH\index.php(56): CodeIgniter\Boot::bootWeb(Object(Config\Paths))
WARNING - 2025-03-14 13:57:42 --> [DEPRECATED] Creation of dynamic property App\Controllers\Wilayah::$ModelSetting is deprecated in APPPATH\Controllers\Wilayah.php on line 17.
 1 SYSTEMPATH\CodeIgniter.php(903): App\Controllers\Wilayah->__construct()
 2 SYSTEMPATH\CodeIgniter.php(498): CodeIgniter\CodeIgniter->createController()
 3 SYSTEMPATH\CodeIgniter.php(354): CodeIgniter\CodeIgniter->handleRequest(null, Object(Config\Cache), false)
 4 SYSTEMPATH\Boot.php(334): CodeIgniter\CodeIgniter->run()
 5 SYSTEMPATH\Boot.php(67): CodeIgniter\Boot::runCodeIgniter(Object(CodeIgniter\CodeIgniter))
 6 FCPATH\index.php(56): CodeIgniter\Boot::bootWeb(Object(Config\Paths))
DEBUG - 2025-03-14 13:57:43 --> Session: Class initialized using 'CodeIgniter\Session\Handlers\FileHandler' driver.
WARNING - 2025-03-14 13:57:53 --> [DEPRECATED] Creation of dynamic property App\Controllers\Wilayah::$ModelWilayah is deprecated in APPPATH\Controllers\Wilayah.php on line 16.
 1 SYSTEMPATH\CodeIgniter.php(903): App\Controllers\Wilayah->__construct()
 2 SYSTEMPATH\CodeIgniter.php(498): CodeIgniter\CodeIgniter->createController()
 3 SYSTEMPATH\CodeIgniter.php(354): CodeIgniter\CodeIgniter->handleRequest(null, Object(Config\Cache), false)
 4 SYSTEMPATH\Boot.php(334): CodeIgniter\CodeIgniter->run()
 5 SYSTEMPATH\Boot.php(67): CodeIgniter\Boot::runCodeIgniter(Object(CodeIgniter\CodeIgniter))
 6 FCPATH\index.php(56): CodeIgniter\Boot::bootWeb(Object(Config\Paths))
WARNING - 2025-03-14 13:57:53 --> [DEPRECATED] Creation of dynamic property App\Controllers\Wilayah::$ModelSetting is deprecated in APPPATH\Controllers\Wilayah.php on line 17.
 1 SYSTEMPATH\CodeIgniter.php(903): App\Controllers\Wilayah->__construct()
 2 SYSTEMPATH\CodeIgniter.php(498): CodeIgniter\CodeIgniter->createController()
 3 SYSTEMPATH\CodeIgniter.php(354): CodeIgniter\CodeIgniter->handleRequest(null, Object(Config\Cache), false)
 4 SYSTEMPATH\Boot.php(334): CodeIgniter\CodeIgniter->run()
 5 SYSTEMPATH\Boot.php(67): CodeIgniter\Boot::runCodeIgniter(Object(CodeIgniter\CodeIgniter))
 6 FCPATH\index.php(56): CodeIgniter\Boot::bootWeb(Object(Config\Paths))
DEBUG - 2025-03-14 13:57:53 --> Session: Class initialized using 'CodeIgniter\Session\Handlers\FileHandler' driver.
WARNING - 2025-03-14 14:00:18 --> [DEPRECATED] Creation of dynamic property App\Controllers\Admin::$ModelSetting is deprecated in APPPATH\Controllers\Admin.php on line 11.
 1 SYSTEMPATH\CodeIgniter.php(903): App\Controllers\Admin->__construct()
 2 SYSTEMPATH\CodeIgniter.php(498): CodeIgniter\CodeIgniter->createController()
 3 SYSTEMPATH\CodeIgniter.php(354): CodeIgniter\CodeIgniter->handleRequest(null, Object(Config\Cache), false)
 4 SYSTEMPATH\Boot.php(334): CodeIgniter\CodeIgniter->run()
 5 SYSTEMPATH\Boot.php(67): CodeIgniter\Boot::runCodeIgniter(Object(CodeIgniter\CodeIgniter))
 6 FCPATH\index.php(56): CodeIgniter\Boot::bootWeb(Object(Config\Paths))
WARNING - 2025-03-14 14:00:47 --> [DEPRECATED] Creation of dynamic property App\Controllers\Wilayah::$ModelWilayah is deprecated in APPPATH\Controllers\Wilayah.php on line 16.
 1 SYSTEMPATH\CodeIgniter.php(903): App\Controllers\Wilayah->__construct()
 2 SYSTEMPATH\CodeIgniter.php(498): CodeIgniter\CodeIgniter->createController()
 3 SYSTEMPATH\CodeIgniter.php(354): CodeIgniter\CodeIgniter->handleRequest(null, Object(Config\Cache), false)
 4 SYSTEMPATH\Boot.php(334): CodeIgniter\CodeIgniter->run()
 5 SYSTEMPATH\Boot.php(67): CodeIgniter\Boot::runCodeIgniter(Object(CodeIgniter\CodeIgniter))
 6 FCPATH\index.php(56): CodeIgniter\Boot::bootWeb(Object(Config\Paths))
WARNING - 2025-03-14 14:00:47 --> [DEPRECATED] Creation of dynamic property App\Controllers\Wilayah::$ModelSetting is deprecated in APPPATH\Controllers\Wilayah.php on line 17.
 1 SYSTEMPATH\CodeIgniter.php(903): App\Controllers\Wilayah->__construct()
 2 SYSTEMPATH\CodeIgniter.php(498): CodeIgniter\CodeIgniter->createController()
 3 SYSTEMPATH\CodeIgniter.php(354): CodeIgniter\CodeIgniter->handleRequest(null, Object(Config\Cache), false)
 4 SYSTEMPATH\Boot.php(334): CodeIgniter\CodeIgniter->run()
 5 SYSTEMPATH\Boot.php(67): CodeIgniter\Boot::runCodeIgniter(Object(CodeIgniter\CodeIgniter))
 6 FCPATH\index.php(56): CodeIgniter\Boot::bootWeb(Object(Config\Paths))
DEBUG - 2025-03-14 14:00:48 --> Session: Class initialized using 'CodeIgniter\Session\Handlers\FileHandler' driver.
WARNING - 2025-03-14 14:15:48 --> [DEPRECATED] Creation of dynamic property App\Controllers\Wilayah::$ModelWilayah is deprecated in APPPATH\Controllers\Wilayah.php on line 16.
 1 SYSTEMPATH\CodeIgniter.php(903): App\Controllers\Wilayah->__construct()
 2 SYSTEMPATH\CodeIgniter.php(498): CodeIgniter\CodeIgniter->createController()
 3 SYSTEMPATH\CodeIgniter.php(354): CodeIgniter\CodeIgniter->handleRequest(null, Object(Config\Cache), false)
 4 SYSTEMPATH\Boot.php(334): CodeIgniter\CodeIgniter->run()
 5 SYSTEMPATH\Boot.php(67): CodeIgniter\Boot::runCodeIgniter(Object(CodeIgniter\CodeIgniter))
 6 FCPATH\index.php(56): CodeIgniter\Boot::bootWeb(Object(Config\Paths))
WARNING - 2025-03-14 14:15:48 --> [DEPRECATED] Creation of dynamic property App\Controllers\Wilayah::$ModelSetting is deprecated in APPPATH\Controllers\Wilayah.php on line 17.
 1 SYSTEMPATH\CodeIgniter.php(903): App\Controllers\Wilayah->__construct()
 2 SYSTEMPATH\CodeIgniter.php(498): CodeIgniter\CodeIgniter->createController()
 3 SYSTEMPATH\CodeIgniter.php(354): CodeIgniter\CodeIgniter->handleRequest(null, Object(Config\Cache), false)
 4 SYSTEMPATH\Boot.php(334): CodeIgniter\CodeIgniter->run()
 5 SYSTEMPATH\Boot.php(67): CodeIgniter\Boot::runCodeIgniter(Object(CodeIgniter\CodeIgniter))
 6 FCPATH\index.php(56): CodeIgniter\Boot::bootWeb(Object(Config\Paths))
DEBUG - 2025-03-14 14:15:49 --> Session: Class initialized using 'CodeIgniter\Session\Handlers\FileHandler' driver.
WARNING - 2025-03-14 14:15:55 --> [DEPRECATED] Creation of dynamic property App\Controllers\Admin::$ModelSetting is deprecated in APPPATH\Controllers\Admin.php on line 11.
 1 SYSTEMPATH\CodeIgniter.php(903): App\Controllers\Admin->__construct()
 2 SYSTEMPATH\CodeIgniter.php(498): CodeIgniter\CodeIgniter->createController()
 3 SYSTEMPATH\CodeIgniter.php(354): CodeIgniter\CodeIgniter->handleRequest(null, Object(Config\Cache), false)
 4 SYSTEMPATH\Boot.php(334): CodeIgniter\CodeIgniter->run()
 5 SYSTEMPATH\Boot.php(67): CodeIgniter\Boot::runCodeIgniter(Object(CodeIgniter\CodeIgniter))
 6 FCPATH\index.php(56): CodeIgniter\Boot::bootWeb(Object(Config\Paths))
DEBUG - 2025-03-14 14:15:55 --> Session: Class initialized using 'CodeIgniter\Session\Handlers\FileHandler' driver.
WARNING - 2025-03-14 14:16:18 --> [DEPRECATED] Creation of dynamic property App\Controllers\Wilayah::$ModelWilayah is deprecated in APPPATH\Controllers\Wilayah.php on line 16.
 1 SYSTEMPATH\CodeIgniter.php(903): App\Controllers\Wilayah->__construct()
 2 SYSTEMPATH\CodeIgniter.php(498): CodeIgniter\CodeIgniter->createController()
 3 SYSTEMPATH\CodeIgniter.php(354): CodeIgniter\CodeIgniter->handleRequest(null, Object(Config\Cache), false)
 4 SYSTEMPATH\Boot.php(334): CodeIgniter\CodeIgniter->run()
 5 SYSTEMPATH\Boot.php(67): CodeIgniter\Boot::runCodeIgniter(Object(CodeIgniter\CodeIgniter))
 6 FCPATH\index.php(56): CodeIgniter\Boot::bootWeb(Object(Config\Paths))
WARNING - 2025-03-14 14:16:18 --> [DEPRECATED] Creation of dynamic property App\Controllers\Wilayah::$ModelSetting is deprecated in APPPATH\Controllers\Wilayah.php on line 17.
 1 SYSTEMPATH\CodeIgniter.php(903): App\Controllers\Wilayah->__construct()
 2 SYSTEMPATH\CodeIgniter.php(498): CodeIgniter\CodeIgniter->createController()
 3 SYSTEMPATH\CodeIgniter.php(354): CodeIgniter\CodeIgniter->handleRequest(null, Object(Config\Cache), false)
 4 SYSTEMPATH\Boot.php(334): CodeIgniter\CodeIgniter->run()
 5 SYSTEMPATH\Boot.php(67): CodeIgniter\Boot::runCodeIgniter(Object(CodeIgniter\CodeIgniter))
 6 FCPATH\index.php(56): CodeIgniter\Boot::bootWeb(Object(Config\Paths))
DEBUG - 2025-03-14 14:16:19 --> Session: Class initialized using 'CodeIgniter\Session\Handlers\FileHandler' driver.
WARNING - 2025-03-14 14:25:22 --> [DEPRECATED] Creation of dynamic property App\Controllers\Admin::$ModelSetting is deprecated in APPPATH\Controllers\Admin.php on line 11.
 1 SYSTEMPATH\CodeIgniter.php(903): App\Controllers\Admin->__construct()
 2 SYSTEMPATH\CodeIgniter.php(498): CodeIgniter\CodeIgniter->createController()
 3 SYSTEMPATH\CodeIgniter.php(354): CodeIgniter\CodeIgniter->handleRequest(null, Object(Config\Cache), false)
 4 SYSTEMPATH\Boot.php(334): CodeIgniter\CodeIgniter->run()
 5 SYSTEMPATH\Boot.php(67): CodeIgniter\Boot::runCodeIgniter(Object(CodeIgniter\CodeIgniter))
 6 FCPATH\index.php(56): CodeIgniter\Boot::bootWeb(Object(Config\Paths))
WARNING - 2025-03-14 14:25:29 --> [DEPRECATED] Creation of dynamic property App\Controllers\Wilayah::$ModelWilayah is deprecated in APPPATH\Controllers\Wilayah.php on line 16.
 1 SYSTEMPATH\CodeIgniter.php(903): App\Controllers\Wilayah->__construct()
 2 SYSTEMPATH\CodeIgniter.php(498): CodeIgniter\CodeIgniter->createController()
 3 SYSTEMPATH\CodeIgniter.php(354): CodeIgniter\CodeIgniter->handleRequest(null, Object(Config\Cache), false)
 4 SYSTEMPATH\Boot.php(334): CodeIgniter\CodeIgniter->run()
 5 SYSTEMPATH\Boot.php(67): CodeIgniter\Boot::runCodeIgniter(Object(CodeIgniter\CodeIgniter))
 6 FCPATH\index.php(56): CodeIgniter\Boot::bootWeb(Object(Config\Paths))
WARNING - 2025-03-14 14:25:29 --> [DEPRECATED] Creation of dynamic property App\Controllers\Wilayah::$ModelSetting is deprecated in APPPATH\Controllers\Wilayah.php on line 17.
 1 SYSTEMPATH\CodeIgniter.php(903): App\Controllers\Wilayah->__construct()
 2 SYSTEMPATH\CodeIgniter.php(498): CodeIgniter\CodeIgniter->createController()
 3 SYSTEMPATH\CodeIgniter.php(354): CodeIgniter\CodeIgniter->handleRequest(null, Object(Config\Cache), false)
 4 SYSTEMPATH\Boot.php(334): CodeIgniter\CodeIgniter->run()
 5 SYSTEMPATH\Boot.php(67): CodeIgniter\Boot::runCodeIgniter(Object(CodeIgniter\CodeIgniter))
 6 FCPATH\index.php(56): CodeIgniter\Boot::bootWeb(Object(Config\Paths))
DEBUG - 2025-03-14 14:25:32 --> Session: Class initialized using 'CodeIgniter\Session\Handlers\FileHandler' driver.
WARNING - 2025-03-14 14:25:49 --> [DEPRECATED] Creation of dynamic property App\Controllers\Wilayah::$ModelWilayah is deprecated in APPPATH\Controllers\Wilayah.php on line 16.
 1 SYSTEMPATH\CodeIgniter.php(903): App\Controllers\Wilayah->__construct()
 2 SYSTEMPATH\CodeIgniter.php(498): CodeIgniter\CodeIgniter->createController()
 3 SYSTEMPATH\CodeIgniter.php(354): CodeIgniter\CodeIgniter->handleRequest(null, Object(Config\Cache), false)
 4 SYSTEMPATH\Boot.php(334): CodeIgniter\CodeIgniter->run()
 5 SYSTEMPATH\Boot.php(67): CodeIgniter\Boot::runCodeIgniter(Object(CodeIgniter\CodeIgniter))
 6 FCPATH\index.php(56): CodeIgniter\Boot::bootWeb(Object(Config\Paths))
WARNING - 2025-03-14 14:25:49 --> [DEPRECATED] Creation of dynamic property App\Controllers\Wilayah::$ModelSetting is deprecated in APPPATH\Controllers\Wilayah.php on line 17.
 1 SYSTEMPATH\CodeIgniter.php(903): App\Controllers\Wilayah->__construct()
 2 SYSTEMPATH\CodeIgniter.php(498): CodeIgniter\CodeIgniter->createController()
 3 SYSTEMPATH\CodeIgniter.php(354): CodeIgniter\CodeIgniter->handleRequest(null, Object(Config\Cache), false)
 4 SYSTEMPATH\Boot.php(334): CodeIgniter\CodeIgniter->run()
 5 SYSTEMPATH\Boot.php(67): CodeIgniter\Boot::runCodeIgniter(Object(CodeIgniter\CodeIgniter))
 6 FCPATH\index.php(56): CodeIgniter\Boot::bootWeb(Object(Config\Paths))
DEBUG - 2025-03-14 14:25:50 --> Session: Class initialized using 'CodeIgniter\Session\Handlers\FileHandler' driver.
WARNING - 2025-03-14 14:25:58 --> [DEPRECATED] Creation of dynamic property App\Controllers\Wilayah::$ModelWilayah is deprecated in APPPATH\Controllers\Wilayah.php on line 16.
 1 SYSTEMPATH\CodeIgniter.php(903): App\Controllers\Wilayah->__construct()
 2 SYSTEMPATH\CodeIgniter.php(498): CodeIgniter\CodeIgniter->createController()
 3 SYSTEMPATH\CodeIgniter.php(354): CodeIgniter\CodeIgniter->handleRequest(null, Object(Config\Cache), false)
 4 SYSTEMPATH\Boot.php(334): CodeIgniter\CodeIgniter->run()
 5 SYSTEMPATH\Boot.php(67): CodeIgniter\Boot::runCodeIgniter(Object(CodeIgniter\CodeIgniter))
 6 FCPATH\index.php(56): CodeIgniter\Boot::bootWeb(Object(Config\Paths))
WARNING - 2025-03-14 14:25:58 --> [DEPRECATED] Creation of dynamic property App\Controllers\Wilayah::$ModelSetting is deprecated in APPPATH\Controllers\Wilayah.php on line 17.
 1 SYSTEMPATH\CodeIgniter.php(903): App\Controllers\Wilayah->__construct()
 2 SYSTEMPATH\CodeIgniter.php(498): CodeIgniter\CodeIgniter->createController()
 3 SYSTEMPATH\CodeIgniter.php(354): CodeIgniter\CodeIgniter->handleRequest(null, Object(Config\Cache), false)
 4 SYSTEMPATH\Boot.php(334): CodeIgniter\CodeIgniter->run()
 5 SYSTEMPATH\Boot.php(67): CodeIgniter\Boot::runCodeIgniter(Object(CodeIgniter\CodeIgniter))
 6 FCPATH\index.php(56): CodeIgniter\Boot::bootWeb(Object(Config\Paths))
DEBUG - 2025-03-14 14:25:58 --> Session: Class initialized using 'CodeIgniter\Session\Handlers\FileHandler' driver.
WARNING - 2025-03-14 14:25:59 --> [DEPRECATED] Creation of dynamic property App\Controllers\Wilayah::$ModelWilayah is deprecated in APPPATH\Controllers\Wilayah.php on line 16.
 1 SYSTEMPATH\CodeIgniter.php(903): App\Controllers\Wilayah->__construct()
 2 SYSTEMPATH\CodeIgniter.php(498): CodeIgniter\CodeIgniter->createController()
 3 SYSTEMPATH\CodeIgniter.php(354): CodeIgniter\CodeIgniter->handleRequest(null, Object(Config\Cache), false)
 4 SYSTEMPATH\Boot.php(334): CodeIgniter\CodeIgniter->run()
 5 SYSTEMPATH\Boot.php(67): CodeIgniter\Boot::runCodeIgniter(Object(CodeIgniter\CodeIgniter))
 6 FCPATH\index.php(56): CodeIgniter\Boot::bootWeb(Object(Config\Paths))
WARNING - 2025-03-14 14:25:59 --> [DEPRECATED] Creation of dynamic property App\Controllers\Wilayah::$ModelSetting is deprecated in APPPATH\Controllers\Wilayah.php on line 17.
 1 SYSTEMPATH\CodeIgniter.php(903): App\Controllers\Wilayah->__construct()
 2 SYSTEMPATH\CodeIgniter.php(498): CodeIgniter\CodeIgniter->createController()
 3 SYSTEMPATH\CodeIgniter.php(354): CodeIgniter\CodeIgniter->handleRequest(null, Object(Config\Cache), false)
 4 SYSTEMPATH\Boot.php(334): CodeIgniter\CodeIgniter->run()
 5 SYSTEMPATH\Boot.php(67): CodeIgniter\Boot::runCodeIgniter(Object(CodeIgniter\CodeIgniter))
 6 FCPATH\index.php(56): CodeIgniter\Boot::bootWeb(Object(Config\Paths))
DEBUG - 2025-03-14 14:25:59 --> Session: Class initialized using 'CodeIgniter\Session\Handlers\FileHandler' driver.
WARNING - 2025-03-14 14:26:06 --> [DEPRECATED] Creation of dynamic property App\Controllers\Wilayah::$ModelWilayah is deprecated in APPPATH\Controllers\Wilayah.php on line 16.
 1 SYSTEMPATH\CodeIgniter.php(903): App\Controllers\Wilayah->__construct()
 2 SYSTEMPATH\CodeIgniter.php(498): CodeIgniter\CodeIgniter->createController()
 3 SYSTEMPATH\CodeIgniter.php(354): CodeIgniter\CodeIgniter->handleRequest(null, Object(Config\Cache), false)
 4 SYSTEMPATH\Boot.php(334): CodeIgniter\CodeIgniter->run()
 5 SYSTEMPATH\Boot.php(67): CodeIgniter\Boot::runCodeIgniter(Object(CodeIgniter\CodeIgniter))
 6 FCPATH\index.php(56): CodeIgniter\Boot::bootWeb(Object(Config\Paths))
WARNING - 2025-03-14 14:26:06 --> [DEPRECATED] Creation of dynamic property App\Controllers\Wilayah::$ModelSetting is deprecated in APPPATH\Controllers\Wilayah.php on line 17.
 1 SYSTEMPATH\CodeIgniter.php(903): App\Controllers\Wilayah->__construct()
 2 SYSTEMPATH\CodeIgniter.php(498): CodeIgniter\CodeIgniter->createController()
 3 SYSTEMPATH\CodeIgniter.php(354): CodeIgniter\CodeIgniter->handleRequest(null, Object(Config\Cache), false)
 4 SYSTEMPATH\Boot.php(334): CodeIgniter\CodeIgniter->run()
 5 SYSTEMPATH\Boot.php(67): CodeIgniter\Boot::runCodeIgniter(Object(CodeIgniter\CodeIgniter))
 6 FCPATH\index.php(56): CodeIgniter\Boot::bootWeb(Object(Config\Paths))
DEBUG - 2025-03-14 14:26:06 --> Session: Class initialized using 'CodeIgniter\Session\Handlers\FileHandler' driver.
WARNING - 2025-03-14 14:26:22 --> [DEPRECATED] Creation of dynamic property App\Controllers\Admin::$ModelSetting is deprecated in APPPATH\Controllers\Admin.php on line 11.
 1 SYSTEMPATH\CodeIgniter.php(903): App\Controllers\Admin->__construct()
 2 SYSTEMPATH\CodeIgniter.php(498): CodeIgniter\CodeIgniter->createController()
 3 SYSTEMPATH\CodeIgniter.php(354): CodeIgniter\CodeIgniter->handleRequest(null, Object(Config\Cache), false)
 4 SYSTEMPATH\Boot.php(334): CodeIgniter\CodeIgniter->run()
 5 SYSTEMPATH\Boot.php(67): CodeIgniter\Boot::runCodeIgniter(Object(CodeIgniter\CodeIgniter))
 6 FCPATH\index.php(56): CodeIgniter\Boot::bootWeb(Object(Config\Paths))
DEBUG - 2025-03-14 14:26:23 --> Session: Class initialized using 'CodeIgniter\Session\Handlers\FileHandler' driver.
WARNING - 2025-03-14 14:26:32 --> [DEPRECATED] Creation of dynamic property App\Controllers\Admin::$ModelSetting is deprecated in APPPATH\Controllers\Admin.php on line 11.
 1 SYSTEMPATH\CodeIgniter.php(903): App\Controllers\Admin->__construct()
 2 SYSTEMPATH\CodeIgniter.php(498): CodeIgniter\CodeIgniter->createController()
 3 SYSTEMPATH\CodeIgniter.php(354): CodeIgniter\CodeIgniter->handleRequest(null, Object(Config\Cache), false)
 4 SYSTEMPATH\Boot.php(334): CodeIgniter\CodeIgniter->run()
 5 SYSTEMPATH\Boot.php(67): CodeIgniter\Boot::runCodeIgniter(Object(CodeIgniter\CodeIgniter))
 6 FCPATH\index.php(56): CodeIgniter\Boot::bootWeb(Object(Config\Paths))
DEBUG - 2025-03-14 14:26:32 --> Session: Class initialized using 'CodeIgniter\Session\Handlers\FileHandler' driver.
WARNING - 2025-03-14 14:27:13 --> [DEPRECATED] Creation of dynamic property App\Controllers\Admin::$ModelSetting is deprecated in APPPATH\Controllers\Admin.php on line 11.
 1 SYSTEMPATH\CodeIgniter.php(903): App\Controllers\Admin->__construct()
 2 SYSTEMPATH\CodeIgniter.php(498): CodeIgniter\CodeIgniter->createController()
 3 SYSTEMPATH\CodeIgniter.php(354): CodeIgniter\CodeIgniter->handleRequest(null, Object(Config\Cache), false)
 4 SYSTEMPATH\Boot.php(334): CodeIgniter\CodeIgniter->run()
 5 SYSTEMPATH\Boot.php(67): CodeIgniter\Boot::runCodeIgniter(Object(CodeIgniter\CodeIgniter))
 6 FCPATH\index.php(56): CodeIgniter\Boot::bootWeb(Object(Config\Paths))
DEBUG - 2025-03-14 14:27:14 --> Session: Class initialized using 'CodeIgniter\Session\Handlers\FileHandler' driver.
WARNING - 2025-03-14 14:27:23 --> [DEPRECATED] Creation of dynamic property App\Controllers\Wilayah::$ModelWilayah is deprecated in APPPATH\Controllers\Wilayah.php on line 16.
 1 SYSTEMPATH\CodeIgniter.php(903): App\Controllers\Wilayah->__construct()
 2 SYSTEMPATH\CodeIgniter.php(498): CodeIgniter\CodeIgniter->createController()
 3 SYSTEMPATH\CodeIgniter.php(354): CodeIgniter\CodeIgniter->handleRequest(null, Object(Config\Cache), false)
 4 SYSTEMPATH\Boot.php(334): CodeIgniter\CodeIgniter->run()
 5 SYSTEMPATH\Boot.php(67): CodeIgniter\Boot::runCodeIgniter(Object(CodeIgniter\CodeIgniter))
 6 FCPATH\index.php(56): CodeIgniter\Boot::bootWeb(Object(Config\Paths))
WARNING - 2025-03-14 14:27:23 --> [DEPRECATED] Creation of dynamic property App\Controllers\Wilayah::$ModelSetting is deprecated in APPPATH\Controllers\Wilayah.php on line 17.
 1 SYSTEMPATH\CodeIgniter.php(903): App\Controllers\Wilayah->__construct()
 2 SYSTEMPATH\CodeIgniter.php(498): CodeIgniter\CodeIgniter->createController()
 3 SYSTEMPATH\CodeIgniter.php(354): CodeIgniter\CodeIgniter->handleRequest(null, Object(Config\Cache), false)
 4 SYSTEMPATH\Boot.php(334): CodeIgniter\CodeIgniter->run()
 5 SYSTEMPATH\Boot.php(67): CodeIgniter\Boot::runCodeIgniter(Object(CodeIgniter\CodeIgniter))
 6 FCPATH\index.php(56): CodeIgniter\Boot::bootWeb(Object(Config\Paths))
DEBUG - 2025-03-14 14:27:23 --> Session: Class initialized using 'CodeIgniter\Session\Handlers\FileHandler' driver.
WARNING - 2025-03-14 14:28:37 --> [DEPRECATED] Creation of dynamic property App\Controllers\Admin::$ModelSetting is deprecated in APPPATH\Controllers\Admin.php on line 11.
 1 SYSTEMPATH\CodeIgniter.php(903): App\Controllers\Admin->__construct()
 2 SYSTEMPATH\CodeIgniter.php(498): CodeIgniter\CodeIgniter->createController()
 3 SYSTEMPATH\CodeIgniter.php(354): CodeIgniter\CodeIgniter->handleRequest(null, Object(Config\Cache), false)
 4 SYSTEMPATH\Boot.php(334): CodeIgniter\CodeIgniter->run()
 5 SYSTEMPATH\Boot.php(67): CodeIgniter\Boot::runCodeIgniter(Object(CodeIgniter\CodeIgniter))
 6 FCPATH\index.php(56): CodeIgniter\Boot::bootWeb(Object(Config\Paths))
WARNING - 2025-03-14 14:28:43 --> [DEPRECATED] Creation of dynamic property App\Controllers\Wilayah::$ModelWilayah is deprecated in APPPATH\Controllers\Wilayah.php on line 16.
 1 SYSTEMPATH\CodeIgniter.php(903): App\Controllers\Wilayah->__construct()
 2 SYSTEMPATH\CodeIgniter.php(498): CodeIgniter\CodeIgniter->createController()
 3 SYSTEMPATH\CodeIgniter.php(354): CodeIgniter\CodeIgniter->handleRequest(null, Object(Config\Cache), false)
 4 SYSTEMPATH\Boot.php(334): CodeIgniter\CodeIgniter->run()
 5 SYSTEMPATH\Boot.php(67): CodeIgniter\Boot::runCodeIgniter(Object(CodeIgniter\CodeIgniter))
 6 FCPATH\index.php(56): CodeIgniter\Boot::bootWeb(Object(Config\Paths))
WARNING - 2025-03-14 14:28:43 --> [DEPRECATED] Creation of dynamic property App\Controllers\Wilayah::$ModelSetting is deprecated in APPPATH\Controllers\Wilayah.php on line 17.
 1 SYSTEMPATH\CodeIgniter.php(903): App\Controllers\Wilayah->__construct()
 2 SYSTEMPATH\CodeIgniter.php(498): CodeIgniter\CodeIgniter->createController()
 3 SYSTEMPATH\CodeIgniter.php(354): CodeIgniter\CodeIgniter->handleRequest(null, Object(Config\Cache), false)
 4 SYSTEMPATH\Boot.php(334): CodeIgniter\CodeIgniter->run()
 5 SYSTEMPATH\Boot.php(67): CodeIgniter\Boot::runCodeIgniter(Object(CodeIgniter\CodeIgniter))
 6 FCPATH\index.php(56): CodeIgniter\Boot::bootWeb(Object(Config\Paths))
DEBUG - 2025-03-14 14:28:44 --> Session: Class initialized using 'CodeIgniter\Session\Handlers\FileHandler' driver.
WARNING - 2025-03-14 14:30:40 --> [DEPRECATED] Creation of dynamic property App\Controllers\Wilayah::$ModelWilayah is deprecated in APPPATH\Controllers\Wilayah.php on line 16.
 1 SYSTEMPATH\CodeIgniter.php(903): App\Controllers\Wilayah->__construct()
 2 SYSTEMPATH\CodeIgniter.php(498): CodeIgniter\CodeIgniter->createController()
 3 SYSTEMPATH\CodeIgniter.php(354): CodeIgniter\CodeIgniter->handleRequest(null, Object(Config\Cache), false)
 4 SYSTEMPATH\Boot.php(334): CodeIgniter\CodeIgniter->run()
 5 SYSTEMPATH\Boot.php(67): CodeIgniter\Boot::runCodeIgniter(Object(CodeIgniter\CodeIgniter))
 6 FCPATH\index.php(56): CodeIgniter\Boot::bootWeb(Object(Config\Paths))
WARNING - 2025-03-14 14:30:41 --> [DEPRECATED] Creation of dynamic property App\Controllers\Wilayah::$ModelSetting is deprecated in APPPATH\Controllers\Wilayah.php on line 17.
 1 SYSTEMPATH\CodeIgniter.php(903): App\Controllers\Wilayah->__construct()
 2 SYSTEMPATH\CodeIgniter.php(498): CodeIgniter\CodeIgniter->createController()
 3 SYSTEMPATH\CodeIgniter.php(354): CodeIgniter\CodeIgniter->handleRequest(null, Object(Config\Cache), false)
 4 SYSTEMPATH\Boot.php(334): CodeIgniter\CodeIgniter->run()
 5 SYSTEMPATH\Boot.php(67): CodeIgniter\Boot::runCodeIgniter(Object(CodeIgniter\CodeIgniter))
 6 FCPATH\index.php(56): CodeIgniter\Boot::bootWeb(Object(Config\Paths))
DEBUG - 2025-03-14 14:30:42 --> Session: Class initialized using 'CodeIgniter\Session\Handlers\FileHandler' driver.
WARNING - 2025-03-14 14:30:58 --> [DEPRECATED] Creation of dynamic property App\Controllers\Wilayah::$ModelWilayah is deprecated in APPPATH\Controllers\Wilayah.php on line 16.
 1 SYSTEMPATH\CodeIgniter.php(903): App\Controllers\Wilayah->__construct()
 2 SYSTEMPATH\CodeIgniter.php(498): CodeIgniter\CodeIgniter->createController()
 3 SYSTEMPATH\CodeIgniter.php(354): CodeIgniter\CodeIgniter->handleRequest(null, Object(Config\Cache), false)
 4 SYSTEMPATH\Boot.php(334): CodeIgniter\CodeIgniter->run()
 5 SYSTEMPATH\Boot.php(67): CodeIgniter\Boot::runCodeIgniter(Object(CodeIgniter\CodeIgniter))
 6 FCPATH\index.php(56): CodeIgniter\Boot::bootWeb(Object(Config\Paths))
WARNING - 2025-03-14 14:30:58 --> [DEPRECATED] Creation of dynamic property App\Controllers\Wilayah::$ModelSetting is deprecated in APPPATH\Controllers\Wilayah.php on line 17.
 1 SYSTEMPATH\CodeIgniter.php(903): App\Controllers\Wilayah->__construct()
 2 SYSTEMPATH\CodeIgniter.php(498): CodeIgniter\CodeIgniter->createController()
 3 SYSTEMPATH\CodeIgniter.php(354): CodeIgniter\CodeIgniter->handleRequest(null, Object(Config\Cache), false)
 4 SYSTEMPATH\Boot.php(334): CodeIgniter\CodeIgniter->run()
 5 SYSTEMPATH\Boot.php(67): CodeIgniter\Boot::runCodeIgniter(Object(CodeIgniter\CodeIgniter))
 6 FCPATH\index.php(56): CodeIgniter\Boot::bootWeb(Object(Config\Paths))
DEBUG - 2025-03-14 14:30:58 --> Session: Class initialized using 'CodeIgniter\Session\Handlers\FileHandler' driver.
WARNING - 2025-03-14 14:31:10 --> [DEPRECATED] Creation of dynamic property App\Controllers\Admin::$ModelSetting is deprecated in APPPATH\Controllers\Admin.php on line 11.
 1 SYSTEMPATH\CodeIgniter.php(903): App\Controllers\Admin->__construct()
 2 SYSTEMPATH\CodeIgniter.php(498): CodeIgniter\CodeIgniter->createController()
 3 SYSTEMPATH\CodeIgniter.php(354): CodeIgniter\CodeIgniter->handleRequest(null, Object(Config\Cache), false)
 4 SYSTEMPATH\Boot.php(334): CodeIgniter\CodeIgniter->run()
 5 SYSTEMPATH\Boot.php(67): CodeIgniter\Boot::runCodeIgniter(Object(CodeIgniter\CodeIgniter))
 6 FCPATH\index.php(56): CodeIgniter\Boot::bootWeb(Object(Config\Paths))
DEBUG - 2025-03-14 14:31:10 --> Session: Class initialized using 'CodeIgniter\Session\Handlers\FileHandler' driver.
WARNING - 2025-03-14 14:31:53 --> [DEPRECATED] Creation of dynamic property App\Controllers\Wilayah::$ModelWilayah is deprecated in APPPATH\Controllers\Wilayah.php on line 16.
 1 SYSTEMPATH\CodeIgniter.php(903): App\Controllers\Wilayah->__construct()
 2 SYSTEMPATH\CodeIgniter.php(498): CodeIgniter\CodeIgniter->createController()
 3 SYSTEMPATH\CodeIgniter.php(354): CodeIgniter\CodeIgniter->handleRequest(null, Object(Config\Cache), false)
 4 SYSTEMPATH\Boot.php(334): CodeIgniter\CodeIgniter->run()
 5 SYSTEMPATH\Boot.php(67): CodeIgniter\Boot::runCodeIgniter(Object(CodeIgniter\CodeIgniter))
 6 FCPATH\index.php(56): CodeIgniter\Boot::bootWeb(Object(Config\Paths))
WARNING - 2025-03-14 14:31:53 --> [DEPRECATED] Creation of dynamic property App\Controllers\Wilayah::$ModelSetting is deprecated in APPPATH\Controllers\Wilayah.php on line 17.
 1 SYSTEMPATH\CodeIgniter.php(903): App\Controllers\Wilayah->__construct()
 2 SYSTEMPATH\CodeIgniter.php(498): CodeIgniter\CodeIgniter->createController()
 3 SYSTEMPATH\CodeIgniter.php(354): CodeIgniter\CodeIgniter->handleRequest(null, Object(Config\Cache), false)
 4 SYSTEMPATH\Boot.php(334): CodeIgniter\CodeIgniter->run()
 5 SYSTEMPATH\Boot.php(67): CodeIgniter\Boot::runCodeIgniter(Object(CodeIgniter\CodeIgniter))
 6 FCPATH\index.php(56): CodeIgniter\Boot::bootWeb(Object(Config\Paths))
DEBUG - 2025-03-14 14:31:57 --> Session: Class initialized using 'CodeIgniter\Session\Handlers\FileHandler' driver.
WARNING - 2025-03-14 14:34:00 --> [DEPRECATED] Creation of dynamic property App\Controllers\Admin::$ModelSetting is deprecated in APPPATH\Controllers\Admin.php on line 11.
 1 SYSTEMPATH\CodeIgniter.php(903): App\Controllers\Admin->__construct()
 2 SYSTEMPATH\CodeIgniter.php(498): CodeIgniter\CodeIgniter->createController()
 3 SYSTEMPATH\CodeIgniter.php(354): CodeIgniter\CodeIgniter->handleRequest(null, Object(Config\Cache), false)
 4 SYSTEMPATH\Boot.php(334): CodeIgniter\CodeIgniter->run()
 5 SYSTEMPATH\Boot.php(67): CodeIgniter\Boot::runCodeIgniter(Object(CodeIgniter\CodeIgniter))
 6 FCPATH\index.php(56): CodeIgniter\Boot::bootWeb(Object(Config\Paths))
DEBUG - 2025-03-14 14:34:01 --> Session: Class initialized using 'CodeIgniter\Session\Handlers\FileHandler' driver.
WARNING - 2025-03-14 14:34:23 --> [DEPRECATED] Creation of dynamic property App\Controllers\Wilayah::$ModelWilayah is deprecated in APPPATH\Controllers\Wilayah.php on line 16.
 1 SYSTEMPATH\CodeIgniter.php(903): App\Controllers\Wilayah->__construct()
 2 SYSTEMPATH\CodeIgniter.php(498): CodeIgniter\CodeIgniter->createController()
 3 SYSTEMPATH\CodeIgniter.php(354): CodeIgniter\CodeIgniter->handleRequest(null, Object(Config\Cache), false)
 4 SYSTEMPATH\Boot.php(334): CodeIgniter\CodeIgniter->run()
 5 SYSTEMPATH\Boot.php(67): CodeIgniter\Boot::runCodeIgniter(Object(CodeIgniter\CodeIgniter))
 6 FCPATH\index.php(56): CodeIgniter\Boot::bootWeb(Object(Config\Paths))
WARNING - 2025-03-14 14:34:23 --> [DEPRECATED] Creation of dynamic property App\Controllers\Wilayah::$ModelSetting is deprecated in APPPATH\Controllers\Wilayah.php on line 17.
 1 SYSTEMPATH\CodeIgniter.php(903): App\Controllers\Wilayah->__construct()
 2 SYSTEMPATH\CodeIgniter.php(498): CodeIgniter\CodeIgniter->createController()
 3 SYSTEMPATH\CodeIgniter.php(354): CodeIgniter\CodeIgniter->handleRequest(null, Object(Config\Cache), false)
 4 SYSTEMPATH\Boot.php(334): CodeIgniter\CodeIgniter->run()
 5 SYSTEMPATH\Boot.php(67): CodeIgniter\Boot::runCodeIgniter(Object(CodeIgniter\CodeIgniter))
 6 FCPATH\index.php(56): CodeIgniter\Boot::bootWeb(Object(Config\Paths))
DEBUG - 2025-03-14 14:34:25 --> Session: Class initialized using 'CodeIgniter\Session\Handlers\FileHandler' driver.
WARNING - 2025-03-14 14:38:22 --> [DEPRECATED] Creation of dynamic property App\Controllers\Admin::$ModelSetting is deprecated in APPPATH\Controllers\Admin.php on line 11.
 1 SYSTEMPATH\CodeIgniter.php(903): App\Controllers\Admin->__construct()
 2 SYSTEMPATH\CodeIgniter.php(498): CodeIgniter\CodeIgniter->createController()
 3 SYSTEMPATH\CodeIgniter.php(354): CodeIgniter\CodeIgniter->handleRequest(null, Object(Config\Cache), false)
 4 SYSTEMPATH\Boot.php(334): CodeIgniter\CodeIgniter->run()
 5 SYSTEMPATH\Boot.php(67): CodeIgniter\Boot::runCodeIgniter(Object(CodeIgniter\CodeIgniter))
 6 FCPATH\index.php(56): CodeIgniter\Boot::bootWeb(Object(Config\Paths))
WARNING - 2025-03-14 14:38:28 --> [DEPRECATED] Creation of dynamic property App\Controllers\Wilayah::$ModelWilayah is deprecated in APPPATH\Controllers\Wilayah.php on line 16.
 1 SYSTEMPATH\CodeIgniter.php(903): App\Controllers\Wilayah->__construct()
 2 SYSTEMPATH\CodeIgniter.php(498): CodeIgniter\CodeIgniter->createController()
 3 SYSTEMPATH\CodeIgniter.php(354): CodeIgniter\CodeIgniter->handleRequest(null, Object(Config\Cache), false)
 4 SYSTEMPATH\Boot.php(334): CodeIgniter\CodeIgniter->run()
 5 SYSTEMPATH\Boot.php(67): CodeIgniter\Boot::runCodeIgniter(Object(CodeIgniter\CodeIgniter))
 6 FCPATH\index.php(56): CodeIgniter\Boot::bootWeb(Object(Config\Paths))
WARNING - 2025-03-14 14:38:28 --> [DEPRECATED] Creation of dynamic property App\Controllers\Wilayah::$ModelSetting is deprecated in APPPATH\Controllers\Wilayah.php on line 17.
 1 SYSTEMPATH\CodeIgniter.php(903): App\Controllers\Wilayah->__construct()
 2 SYSTEMPATH\CodeIgniter.php(498): CodeIgniter\CodeIgniter->createController()
 3 SYSTEMPATH\CodeIgniter.php(354): CodeIgniter\CodeIgniter->handleRequest(null, Object(Config\Cache), false)
 4 SYSTEMPATH\Boot.php(334): CodeIgniter\CodeIgniter->run()
 5 SYSTEMPATH\Boot.php(67): CodeIgniter\Boot::runCodeIgniter(Object(CodeIgniter\CodeIgniter))
 6 FCPATH\index.php(56): CodeIgniter\Boot::bootWeb(Object(Config\Paths))
DEBUG - 2025-03-14 14:38:28 --> Session: Class initialized using 'CodeIgniter\Session\Handlers\FileHandler' driver.
WARNING - 2025-03-14 14:38:44 --> [DEPRECATED] Creation of dynamic property App\Controllers\Wilayah::$ModelWilayah is deprecated in APPPATH\Controllers\Wilayah.php on line 16.
 1 SYSTEMPATH\CodeIgniter.php(903): App\Controllers\Wilayah->__construct()
 2 SYSTEMPATH\CodeIgniter.php(498): CodeIgniter\CodeIgniter->createController()
 3 SYSTEMPATH\CodeIgniter.php(354): CodeIgniter\CodeIgniter->handleRequest(null, Object(Config\Cache), false)
 4 SYSTEMPATH\Boot.php(334): CodeIgniter\CodeIgniter->run()
 5 SYSTEMPATH\Boot.php(67): CodeIgniter\Boot::runCodeIgniter(Object(CodeIgniter\CodeIgniter))
 6 FCPATH\index.php(56): CodeIgniter\Boot::bootWeb(Object(Config\Paths))
WARNING - 2025-03-14 14:38:44 --> [DEPRECATED] Creation of dynamic property App\Controllers\Wilayah::$ModelSetting is deprecated in APPPATH\Controllers\Wilayah.php on line 17.
 1 SYSTEMPATH\CodeIgniter.php(903): App\Controllers\Wilayah->__construct()
 2 SYSTEMPATH\CodeIgniter.php(498): CodeIgniter\CodeIgniter->createController()
 3 SYSTEMPATH\CodeIgniter.php(354): CodeIgniter\CodeIgniter->handleRequest(null, Object(Config\Cache), false)
 4 SYSTEMPATH\Boot.php(334): CodeIgniter\CodeIgniter->run()
 5 SYSTEMPATH\Boot.php(67): CodeIgniter\Boot::runCodeIgniter(Object(CodeIgniter\CodeIgniter))
 6 FCPATH\index.php(56): CodeIgniter\Boot::bootWeb(Object(Config\Paths))
DEBUG - 2025-03-14 14:38:44 --> Session: Class initialized using 'CodeIgniter\Session\Handlers\FileHandler' driver.
WARNING - 2025-03-14 14:39:18 --> [DEPRECATED] Creation of dynamic property App\Controllers\Wilayah::$ModelWilayah is deprecated in APPPATH\Controllers\Wilayah.php on line 16.
 1 SYSTEMPATH\CodeIgniter.php(903): App\Controllers\Wilayah->__construct()
 2 SYSTEMPATH\CodeIgniter.php(498): CodeIgniter\CodeIgniter->createController()
 3 SYSTEMPATH\CodeIgniter.php(354): CodeIgniter\CodeIgniter->handleRequest(null, Object(Config\Cache), false)
 4 SYSTEMPATH\Boot.php(334): CodeIgniter\CodeIgniter->run()
 5 SYSTEMPATH\Boot.php(67): CodeIgniter\Boot::runCodeIgniter(Object(CodeIgniter\CodeIgniter))
 6 FCPATH\index.php(56): CodeIgniter\Boot::bootWeb(Object(Config\Paths))
WARNING - 2025-03-14 14:39:18 --> [DEPRECATED] Creation of dynamic property App\Controllers\Wilayah::$ModelSetting is deprecated in APPPATH\Controllers\Wilayah.php on line 17.
 1 SYSTEMPATH\CodeIgniter.php(903): App\Controllers\Wilayah->__construct()
 2 SYSTEMPATH\CodeIgniter.php(498): CodeIgniter\CodeIgniter->createController()
 3 SYSTEMPATH\CodeIgniter.php(354): CodeIgniter\CodeIgniter->handleRequest(null, Object(Config\Cache), false)
 4 SYSTEMPATH\Boot.php(334): CodeIgniter\CodeIgniter->run()
 5 SYSTEMPATH\Boot.php(67): CodeIgniter\Boot::runCodeIgniter(Object(CodeIgniter\CodeIgniter))
 6 FCPATH\index.php(56): CodeIgniter\Boot::bootWeb(Object(Config\Paths))
DEBUG - 2025-03-14 14:39:19 --> Session: Class initialized using 'CodeIgniter\Session\Handlers\FileHandler' driver.
WARNING - 2025-03-14 14:39:20 --> [DEPRECATED] Creation of dynamic property App\Controllers\Wilayah::$ModelWilayah is deprecated in APPPATH\Controllers\Wilayah.php on line 16.
 1 SYSTEMPATH\CodeIgniter.php(903): App\Controllers\Wilayah->__construct()
 2 SYSTEMPATH\CodeIgniter.php(498): CodeIgniter\CodeIgniter->createController()
 3 SYSTEMPATH\CodeIgniter.php(354): CodeIgniter\CodeIgniter->handleRequest(null, Object(Config\Cache), false)
 4 SYSTEMPATH\Boot.php(334): CodeIgniter\CodeIgniter->run()
 5 SYSTEMPATH\Boot.php(67): CodeIgniter\Boot::runCodeIgniter(Object(CodeIgniter\CodeIgniter))
 6 FCPATH\index.php(56): CodeIgniter\Boot::bootWeb(Object(Config\Paths))
WARNING - 2025-03-14 14:39:20 --> [DEPRECATED] Creation of dynamic property App\Controllers\Wilayah::$ModelSetting is deprecated in APPPATH\Controllers\Wilayah.php on line 17.
 1 SYSTEMPATH\CodeIgniter.php(903): App\Controllers\Wilayah->__construct()
 2 SYSTEMPATH\CodeIgniter.php(498): CodeIgniter\CodeIgniter->createController()
 3 SYSTEMPATH\CodeIgniter.php(354): CodeIgniter\CodeIgniter->handleRequest(null, Object(Config\Cache), false)
 4 SYSTEMPATH\Boot.php(334): CodeIgniter\CodeIgniter->run()
 5 SYSTEMPATH\Boot.php(67): CodeIgniter\Boot::runCodeIgniter(Object(CodeIgniter\CodeIgniter))
 6 FCPATH\index.php(56): CodeIgniter\Boot::bootWeb(Object(Config\Paths))
DEBUG - 2025-03-14 14:39:20 --> Session: Class initialized using 'CodeIgniter\Session\Handlers\FileHandler' driver.
WARNING - 2025-03-14 14:42:37 --> [DEPRECATED] Creation of dynamic property App\Controllers\Wilayah::$ModelWilayah is deprecated in APPPATH\Controllers\Wilayah.php on line 16.
 1 SYSTEMPATH\CodeIgniter.php(903): App\Controllers\Wilayah->__construct()
 2 SYSTEMPATH\CodeIgniter.php(498): CodeIgniter\CodeIgniter->createController()
 3 SYSTEMPATH\CodeIgniter.php(354): CodeIgniter\CodeIgniter->handleRequest(null, Object(Config\Cache), false)
 4 SYSTEMPATH\Boot.php(334): CodeIgniter\CodeIgniter->run()
 5 SYSTEMPATH\Boot.php(67): CodeIgniter\Boot::runCodeIgniter(Object(CodeIgniter\CodeIgniter))
 6 FCPATH\index.php(56): CodeIgniter\Boot::bootWeb(Object(Config\Paths))
WARNING - 2025-03-14 14:42:37 --> [DEPRECATED] Creation of dynamic property App\Controllers\Wilayah::$ModelSetting is deprecated in APPPATH\Controllers\Wilayah.php on line 17.
 1 SYSTEMPATH\CodeIgniter.php(903): App\Controllers\Wilayah->__construct()
 2 SYSTEMPATH\CodeIgniter.php(498): CodeIgniter\CodeIgniter->createController()
 3 SYSTEMPATH\CodeIgniter.php(354): CodeIgniter\CodeIgniter->handleRequest(null, Object(Config\Cache), false)
 4 SYSTEMPATH\Boot.php(334): CodeIgniter\CodeIgniter->run()
 5 SYSTEMPATH\Boot.php(67): CodeIgniter\Boot::runCodeIgniter(Object(CodeIgniter\CodeIgniter))
 6 FCPATH\index.php(56): CodeIgniter\Boot::bootWeb(Object(Config\Paths))
DEBUG - 2025-03-14 14:42:37 --> Session: Class initialized using 'CodeIgniter\Session\Handlers\FileHandler' driver.
WARNING - 2025-03-14 14:43:09 --> [DEPRECATED] Creation of dynamic property App\Controllers\Wilayah::$ModelWilayah is deprecated in APPPATH\Controllers\Wilayah.php on line 16.
 1 SYSTEMPATH\CodeIgniter.php(903): App\Controllers\Wilayah->__construct()
 2 SYSTEMPATH\CodeIgniter.php(498): CodeIgniter\CodeIgniter->createController()
 3 SYSTEMPATH\CodeIgniter.php(354): CodeIgniter\CodeIgniter->handleRequest(null, Object(Config\Cache), false)
 4 SYSTEMPATH\Boot.php(334): CodeIgniter\CodeIgniter->run()
 5 SYSTEMPATH\Boot.php(67): CodeIgniter\Boot::runCodeIgniter(Object(CodeIgniter\CodeIgniter))
 6 FCPATH\index.php(56): CodeIgniter\Boot::bootWeb(Object(Config\Paths))
WARNING - 2025-03-14 14:43:09 --> [DEPRECATED] Creation of dynamic property App\Controllers\Wilayah::$ModelSetting is deprecated in APPPATH\Controllers\Wilayah.php on line 17.
 1 SYSTEMPATH\CodeIgniter.php(903): App\Controllers\Wilayah->__construct()
 2 SYSTEMPATH\CodeIgniter.php(498): CodeIgniter\CodeIgniter->createController()
 3 SYSTEMPATH\CodeIgniter.php(354): CodeIgniter\CodeIgniter->handleRequest(null, Object(Config\Cache), false)
 4 SYSTEMPATH\Boot.php(334): CodeIgniter\CodeIgniter->run()
 5 SYSTEMPATH\Boot.php(67): CodeIgniter\Boot::runCodeIgniter(Object(CodeIgniter\CodeIgniter))
 6 FCPATH\index.php(56): CodeIgniter\Boot::bootWeb(Object(Config\Paths))
DEBUG - 2025-03-14 14:43:10 --> Session: Class initialized using 'CodeIgniter\Session\Handlers\FileHandler' driver.
WARNING - 2025-03-14 14:43:12 --> [DEPRECATED] Creation of dynamic property App\Controllers\Wilayah::$ModelWilayah is deprecated in APPPATH\Controllers\Wilayah.php on line 16.
 1 SYSTEMPATH\CodeIgniter.php(903): App\Controllers\Wilayah->__construct()
 2 SYSTEMPATH\CodeIgniter.php(498): CodeIgniter\CodeIgniter->createController()
 3 SYSTEMPATH\CodeIgniter.php(354): CodeIgniter\CodeIgniter->handleRequest(null, Object(Config\Cache), false)
 4 SYSTEMPATH\Boot.php(334): CodeIgniter\CodeIgniter->run()
 5 SYSTEMPATH\Boot.php(67): CodeIgniter\Boot::runCodeIgniter(Object(CodeIgniter\CodeIgniter))
 6 FCPATH\index.php(56): CodeIgniter\Boot::bootWeb(Object(Config\Paths))
WARNING - 2025-03-14 14:43:12 --> [DEPRECATED] Creation of dynamic property App\Controllers\Wilayah::$ModelSetting is deprecated in APPPATH\Controllers\Wilayah.php on line 17.
 1 SYSTEMPATH\CodeIgniter.php(903): App\Controllers\Wilayah->__construct()
 2 SYSTEMPATH\CodeIgniter.php(498): CodeIgniter\CodeIgniter->createController()
 3 SYSTEMPATH\CodeIgniter.php(354): CodeIgniter\CodeIgniter->handleRequest(null, Object(Config\Cache), false)
 4 SYSTEMPATH\Boot.php(334): CodeIgniter\CodeIgniter->run()
 5 SYSTEMPATH\Boot.php(67): CodeIgniter\Boot::runCodeIgniter(Object(CodeIgniter\CodeIgniter))
 6 FCPATH\index.php(56): CodeIgniter\Boot::bootWeb(Object(Config\Paths))
DEBUG - 2025-03-14 14:43:12 --> Session: Class initialized using 'CodeIgniter\Session\Handlers\FileHandler' driver.
WARNING - 2025-03-14 14:48:58 --> [DEPRECATED] Creation of dynamic property App\Controllers\Wilayah::$ModelWilayah is deprecated in APPPATH\Controllers\Wilayah.php on line 16.
 1 SYSTEMPATH\CodeIgniter.php(903): App\Controllers\Wilayah->__construct()
 2 SYSTEMPATH\CodeIgniter.php(498): CodeIgniter\CodeIgniter->createController()
 3 SYSTEMPATH\CodeIgniter.php(354): CodeIgniter\CodeIgniter->handleRequest(null, Object(Config\Cache), false)
 4 SYSTEMPATH\Boot.php(334): CodeIgniter\CodeIgniter->run()
 5 SYSTEMPATH\Boot.php(67): CodeIgniter\Boot::runCodeIgniter(Object(CodeIgniter\CodeIgniter))
 6 FCPATH\index.php(56): CodeIgniter\Boot::bootWeb(Object(Config\Paths))
WARNING - 2025-03-14 14:48:58 --> [DEPRECATED] Creation of dynamic property App\Controllers\Wilayah::$ModelSetting is deprecated in APPPATH\Controllers\Wilayah.php on line 17.
 1 SYSTEMPATH\CodeIgniter.php(903): App\Controllers\Wilayah->__construct()
 2 SYSTEMPATH\CodeIgniter.php(498): CodeIgniter\CodeIgniter->createController()
 3 SYSTEMPATH\CodeIgniter.php(354): CodeIgniter\CodeIgniter->handleRequest(null, Object(Config\Cache), false)
 4 SYSTEMPATH\Boot.php(334): CodeIgniter\CodeIgniter->run()
 5 SYSTEMPATH\Boot.php(67): CodeIgniter\Boot::runCodeIgniter(Object(CodeIgniter\CodeIgniter))
 6 FCPATH\index.php(56): CodeIgniter\Boot::bootWeb(Object(Config\Paths))
DEBUG - 2025-03-14 14:49:02 --> Session: Class initialized using 'CodeIgniter\Session\Handlers\FileHandler' driver.
WARNING - 2025-03-14 14:52:41 --> [DEPRECATED] Creation of dynamic property App\Controllers\Wilayah::$ModelWilayah is deprecated in APPPATH\Controllers\Wilayah.php on line 16.
 1 SYSTEMPATH\CodeIgniter.php(903): App\Controllers\Wilayah->__construct()
 2 SYSTEMPATH\CodeIgniter.php(498): CodeIgniter\CodeIgniter->createController()
 3 SYSTEMPATH\CodeIgniter.php(354): CodeIgniter\CodeIgniter->handleRequest(null, Object(Config\Cache), false)
 4 SYSTEMPATH\Boot.php(334): CodeIgniter\CodeIgniter->run()
 5 SYSTEMPATH\Boot.php(67): CodeIgniter\Boot::runCodeIgniter(Object(CodeIgniter\CodeIgniter))
 6 FCPATH\index.php(56): CodeIgniter\Boot::bootWeb(Object(Config\Paths))
WARNING - 2025-03-14 14:52:41 --> [DEPRECATED] Creation of dynamic property App\Controllers\Wilayah::$ModelSetting is deprecated in APPPATH\Controllers\Wilayah.php on line 17.
 1 SYSTEMPATH\CodeIgniter.php(903): App\Controllers\Wilayah->__construct()
 2 SYSTEMPATH\CodeIgniter.php(498): CodeIgniter\CodeIgniter->createController()
 3 SYSTEMPATH\CodeIgniter.php(354): CodeIgniter\CodeIgniter->handleRequest(null, Object(Config\Cache), false)
 4 SYSTEMPATH\Boot.php(334): CodeIgniter\CodeIgniter->run()
 5 SYSTEMPATH\Boot.php(67): CodeIgniter\Boot::runCodeIgniter(Object(CodeIgniter\CodeIgniter))
 6 FCPATH\index.php(56): CodeIgniter\Boot::bootWeb(Object(Config\Paths))
DEBUG - 2025-03-14 14:52:43 --> Session: Class initialized using 'CodeIgniter\Session\Handlers\FileHandler' driver.
WARNING - 2025-03-14 14:53:14 --> [DEPRECATED] Creation of dynamic property App\Controllers\Wilayah::$ModelWilayah is deprecated in APPPATH\Controllers\Wilayah.php on line 16.
 1 SYSTEMPATH\CodeIgniter.php(903): App\Controllers\Wilayah->__construct()
 2 SYSTEMPATH\CodeIgniter.php(498): CodeIgniter\CodeIgniter->createController()
 3 SYSTEMPATH\CodeIgniter.php(354): CodeIgniter\CodeIgniter->handleRequest(null, Object(Config\Cache), false)
 4 SYSTEMPATH\Boot.php(334): CodeIgniter\CodeIgniter->run()
 5 SYSTEMPATH\Boot.php(67): CodeIgniter\Boot::runCodeIgniter(Object(CodeIgniter\CodeIgniter))
 6 FCPATH\index.php(56): CodeIgniter\Boot::bootWeb(Object(Config\Paths))
WARNING - 2025-03-14 14:53:14 --> [DEPRECATED] Creation of dynamic property App\Controllers\Wilayah::$ModelSetting is deprecated in APPPATH\Controllers\Wilayah.php on line 17.
 1 SYSTEMPATH\CodeIgniter.php(903): App\Controllers\Wilayah->__construct()
 2 SYSTEMPATH\CodeIgniter.php(498): CodeIgniter\CodeIgniter->createController()
 3 SYSTEMPATH\CodeIgniter.php(354): CodeIgniter\CodeIgniter->handleRequest(null, Object(Config\Cache), false)
 4 SYSTEMPATH\Boot.php(334): CodeIgniter\CodeIgniter->run()
 5 SYSTEMPATH\Boot.php(67): CodeIgniter\Boot::runCodeIgniter(Object(CodeIgniter\CodeIgniter))
 6 FCPATH\index.php(56): CodeIgniter\Boot::bootWeb(Object(Config\Paths))
DEBUG - 2025-03-14 14:53:15 --> Session: Class initialized using 'CodeIgniter\Session\Handlers\FileHandler' driver.
WARNING - 2025-03-14 14:53:15 --> [DEPRECATED] Creation of dynamic property App\Controllers\Wilayah::$ModelWilayah is deprecated in APPPATH\Controllers\Wilayah.php on line 16.
 1 SYSTEMPATH\CodeIgniter.php(903): App\Controllers\Wilayah->__construct()
 2 SYSTEMPATH\CodeIgniter.php(498): CodeIgniter\CodeIgniter->createController()
 3 SYSTEMPATH\CodeIgniter.php(354): CodeIgniter\CodeIgniter->handleRequest(null, Object(Config\Cache), false)
 4 SYSTEMPATH\Boot.php(334): CodeIgniter\CodeIgniter->run()
 5 SYSTEMPATH\Boot.php(67): CodeIgniter\Boot::runCodeIgniter(Object(CodeIgniter\CodeIgniter))
 6 FCPATH\index.php(56): CodeIgniter\Boot::bootWeb(Object(Config\Paths))
WARNING - 2025-03-14 14:53:15 --> [DEPRECATED] Creation of dynamic property App\Controllers\Wilayah::$ModelSetting is deprecated in APPPATH\Controllers\Wilayah.php on line 17.
 1 SYSTEMPATH\CodeIgniter.php(903): App\Controllers\Wilayah->__construct()
 2 SYSTEMPATH\CodeIgniter.php(498): CodeIgniter\CodeIgniter->createController()
 3 SYSTEMPATH\CodeIgniter.php(354): CodeIgniter\CodeIgniter->handleRequest(null, Object(Config\Cache), false)
 4 SYSTEMPATH\Boot.php(334): CodeIgniter\CodeIgniter->run()
 5 SYSTEMPATH\Boot.php(67): CodeIgniter\Boot::runCodeIgniter(Object(CodeIgniter\CodeIgniter))
 6 FCPATH\index.php(56): CodeIgniter\Boot::bootWeb(Object(Config\Paths))
DEBUG - 2025-03-14 14:53:16 --> Session: Class initialized using 'CodeIgniter\Session\Handlers\FileHandler' driver.
WARNING - 2025-03-14 14:54:19 --> [DEPRECATED] Creation of dynamic property App\Controllers\Wilayah::$ModelWilayah is deprecated in APPPATH\Controllers\Wilayah.php on line 16.
 1 SYSTEMPATH\CodeIgniter.php(903): App\Controllers\Wilayah->__construct()
 2 SYSTEMPATH\CodeIgniter.php(498): CodeIgniter\CodeIgniter->createController()
 3 SYSTEMPATH\CodeIgniter.php(354): CodeIgniter\CodeIgniter->handleRequest(null, Object(Config\Cache), false)
 4 SYSTEMPATH\Boot.php(334): CodeIgniter\CodeIgniter->run()
 5 SYSTEMPATH\Boot.php(67): CodeIgniter\Boot::runCodeIgniter(Object(CodeIgniter\CodeIgniter))
 6 FCPATH\index.php(56): CodeIgniter\Boot::bootWeb(Object(Config\Paths))
WARNING - 2025-03-14 14:54:19 --> [DEPRECATED] Creation of dynamic property App\Controllers\Wilayah::$ModelSetting is deprecated in APPPATH\Controllers\Wilayah.php on line 17.
 1 SYSTEMPATH\CodeIgniter.php(903): App\Controllers\Wilayah->__construct()
 2 SYSTEMPATH\CodeIgniter.php(498): CodeIgniter\CodeIgniter->createController()
 3 SYSTEMPATH\CodeIgniter.php(354): CodeIgniter\CodeIgniter->handleRequest(null, Object(Config\Cache), false)
 4 SYSTEMPATH\Boot.php(334): CodeIgniter\CodeIgniter->run()
 5 SYSTEMPATH\Boot.php(67): CodeIgniter\Boot::runCodeIgniter(Object(CodeIgniter\CodeIgniter))
 6 FCPATH\index.php(56): CodeIgniter\Boot::bootWeb(Object(Config\Paths))
DEBUG - 2025-03-14 14:54:19 --> Session: Class initialized using 'CodeIgniter\Session\Handlers\FileHandler' driver.
WARNING - 2025-03-14 14:57:28 --> [DEPRECATED] Creation of dynamic property App\Controllers\Wilayah::$ModelWilayah is deprecated in APPPATH\Controllers\Wilayah.php on line 16.
 1 SYSTEMPATH\CodeIgniter.php(903): App\Controllers\Wilayah->__construct()
 2 SYSTEMPATH\CodeIgniter.php(498): CodeIgniter\CodeIgniter->createController()
 3 SYSTEMPATH\CodeIgniter.php(354): CodeIgniter\CodeIgniter->handleRequest(null, Object(Config\Cache), false)
 4 SYSTEMPATH\Boot.php(334): CodeIgniter\CodeIgniter->run()
 5 SYSTEMPATH\Boot.php(67): CodeIgniter\Boot::runCodeIgniter(Object(CodeIgniter\CodeIgniter))
 6 FCPATH\index.php(56): CodeIgniter\Boot::bootWeb(Object(Config\Paths))
WARNING - 2025-03-14 14:57:28 --> [DEPRECATED] Creation of dynamic property App\Controllers\Wilayah::$ModelSetting is deprecated in APPPATH\Controllers\Wilayah.php on line 17.
 1 SYSTEMPATH\CodeIgniter.php(903): App\Controllers\Wilayah->__construct()
 2 SYSTEMPATH\CodeIgniter.php(498): CodeIgniter\CodeIgniter->createController()
 3 SYSTEMPATH\CodeIgniter.php(354): CodeIgniter\CodeIgniter->handleRequest(null, Object(Config\Cache), false)
 4 SYSTEMPATH\Boot.php(334): CodeIgniter\CodeIgniter->run()
 5 SYSTEMPATH\Boot.php(67): CodeIgniter\Boot::runCodeIgniter(Object(CodeIgniter\CodeIgniter))
 6 FCPATH\index.php(56): CodeIgniter\Boot::bootWeb(Object(Config\Paths))
DEBUG - 2025-03-14 14:57:28 --> Session: Class initialized using 'CodeIgniter\Session\Handlers\FileHandler' driver.
WARNING - 2025-03-14 15:01:23 --> [DEPRECATED] Creation of dynamic property App\Controllers\Wilayah::$ModelWilayah is deprecated in APPPATH\Controllers\Wilayah.php on line 16.
 1 SYSTEMPATH\CodeIgniter.php(903): App\Controllers\Wilayah->__construct()
 2 SYSTEMPATH\CodeIgniter.php(498): CodeIgniter\CodeIgniter->createController()
 3 SYSTEMPATH\CodeIgniter.php(354): CodeIgniter\CodeIgniter->handleRequest(null, Object(Config\Cache), false)
 4 SYSTEMPATH\Boot.php(334): CodeIgniter\CodeIgniter->run()
 5 SYSTEMPATH\Boot.php(67): CodeIgniter\Boot::runCodeIgniter(Object(CodeIgniter\CodeIgniter))
 6 FCPATH\index.php(56): CodeIgniter\Boot::bootWeb(Object(Config\Paths))
WARNING - 2025-03-14 15:01:23 --> [DEPRECATED] Creation of dynamic property App\Controllers\Wilayah::$ModelSetting is deprecated in APPPATH\Controllers\Wilayah.php on line 17.
 1 SYSTEMPATH\CodeIgniter.php(903): App\Controllers\Wilayah->__construct()
 2 SYSTEMPATH\CodeIgniter.php(498): CodeIgniter\CodeIgniter->createController()
 3 SYSTEMPATH\CodeIgniter.php(354): CodeIgniter\CodeIgniter->handleRequest(null, Object(Config\Cache), false)
 4 SYSTEMPATH\Boot.php(334): CodeIgniter\CodeIgniter->run()
 5 SYSTEMPATH\Boot.php(67): CodeIgniter\Boot::runCodeIgniter(Object(CodeIgniter\CodeIgniter))
 6 FCPATH\index.php(56): CodeIgniter\Boot::bootWeb(Object(Config\Paths))
DEBUG - 2025-03-14 15:01:23 --> Session: Class initialized using 'CodeIgniter\Session\Handlers\FileHandler' driver.
WARNING - 2025-03-14 15:04:00 --> [DEPRECATED] Creation of dynamic property App\Controllers\Admin::$ModelSetting is deprecated in APPPATH\Controllers\Admin.php on line 11.
 1 SYSTEMPATH\CodeIgniter.php(903): App\Controllers\Admin->__construct()
 2 SYSTEMPATH\CodeIgniter.php(498): CodeIgniter\CodeIgniter->createController()
 3 SYSTEMPATH\CodeIgniter.php(354): CodeIgniter\CodeIgniter->handleRequest(null, Object(Config\Cache), false)
 4 SYSTEMPATH\Boot.php(334): CodeIgniter\CodeIgniter->run()
 5 SYSTEMPATH\Boot.php(67): CodeIgniter\Boot::runCodeIgniter(Object(CodeIgniter\CodeIgniter))
 6 FCPATH\index.php(56): CodeIgniter\Boot::bootWeb(Object(Config\Paths))
WARNING - 2025-03-14 15:04:21 --> [DEPRECATED] Creation of dynamic property App\Controllers\Wilayah::$ModelWilayah is deprecated in APPPATH\Controllers\Wilayah.php on line 16.
 1 SYSTEMPATH\CodeIgniter.php(903): App\Controllers\Wilayah->__construct()
 2 SYSTEMPATH\CodeIgniter.php(498): CodeIgniter\CodeIgniter->createController()
 3 SYSTEMPATH\CodeIgniter.php(354): CodeIgniter\CodeIgniter->handleRequest(null, Object(Config\Cache), false)
 4 SYSTEMPATH\Boot.php(334): CodeIgniter\CodeIgniter->run()
 5 SYSTEMPATH\Boot.php(67): CodeIgniter\Boot::runCodeIgniter(Object(CodeIgniter\CodeIgniter))
 6 FCPATH\index.php(56): CodeIgniter\Boot::bootWeb(Object(Config\Paths))
WARNING - 2025-03-14 15:04:21 --> [DEPRECATED] Creation of dynamic property App\Controllers\Wilayah::$ModelSetting is deprecated in APPPATH\Controllers\Wilayah.php on line 17.
 1 SYSTEMPATH\CodeIgniter.php(903): App\Controllers\Wilayah->__construct()
 2 SYSTEMPATH\CodeIgniter.php(498): CodeIgniter\CodeIgniter->createController()
 3 SYSTEMPATH\CodeIgniter.php(354): CodeIgniter\CodeIgniter->handleRequest(null, Object(Config\Cache), false)
 4 SYSTEMPATH\Boot.php(334): CodeIgniter\CodeIgniter->run()
 5 SYSTEMPATH\Boot.php(67): CodeIgniter\Boot::runCodeIgniter(Object(CodeIgniter\CodeIgniter))
 6 FCPATH\index.php(56): CodeIgniter\Boot::bootWeb(Object(Config\Paths))
DEBUG - 2025-03-14 15:04:21 --> Session: Class initialized using 'CodeIgniter\Session\Handlers\FileHandler' driver.
WARNING - 2025-03-14 15:05:18 --> [DEPRECATED] Creation of dynamic property App\Controllers\Wilayah::$ModelWilayah is deprecated in APPPATH\Controllers\Wilayah.php on line 16.
 1 SYSTEMPATH\CodeIgniter.php(903): App\Controllers\Wilayah->__construct()
 2 SYSTEMPATH\CodeIgniter.php(498): CodeIgniter\CodeIgniter->createController()
 3 SYSTEMPATH\CodeIgniter.php(354): CodeIgniter\CodeIgniter->handleRequest(null, Object(Config\Cache), false)
 4 SYSTEMPATH\Boot.php(334): CodeIgniter\CodeIgniter->run()
 5 SYSTEMPATH\Boot.php(67): CodeIgniter\Boot::runCodeIgniter(Object(CodeIgniter\CodeIgniter))
 6 FCPATH\index.php(56): CodeIgniter\Boot::bootWeb(Object(Config\Paths))
WARNING - 2025-03-14 15:05:18 --> [DEPRECATED] Creation of dynamic property App\Controllers\Wilayah::$ModelSetting is deprecated in APPPATH\Controllers\Wilayah.php on line 17.
 1 SYSTEMPATH\CodeIgniter.php(903): App\Controllers\Wilayah->__construct()
 2 SYSTEMPATH\CodeIgniter.php(498): CodeIgniter\CodeIgniter->createController()
 3 SYSTEMPATH\CodeIgniter.php(354): CodeIgniter\CodeIgniter->handleRequest(null, Object(Config\Cache), false)
 4 SYSTEMPATH\Boot.php(334): CodeIgniter\CodeIgniter->run()
 5 SYSTEMPATH\Boot.php(67): CodeIgniter\Boot::runCodeIgniter(Object(CodeIgniter\CodeIgniter))
 6 FCPATH\index.php(56): CodeIgniter\Boot::bootWeb(Object(Config\Paths))
DEBUG - 2025-03-14 15:05:18 --> Session: Class initialized using 'CodeIgniter\Session\Handlers\FileHandler' driver.
WARNING - 2025-03-14 15:12:47 --> [DEPRECATED] Creation of dynamic property App\Controllers\Wilayah::$ModelWilayah is deprecated in APPPATH\Controllers\Wilayah.php on line 16.
 1 SYSTEMPATH\CodeIgniter.php(903): App\Controllers\Wilayah->__construct()
 2 SYSTEMPATH\CodeIgniter.php(498): CodeIgniter\CodeIgniter->createController()
 3 SYSTEMPATH\CodeIgniter.php(354): CodeIgniter\CodeIgniter->handleRequest(null, Object(Config\Cache), false)
 4 SYSTEMPATH\Boot.php(334): CodeIgniter\CodeIgniter->run()
 5 SYSTEMPATH\Boot.php(67): CodeIgniter\Boot::runCodeIgniter(Object(CodeIgniter\CodeIgniter))
 6 FCPATH\index.php(56): CodeIgniter\Boot::bootWeb(Object(Config\Paths))
WARNING - 2025-03-14 15:12:47 --> [DEPRECATED] Creation of dynamic property App\Controllers\Wilayah::$ModelSetting is deprecated in APPPATH\Controllers\Wilayah.php on line 17.
 1 SYSTEMPATH\CodeIgniter.php(903): App\Controllers\Wilayah->__construct()
 2 SYSTEMPATH\CodeIgniter.php(498): CodeIgniter\CodeIgniter->createController()
 3 SYSTEMPATH\CodeIgniter.php(354): CodeIgniter\CodeIgniter->handleRequest(null, Object(Config\Cache), false)
 4 SYSTEMPATH\Boot.php(334): CodeIgniter\CodeIgniter->run()
 5 SYSTEMPATH\Boot.php(67): CodeIgniter\Boot::runCodeIgniter(Object(CodeIgniter\CodeIgniter))
 6 FCPATH\index.php(56): CodeIgniter\Boot::bootWeb(Object(Config\Paths))
DEBUG - 2025-03-14 15:12:47 --> Session: Class initialized using 'CodeIgniter\Session\Handlers\FileHandler' driver.
WARNING - 2025-03-14 15:15:10 --> [DEPRECATED] Creation of dynamic property App\Controllers\Wilayah::$ModelWilayah is deprecated in APPPATH\Controllers\Wilayah.php on line 16.
 1 SYSTEMPATH\CodeIgniter.php(903): App\Controllers\Wilayah->__construct()
 2 SYSTEMPATH\CodeIgniter.php(498): CodeIgniter\CodeIgniter->createController()
 3 SYSTEMPATH\CodeIgniter.php(354): CodeIgniter\CodeIgniter->handleRequest(null, Object(Config\Cache), false)
 4 SYSTEMPATH\Boot.php(334): CodeIgniter\CodeIgniter->run()
 5 SYSTEMPATH\Boot.php(67): CodeIgniter\Boot::runCodeIgniter(Object(CodeIgniter\CodeIgniter))
 6 FCPATH\index.php(56): CodeIgniter\Boot::bootWeb(Object(Config\Paths))
WARNING - 2025-03-14 15:15:10 --> [DEPRECATED] Creation of dynamic property App\Controllers\Wilayah::$ModelSetting is deprecated in APPPATH\Controllers\Wilayah.php on line 17.
 1 SYSTEMPATH\CodeIgniter.php(903): App\Controllers\Wilayah->__construct()
 2 SYSTEMPATH\CodeIgniter.php(498): CodeIgniter\CodeIgniter->createController()
 3 SYSTEMPATH\CodeIgniter.php(354): CodeIgniter\CodeIgniter->handleRequest(null, Object(Config\Cache), false)
 4 SYSTEMPATH\Boot.php(334): CodeIgniter\CodeIgniter->run()
 5 SYSTEMPATH\Boot.php(67): CodeIgniter\Boot::runCodeIgniter(Object(CodeIgniter\CodeIgniter))
 6 FCPATH\index.php(56): CodeIgniter\Boot::bootWeb(Object(Config\Paths))
DEBUG - 2025-03-14 15:15:11 --> Session: Class initialized using 'CodeIgniter\Session\Handlers\FileHandler' driver.
WARNING - 2025-03-14 15:15:16 --> [DEPRECATED] Creation of dynamic property App\Controllers\Wilayah::$ModelWilayah is deprecated in APPPATH\Controllers\Wilayah.php on line 16.
 1 SYSTEMPATH\CodeIgniter.php(903): App\Controllers\Wilayah->__construct()
 2 SYSTEMPATH\CodeIgniter.php(498): CodeIgniter\CodeIgniter->createController()
 3 SYSTEMPATH\CodeIgniter.php(354): CodeIgniter\CodeIgniter->handleRequest(null, Object(Config\Cache), false)
 4 SYSTEMPATH\Boot.php(334): CodeIgniter\CodeIgniter->run()
 5 SYSTEMPATH\Boot.php(67): CodeIgniter\Boot::runCodeIgniter(Object(CodeIgniter\CodeIgniter))
 6 FCPATH\index.php(56): CodeIgniter\Boot::bootWeb(Object(Config\Paths))
WARNING - 2025-03-14 15:15:16 --> [DEPRECATED] Creation of dynamic property App\Controllers\Wilayah::$ModelSetting is deprecated in APPPATH\Controllers\Wilayah.php on line 17.
 1 SYSTEMPATH\CodeIgniter.php(903): App\Controllers\Wilayah->__construct()
 2 SYSTEMPATH\CodeIgniter.php(498): CodeIgniter\CodeIgniter->createController()
 3 SYSTEMPATH\CodeIgniter.php(354): CodeIgniter\CodeIgniter->handleRequest(null, Object(Config\Cache), false)
 4 SYSTEMPATH\Boot.php(334): CodeIgniter\CodeIgniter->run()
 5 SYSTEMPATH\Boot.php(67): CodeIgniter\Boot::runCodeIgniter(Object(CodeIgniter\CodeIgniter))
 6 FCPATH\index.php(56): CodeIgniter\Boot::bootWeb(Object(Config\Paths))
WARNING - 2025-03-14 15:19:02 --> [DEPRECATED] Creation of dynamic property App\Controllers\Wilayah::$ModelWilayah is deprecated in APPPATH\Controllers\Wilayah.php on line 16.
 1 SYSTEMPATH\CodeIgniter.php(903): App\Controllers\Wilayah->__construct()
 2 SYSTEMPATH\CodeIgniter.php(498): CodeIgniter\CodeIgniter->createController()
 3 SYSTEMPATH\CodeIgniter.php(354): CodeIgniter\CodeIgniter->handleRequest(null, Object(Config\Cache), false)
 4 SYSTEMPATH\Boot.php(334): CodeIgniter\CodeIgniter->run()
 5 SYSTEMPATH\Boot.php(67): CodeIgniter\Boot::runCodeIgniter(Object(CodeIgniter\CodeIgniter))
 6 FCPATH\index.php(56): CodeIgniter\Boot::bootWeb(Object(Config\Paths))
WARNING - 2025-03-14 15:19:02 --> [DEPRECATED] Creation of dynamic property App\Controllers\Wilayah::$ModelSetting is deprecated in APPPATH\Controllers\Wilayah.php on line 17.
 1 SYSTEMPATH\CodeIgniter.php(903): App\Controllers\Wilayah->__construct()
 2 SYSTEMPATH\CodeIgniter.php(498): CodeIgniter\CodeIgniter->createController()
 3 SYSTEMPATH\CodeIgniter.php(354): CodeIgniter\CodeIgniter->handleRequest(null, Object(Config\Cache), false)
 4 SYSTEMPATH\Boot.php(334): CodeIgniter\CodeIgniter->run()
 5 SYSTEMPATH\Boot.php(67): CodeIgniter\Boot::runCodeIgniter(Object(CodeIgniter\CodeIgniter))
 6 FCPATH\index.php(56): CodeIgniter\Boot::bootWeb(Object(Config\Paths))
DEBUG - 2025-03-14 15:19:02 --> Session: Class initialized using 'CodeIgniter\Session\Handlers\FileHandler' driver.
WARNING - 2025-03-14 15:22:51 --> [DEPRECATED] Creation of dynamic property App\Controllers\Wilayah::$ModelWilayah is deprecated in APPPATH\Controllers\Wilayah.php on line 16.
 1 SYSTEMPATH\CodeIgniter.php(903): App\Controllers\Wilayah->__construct()
 2 SYSTEMPATH\CodeIgniter.php(498): CodeIgniter\CodeIgniter->createController()
 3 SYSTEMPATH\CodeIgniter.php(354): CodeIgniter\CodeIgniter->handleRequest(null, Object(Config\Cache), false)
 4 SYSTEMPATH\Boot.php(334): CodeIgniter\CodeIgniter->run()
 5 SYSTEMPATH\Boot.php(67): CodeIgniter\Boot::runCodeIgniter(Object(CodeIgniter\CodeIgniter))
 6 FCPATH\index.php(56): CodeIgniter\Boot::bootWeb(Object(Config\Paths))
WARNING - 2025-03-14 15:22:51 --> [DEPRECATED] Creation of dynamic property App\Controllers\Wilayah::$ModelSetting is deprecated in APPPATH\Controllers\Wilayah.php on line 17.
 1 SYSTEMPATH\CodeIgniter.php(903): App\Controllers\Wilayah->__construct()
 2 SYSTEMPATH\CodeIgniter.php(498): CodeIgniter\CodeIgniter->createController()
 3 SYSTEMPATH\CodeIgniter.php(354): CodeIgniter\CodeIgniter->handleRequest(null, Object(Config\Cache), false)
 4 SYSTEMPATH\Boot.php(334): CodeIgniter\CodeIgniter->run()
 5 SYSTEMPATH\Boot.php(67): CodeIgniter\Boot::runCodeIgniter(Object(CodeIgniter\CodeIgniter))
 6 FCPATH\index.php(56): CodeIgniter\Boot::bootWeb(Object(Config\Paths))
ERROR - 2025-03-14 15:22:51 --> mysqli_sql_exception: Unknown column 'id_wilayah1' in 'where clause' in C:\laragon\www\gis-sekolah-ci4\system\Database\MySQLi\Connection.php:327
Stack trace:
#0 C:\laragon\www\gis-sekolah-ci4\system\Database\MySQLi\Connection.php(327): mysqli->query('SELECT *\nFROM `...', 0)
#1 C:\laragon\www\gis-sekolah-ci4\system\Database\BaseConnection.php(738): CodeIgniter\Database\MySQLi\Connection->execute('SELECT *\nFROM `...')
#2 C:\laragon\www\gis-sekolah-ci4\system\Database\BaseConnection.php(652): CodeIgniter\Database\BaseConnection->simpleQuery('SELECT *\nFROM `...')
#3 C:\laragon\www\gis-sekolah-ci4\system\Database\BaseBuilder.php(1649): CodeIgniter\Database\BaseConnection->query('SELECT *\nFROM `...', Array, false)
#4 C:\laragon\www\gis-sekolah-ci4\app\Models\ModelWilayah.php(24): CodeIgniter\Database\BaseBuilder->get()
#5 C:\laragon\www\gis-sekolah-ci4\app\Controllers\Wilayah.php(87): App\Models\ModelWilayah->DetailData('1')
#6 C:\laragon\www\gis-sekolah-ci4\system\CodeIgniter.php(933): App\Controllers\Wilayah->Edit('1')
#7 C:\laragon\www\gis-sekolah-ci4\system\CodeIgniter.php(507): CodeIgniter\CodeIgniter->runController(Object(App\Controllers\Wilayah))
#8 C:\laragon\www\gis-sekolah-ci4\system\CodeIgniter.php(354): CodeIgniter\CodeIgniter->handleRequest(NULL, Object(Config\Cache), false)
#9 C:\laragon\www\gis-sekolah-ci4\system\Boot.php(334): CodeIgniter\CodeIgniter->run()
#10 C:\laragon\www\gis-sekolah-ci4\system\Boot.php(67): CodeIgniter\Boot::runCodeIgniter(Object(CodeIgniter\CodeIgniter))
#11 C:\laragon\www\gis-sekolah-ci4\public\index.php(56): CodeIgniter\Boot::bootWeb(Object(Config\Paths))
#12 {main}
CRITICAL - 2025-03-14 15:22:52 --> CodeIgniter\Database\Exceptions\DatabaseException: Unknown column 'id_wilayah1' in 'where clause'
[Method: GET, Route: Wilayah/Edit/1]
in SYSTEMPATH\Database\BaseConnection.php on line 692.
 1 SYSTEMPATH\Database\BaseBuilder.php(1649): CodeIgniter\Database\BaseConnection->query('SELECT *
FROM `tbl_wilayah`
WHERE `id_wilayah1` IS NULL', [], false)
 2 APPPATH\Models\ModelWilayah.php(24): CodeIgniter\Database\BaseBuilder->get()
 3 APPPATH\Controllers\Wilayah.php(87): App\Models\ModelWilayah->DetailData('1')
 4 SYSTEMPATH\CodeIgniter.php(933): App\Controllers\Wilayah->Edit('1')
 5 SYSTEMPATH\CodeIgniter.php(507): CodeIgniter\CodeIgniter->runController(Object(App\Controllers\Wilayah))
 6 SYSTEMPATH\CodeIgniter.php(354): CodeIgniter\CodeIgniter->handleRequest(null, Object(Config\Cache), false)
 7 SYSTEMPATH\Boot.php(334): CodeIgniter\CodeIgniter->run()
 8 SYSTEMPATH\Boot.php(67): CodeIgniter\Boot::runCodeIgniter(Object(CodeIgniter\CodeIgniter))
 9 FCPATH\index.php(56): CodeIgniter\Boot::bootWeb(Object(Config\Paths))
CRITICAL - 2025-03-14 15:22:52 --> [Caused by] CodeIgniter\Database\Exceptions\DatabaseException: Unknown column 'id_wilayah1' in 'where clause'
in SYSTEMPATH\Database\MySQLi\Connection.php on line 332.
 1 SYSTEMPATH\Database\BaseConnection.php(738): CodeIgniter\Database\MySQLi\Connection->execute('SELECT *
FROM `tbl_wilayah`
WHERE `id_wilayah1` IS NULL')
 2 SYSTEMPATH\Database\BaseConnection.php(652): CodeIgniter\Database\BaseConnection->simpleQuery('SELECT *
FROM `tbl_wilayah`
WHERE `id_wilayah1` IS NULL')
 3 SYSTEMPATH\Database\BaseBuilder.php(1649): CodeIgniter\Database\BaseConnection->query('SELECT *
FROM `tbl_wilayah`
WHERE `id_wilayah1` IS NULL', [], false)
 4 APPPATH\Models\ModelWilayah.php(24): CodeIgniter\Database\BaseBuilder->get()
 5 APPPATH\Controllers\Wilayah.php(87): App\Models\ModelWilayah->DetailData('1')
 6 SYSTEMPATH\CodeIgniter.php(933): App\Controllers\Wilayah->Edit('1')
 7 SYSTEMPATH\CodeIgniter.php(507): CodeIgniter\CodeIgniter->runController(Object(App\Controllers\Wilayah))
 8 SYSTEMPATH\CodeIgniter.php(354): CodeIgniter\CodeIgniter->handleRequest(null, Object(Config\Cache), false)
 9 SYSTEMPATH\Boot.php(334): CodeIgniter\CodeIgniter->run()
10 SYSTEMPATH\Boot.php(67): CodeIgniter\Boot::runCodeIgniter(Object(CodeIgniter\CodeIgniter))
11 FCPATH\index.php(56): CodeIgniter\Boot::bootWeb(Object(Config\Paths))
CRITICAL - 2025-03-14 15:22:52 --> [Caused by] mysqli_sql_exception: Unknown column 'id_wilayah1' in 'where clause'
in SYSTEMPATH\Database\MySQLi\Connection.php on line 327.
 1 SYSTEMPATH\Database\MySQLi\Connection.php(327): mysqli->query('SELECT *
FROM `tbl_wilayah`
WHERE `id_wilayah1` IS NULL', 0)
 2 SYSTEMPATH\Database\BaseConnection.php(738): CodeIgniter\Database\MySQLi\Connection->execute('SELECT *
FROM `tbl_wilayah`
WHERE `id_wilayah1` IS NULL')
 3 SYSTEMPATH\Database\BaseConnection.php(652): CodeIgniter\Database\BaseConnection->simpleQuery('SELECT *
FROM `tbl_wilayah`
WHERE `id_wilayah1` IS NULL')
 4 SYSTEMPATH\Database\BaseBuilder.php(1649): CodeIgniter\Database\BaseConnection->query('SELECT *
FROM `tbl_wilayah`
WHERE `id_wilayah1` IS NULL', [], false)
 5 APPPATH\Models\ModelWilayah.php(24): CodeIgniter\Database\BaseBuilder->get()
 6 APPPATH\Controllers\Wilayah.php(87): App\Models\ModelWilayah->DetailData('1')
 7 SYSTEMPATH\CodeIgniter.php(933): App\Controllers\Wilayah->Edit('1')
 8 SYSTEMPATH\CodeIgniter.php(507): CodeIgniter\CodeIgniter->runController(Object(App\Controllers\Wilayah))
 9 SYSTEMPATH\CodeIgniter.php(354): CodeIgniter\CodeIgniter->handleRequest(null, Object(Config\Cache), false)
10 SYSTEMPATH\Boot.php(334): CodeIgniter\CodeIgniter->run()
11 SYSTEMPATH\Boot.php(67): CodeIgniter\Boot::runCodeIgniter(Object(CodeIgniter\CodeIgniter))
12 FCPATH\index.php(56): CodeIgniter\Boot::bootWeb(Object(Config\Paths))
WARNING - 2025-03-14 15:29:06 --> [DEPRECATED] Creation of dynamic property App\Controllers\Wilayah::$ModelWilayah is deprecated in APPPATH\Controllers\Wilayah.php on line 16.
 1 SYSTEMPATH\CodeIgniter.php(903): App\Controllers\Wilayah->__construct()
 2 SYSTEMPATH\CodeIgniter.php(498): CodeIgniter\CodeIgniter->createController()
 3 SYSTEMPATH\CodeIgniter.php(354): CodeIgniter\CodeIgniter->handleRequest(null, Object(Config\Cache), false)
 4 SYSTEMPATH\Boot.php(334): CodeIgniter\CodeIgniter->run()
 5 SYSTEMPATH\Boot.php(67): CodeIgniter\Boot::runCodeIgniter(Object(CodeIgniter\CodeIgniter))
 6 FCPATH\index.php(56): CodeIgniter\Boot::bootWeb(Object(Config\Paths))
WARNING - 2025-03-14 15:29:06 --> [DEPRECATED] Creation of dynamic property App\Controllers\Wilayah::$ModelSetting is deprecated in APPPATH\Controllers\Wilayah.php on line 17.
 1 SYSTEMPATH\CodeIgniter.php(903): App\Controllers\Wilayah->__construct()
 2 SYSTEMPATH\CodeIgniter.php(498): CodeIgniter\CodeIgniter->createController()
 3 SYSTEMPATH\CodeIgniter.php(354): CodeIgniter\CodeIgniter->handleRequest(null, Object(Config\Cache), false)
 4 SYSTEMPATH\Boot.php(334): CodeIgniter\CodeIgniter->run()
 5 SYSTEMPATH\Boot.php(67): CodeIgniter\Boot::runCodeIgniter(Object(CodeIgniter\CodeIgniter))
 6 FCPATH\index.php(56): CodeIgniter\Boot::bootWeb(Object(Config\Paths))
DEBUG - 2025-03-14 15:29:06 --> Session: Class initialized using 'CodeIgniter\Session\Handlers\FileHandler' driver.
WARNING - 2025-03-14 17:55:47 --> [DEPRECATED] Creation of dynamic property App\Controllers\Admin::$ModelSetting is deprecated in APPPATH\Controllers\Admin.php on line 11.
 1 SYSTEMPATH\CodeIgniter.php(903): App\Controllers\Admin->__construct()
 2 SYSTEMPATH\CodeIgniter.php(498): CodeIgniter\CodeIgniter->createController()
 3 SYSTEMPATH\CodeIgniter.php(354): CodeIgniter\CodeIgniter->handleRequest(null, Object(Config\Cache), false)
 4 SYSTEMPATH\Boot.php(334): CodeIgniter\CodeIgniter->run()
 5 SYSTEMPATH\Boot.php(67): CodeIgniter\Boot::runCodeIgniter(Object(CodeIgniter\CodeIgniter))
 6 FCPATH\index.php(56): CodeIgniter\Boot::bootWeb(Object(Config\Paths))
WARNING - 2025-03-14 17:57:14 --> [DEPRECATED] Creation of dynamic property App\Controllers\Wilayah::$ModelWilayah is deprecated in APPPATH\Controllers\Wilayah.php on line 16.
 1 SYSTEMPATH\CodeIgniter.php(903): App\Controllers\Wilayah->__construct()
 2 SYSTEMPATH\CodeIgniter.php(498): CodeIgniter\CodeIgniter->createController()
 3 SYSTEMPATH\CodeIgniter.php(354): CodeIgniter\CodeIgniter->handleRequest(null, Object(Config\Cache), false)
 4 SYSTEMPATH\Boot.php(334): CodeIgniter\CodeIgniter->run()
 5 SYSTEMPATH\Boot.php(67): CodeIgniter\Boot::runCodeIgniter(Object(CodeIgniter\CodeIgniter))
 6 FCPATH\index.php(56): CodeIgniter\Boot::bootWeb(Object(Config\Paths))
WARNING - 2025-03-14 17:57:14 --> [DEPRECATED] Creation of dynamic property App\Controllers\Wilayah::$ModelSetting is deprecated in APPPATH\Controllers\Wilayah.php on line 17.
 1 SYSTEMPATH\CodeIgniter.php(903): App\Controllers\Wilayah->__construct()
 2 SYSTEMPATH\CodeIgniter.php(498): CodeIgniter\CodeIgniter->createController()
 3 SYSTEMPATH\CodeIgniter.php(354): CodeIgniter\CodeIgniter->handleRequest(null, Object(Config\Cache), false)
 4 SYSTEMPATH\Boot.php(334): CodeIgniter\CodeIgniter->run()
 5 SYSTEMPATH\Boot.php(67): CodeIgniter\Boot::runCodeIgniter(Object(CodeIgniter\CodeIgniter))
 6 FCPATH\index.php(56): CodeIgniter\Boot::bootWeb(Object(Config\Paths))
DEBUG - 2025-03-14 17:57:16 --> Session: Class initialized using 'CodeIgniter\Session\Handlers\FileHandler' driver.
WARNING - 2025-03-14 17:57:43 --> [DEPRECATED] Creation of dynamic property App\Controllers\Wilayah::$ModelWilayah is deprecated in APPPATH\Controllers\Wilayah.php on line 16.
 1 SYSTEMPATH\CodeIgniter.php(903): App\Controllers\Wilayah->__construct()
 2 SYSTEMPATH\CodeIgniter.php(498): CodeIgniter\CodeIgniter->createController()
 3 SYSTEMPATH\CodeIgniter.php(354): CodeIgniter\CodeIgniter->handleRequest(null, Object(Config\Cache), false)
 4 SYSTEMPATH\Boot.php(334): CodeIgniter\CodeIgniter->run()
 5 SYSTEMPATH\Boot.php(67): CodeIgniter\Boot::runCodeIgniter(Object(CodeIgniter\CodeIgniter))
 6 FCPATH\index.php(56): CodeIgniter\Boot::bootWeb(Object(Config\Paths))
WARNING - 2025-03-14 17:57:43 --> [DEPRECATED] Creation of dynamic property App\Controllers\Wilayah::$ModelSetting is deprecated in APPPATH\Controllers\Wilayah.php on line 17.
 1 SYSTEMPATH\CodeIgniter.php(903): App\Controllers\Wilayah->__construct()
 2 SYSTEMPATH\CodeIgniter.php(498): CodeIgniter\CodeIgniter->createController()
 3 SYSTEMPATH\CodeIgniter.php(354): CodeIgniter\CodeIgniter->handleRequest(null, Object(Config\Cache), false)
 4 SYSTEMPATH\Boot.php(334): CodeIgniter\CodeIgniter->run()
 5 SYSTEMPATH\Boot.php(67): CodeIgniter\Boot::runCodeIgniter(Object(CodeIgniter\CodeIgniter))
 6 FCPATH\index.php(56): CodeIgniter\Boot::bootWeb(Object(Config\Paths))
ERROR - 2025-03-14 17:57:44 --> mysqli_sql_exception: Unknown column 'id_wilayah1' in 'where clause' in C:\laragon\www\gis-sekolah-ci4\system\Database\MySQLi\Connection.php:327
Stack trace:
#0 C:\laragon\www\gis-sekolah-ci4\system\Database\MySQLi\Connection.php(327): mysqli->query('SELECT *\nFROM `...', 0)
#1 C:\laragon\www\gis-sekolah-ci4\system\Database\BaseConnection.php(738): CodeIgniter\Database\MySQLi\Connection->execute('SELECT *\nFROM `...')
#2 C:\laragon\www\gis-sekolah-ci4\system\Database\BaseConnection.php(652): CodeIgniter\Database\BaseConnection->simpleQuery('SELECT *\nFROM `...')
#3 C:\laragon\www\gis-sekolah-ci4\system\Database\BaseBuilder.php(1649): CodeIgniter\Database\BaseConnection->query('SELECT *\nFROM `...', Array, false)
#4 C:\laragon\www\gis-sekolah-ci4\app\Models\ModelWilayah.php(24): CodeIgniter\Database\BaseBuilder->get()
#5 C:\laragon\www\gis-sekolah-ci4\app\Controllers\Wilayah.php(87): App\Models\ModelWilayah->DetailData('1')
#6 C:\laragon\www\gis-sekolah-ci4\system\CodeIgniter.php(933): App\Controllers\Wilayah->Edit('1')
#7 C:\laragon\www\gis-sekolah-ci4\system\CodeIgniter.php(507): CodeIgniter\CodeIgniter->runController(Object(App\Controllers\Wilayah))
#8 C:\laragon\www\gis-sekolah-ci4\system\CodeIgniter.php(354): CodeIgniter\CodeIgniter->handleRequest(NULL, Object(Config\Cache), false)
#9 C:\laragon\www\gis-sekolah-ci4\system\Boot.php(334): CodeIgniter\CodeIgniter->run()
#10 C:\laragon\www\gis-sekolah-ci4\system\Boot.php(67): CodeIgniter\Boot::runCodeIgniter(Object(CodeIgniter\CodeIgniter))
#11 C:\laragon\www\gis-sekolah-ci4\public\index.php(56): CodeIgniter\Boot::bootWeb(Object(Config\Paths))
#12 {main}
CRITICAL - 2025-03-14 17:57:44 --> CodeIgniter\Database\Exceptions\DatabaseException: Unknown column 'id_wilayah1' in 'where clause'
[Method: GET, Route: Wilayah/Edit/1]
in SYSTEMPATH\Database\BaseConnection.php on line 692.
 1 SYSTEMPATH\Database\BaseBuilder.php(1649): CodeIgniter\Database\BaseConnection->query('SELECT *
FROM `tbl_wilayah`
WHERE `id_wilayah1` IS NULL', [], false)
 2 APPPATH\Models\ModelWilayah.php(24): CodeIgniter\Database\BaseBuilder->get()
 3 APPPATH\Controllers\Wilayah.php(87): App\Models\ModelWilayah->DetailData('1')
 4 SYSTEMPATH\CodeIgniter.php(933): App\Controllers\Wilayah->Edit('1')
 5 SYSTEMPATH\CodeIgniter.php(507): CodeIgniter\CodeIgniter->runController(Object(App\Controllers\Wilayah))
 6 SYSTEMPATH\CodeIgniter.php(354): CodeIgniter\CodeIgniter->handleRequest(null, Object(Config\Cache), false)
 7 SYSTEMPATH\Boot.php(334): CodeIgniter\CodeIgniter->run()
 8 SYSTEMPATH\Boot.php(67): CodeIgniter\Boot::runCodeIgniter(Object(CodeIgniter\CodeIgniter))
 9 FCPATH\index.php(56): CodeIgniter\Boot::bootWeb(Object(Config\Paths))
CRITICAL - 2025-03-14 17:57:44 --> [Caused by] CodeIgniter\Database\Exceptions\DatabaseException: Unknown column 'id_wilayah1' in 'where clause'
in SYSTEMPATH\Database\MySQLi\Connection.php on line 332.
 1 SYSTEMPATH\Database\BaseConnection.php(738): CodeIgniter\Database\MySQLi\Connection->execute('SELECT *
FROM `tbl_wilayah`
WHERE `id_wilayah1` IS NULL')
 2 SYSTEMPATH\Database\BaseConnection.php(652): CodeIgniter\Database\BaseConnection->simpleQuery('SELECT *
FROM `tbl_wilayah`
WHERE `id_wilayah1` IS NULL')
 3 SYSTEMPATH\Database\BaseBuilder.php(1649): CodeIgniter\Database\BaseConnection->query('SELECT *
FROM `tbl_wilayah`
WHERE `id_wilayah1` IS NULL', [], false)
 4 APPPATH\Models\ModelWilayah.php(24): CodeIgniter\Database\BaseBuilder->get()
 5 APPPATH\Controllers\Wilayah.php(87): App\Models\ModelWilayah->DetailData('1')
 6 SYSTEMPATH\CodeIgniter.php(933): App\Controllers\Wilayah->Edit('1')
 7 SYSTEMPATH\CodeIgniter.php(507): CodeIgniter\CodeIgniter->runController(Object(App\Controllers\Wilayah))
 8 SYSTEMPATH\CodeIgniter.php(354): CodeIgniter\CodeIgniter->handleRequest(null, Object(Config\Cache), false)
 9 SYSTEMPATH\Boot.php(334): CodeIgniter\CodeIgniter->run()
10 SYSTEMPATH\Boot.php(67): CodeIgniter\Boot::runCodeIgniter(Object(CodeIgniter\CodeIgniter))
11 FCPATH\index.php(56): CodeIgniter\Boot::bootWeb(Object(Config\Paths))
CRITICAL - 2025-03-14 17:57:44 --> [Caused by] mysqli_sql_exception: Unknown column 'id_wilayah1' in 'where clause'
in SYSTEMPATH\Database\MySQLi\Connection.php on line 327.
 1 SYSTEMPATH\Database\MySQLi\Connection.php(327): mysqli->query('SELECT *
FROM `tbl_wilayah`
WHERE `id_wilayah1` IS NULL', 0)
 2 SYSTEMPATH\Database\BaseConnection.php(738): CodeIgniter\Database\MySQLi\Connection->execute('SELECT *
FROM `tbl_wilayah`
WHERE `id_wilayah1` IS NULL')
 3 SYSTEMPATH\Database\BaseConnection.php(652): CodeIgniter\Database\BaseConnection->simpleQuery('SELECT *
FROM `tbl_wilayah`
WHERE `id_wilayah1` IS NULL')
 4 SYSTEMPATH\Database\BaseBuilder.php(1649): CodeIgniter\Database\BaseConnection->query('SELECT *
FROM `tbl_wilayah`
WHERE `id_wilayah1` IS NULL', [], false)
 5 APPPATH\Models\ModelWilayah.php(24): CodeIgniter\Database\BaseBuilder->get()
 6 APPPATH\Controllers\Wilayah.php(87): App\Models\ModelWilayah->DetailData('1')
 7 SYSTEMPATH\CodeIgniter.php(933): App\Controllers\Wilayah->Edit('1')
 8 SYSTEMPATH\CodeIgniter.php(507): CodeIgniter\CodeIgniter->runController(Object(App\Controllers\Wilayah))
 9 SYSTEMPATH\CodeIgniter.php(354): CodeIgniter\CodeIgniter->handleRequest(null, Object(Config\Cache), false)
10 SYSTEMPATH\Boot.php(334): CodeIgniter\CodeIgniter->run()
11 SYSTEMPATH\Boot.php(67): CodeIgniter\Boot::runCodeIgniter(Object(CodeIgniter\CodeIgniter))
12 FCPATH\index.php(56): CodeIgniter\Boot::bootWeb(Object(Config\Paths))
WARNING - 2025-03-14 17:58:40 --> [DEPRECATED] Creation of dynamic property App\Controllers\Wilayah::$ModelWilayah is deprecated in APPPATH\Controllers\Wilayah.php on line 16.
 1 SYSTEMPATH\CodeIgniter.php(903): App\Controllers\Wilayah->__construct()
 2 SYSTEMPATH\CodeIgniter.php(498): CodeIgniter\CodeIgniter->createController()
 3 SYSTEMPATH\CodeIgniter.php(354): CodeIgniter\CodeIgniter->handleRequest(null, Object(Config\Cache), false)
 4 SYSTEMPATH\Boot.php(334): CodeIgniter\CodeIgniter->run()
 5 SYSTEMPATH\Boot.php(67): CodeIgniter\Boot::runCodeIgniter(Object(CodeIgniter\CodeIgniter))
 6 FCPATH\index.php(56): CodeIgniter\Boot::bootWeb(Object(Config\Paths))
WARNING - 2025-03-14 17:58:40 --> [DEPRECATED] Creation of dynamic property App\Controllers\Wilayah::$ModelSetting is deprecated in APPPATH\Controllers\Wilayah.php on line 17.
 1 SYSTEMPATH\CodeIgniter.php(903): App\Controllers\Wilayah->__construct()
 2 SYSTEMPATH\CodeIgniter.php(498): CodeIgniter\CodeIgniter->createController()
 3 SYSTEMPATH\CodeIgniter.php(354): CodeIgniter\CodeIgniter->handleRequest(null, Object(Config\Cache), false)
 4 SYSTEMPATH\Boot.php(334): CodeIgniter\CodeIgniter->run()
 5 SYSTEMPATH\Boot.php(67): CodeIgniter\Boot::runCodeIgniter(Object(CodeIgniter\CodeIgniter))
 6 FCPATH\index.php(56): CodeIgniter\Boot::bootWeb(Object(Config\Paths))
ERROR - 2025-03-14 17:58:40 --> mysqli_sql_exception: Unknown column 'id_wilayah1' in 'where clause' in C:\laragon\www\gis-sekolah-ci4\system\Database\MySQLi\Connection.php:327
Stack trace:
#0 C:\laragon\www\gis-sekolah-ci4\system\Database\MySQLi\Connection.php(327): mysqli->query('SELECT *\nFROM `...', 0)
#1 C:\laragon\www\gis-sekolah-ci4\system\Database\BaseConnection.php(738): CodeIgniter\Database\MySQLi\Connection->execute('SELECT *\nFROM `...')
#2 C:\laragon\www\gis-sekolah-ci4\system\Database\BaseConnection.php(652): CodeIgniter\Database\BaseConnection->simpleQuery('SELECT *\nFROM `...')
#3 C:\laragon\www\gis-sekolah-ci4\system\Database\BaseBuilder.php(1649): CodeIgniter\Database\BaseConnection->query('SELECT *\nFROM `...', Array, false)
#4 C:\laragon\www\gis-sekolah-ci4\app\Models\ModelWilayah.php(24): CodeIgniter\Database\BaseBuilder->get()
#5 C:\laragon\www\gis-sekolah-ci4\app\Controllers\Wilayah.php(87): App\Models\ModelWilayah->DetailData('1')
#6 C:\laragon\www\gis-sekolah-ci4\system\CodeIgniter.php(933): App\Controllers\Wilayah->Edit('1')
#7 C:\laragon\www\gis-sekolah-ci4\system\CodeIgniter.php(507): CodeIgniter\CodeIgniter->runController(Object(App\Controllers\Wilayah))
#8 C:\laragon\www\gis-sekolah-ci4\system\CodeIgniter.php(354): CodeIgniter\CodeIgniter->handleRequest(NULL, Object(Config\Cache), false)
#9 C:\laragon\www\gis-sekolah-ci4\system\Boot.php(334): CodeIgniter\CodeIgniter->run()
#10 C:\laragon\www\gis-sekolah-ci4\system\Boot.php(67): CodeIgniter\Boot::runCodeIgniter(Object(CodeIgniter\CodeIgniter))
#11 C:\laragon\www\gis-sekolah-ci4\public\index.php(56): CodeIgniter\Boot::bootWeb(Object(Config\Paths))
#12 {main}
CRITICAL - 2025-03-14 17:58:40 --> CodeIgniter\Database\Exceptions\DatabaseException: Unknown column 'id_wilayah1' in 'where clause'
[Method: GET, Route: Wilayah/Edit/1]
in SYSTEMPATH\Database\BaseConnection.php on line 692.
 1 SYSTEMPATH\Database\BaseBuilder.php(1649): CodeIgniter\Database\BaseConnection->query('SELECT *
FROM `tbl_wilayah`
WHERE `id_wilayah1` IS NULL', [], false)
 2 APPPATH\Models\ModelWilayah.php(24): CodeIgniter\Database\BaseBuilder->get()
 3 APPPATH\Controllers\Wilayah.php(87): App\Models\ModelWilayah->DetailData('1')
 4 SYSTEMPATH\CodeIgniter.php(933): App\Controllers\Wilayah->Edit('1')
 5 SYSTEMPATH\CodeIgniter.php(507): CodeIgniter\CodeIgniter->runController(Object(App\Controllers\Wilayah))
 6 SYSTEMPATH\CodeIgniter.php(354): CodeIgniter\CodeIgniter->handleRequest(null, Object(Config\Cache), false)
 7 SYSTEMPATH\Boot.php(334): CodeIgniter\CodeIgniter->run()
 8 SYSTEMPATH\Boot.php(67): CodeIgniter\Boot::runCodeIgniter(Object(CodeIgniter\CodeIgniter))
 9 FCPATH\index.php(56): CodeIgniter\Boot::bootWeb(Object(Config\Paths))
CRITICAL - 2025-03-14 17:58:40 --> [Caused by] CodeIgniter\Database\Exceptions\DatabaseException: Unknown column 'id_wilayah1' in 'where clause'
in SYSTEMPATH\Database\MySQLi\Connection.php on line 332.
 1 SYSTEMPATH\Database\BaseConnection.php(738): CodeIgniter\Database\MySQLi\Connection->execute('SELECT *
FROM `tbl_wilayah`
WHERE `id_wilayah1` IS NULL')
 2 SYSTEMPATH\Database\BaseConnection.php(652): CodeIgniter\Database\BaseConnection->simpleQuery('SELECT *
FROM `tbl_wilayah`
WHERE `id_wilayah1` IS NULL')
 3 SYSTEMPATH\Database\BaseBuilder.php(1649): CodeIgniter\Database\BaseConnection->query('SELECT *
FROM `tbl_wilayah`
WHERE `id_wilayah1` IS NULL', [], false)
 4 APPPATH\Models\ModelWilayah.php(24): CodeIgniter\Database\BaseBuilder->get()
 5 APPPATH\Controllers\Wilayah.php(87): App\Models\ModelWilayah->DetailData('1')
 6 SYSTEMPATH\CodeIgniter.php(933): App\Controllers\Wilayah->Edit('1')
 7 SYSTEMPATH\CodeIgniter.php(507): CodeIgniter\CodeIgniter->runController(Object(App\Controllers\Wilayah))
 8 SYSTEMPATH\CodeIgniter.php(354): CodeIgniter\CodeIgniter->handleRequest(null, Object(Config\Cache), false)
 9 SYSTEMPATH\Boot.php(334): CodeIgniter\CodeIgniter->run()
10 SYSTEMPATH\Boot.php(67): CodeIgniter\Boot::runCodeIgniter(Object(CodeIgniter\CodeIgniter))
11 FCPATH\index.php(56): CodeIgniter\Boot::bootWeb(Object(Config\Paths))
CRITICAL - 2025-03-14 17:58:40 --> [Caused by] mysqli_sql_exception: Unknown column 'id_wilayah1' in 'where clause'
in SYSTEMPATH\Database\MySQLi\Connection.php on line 327.
 1 SYSTEMPATH\Database\MySQLi\Connection.php(327): mysqli->query('SELECT *
FROM `tbl_wilayah`
WHERE `id_wilayah1` IS NULL', 0)
 2 SYSTEMPATH\Database\BaseConnection.php(738): CodeIgniter\Database\MySQLi\Connection->execute('SELECT *
FROM `tbl_wilayah`
WHERE `id_wilayah1` IS NULL')
 3 SYSTEMPATH\Database\BaseConnection.php(652): CodeIgniter\Database\BaseConnection->simpleQuery('SELECT *
FROM `tbl_wilayah`
WHERE `id_wilayah1` IS NULL')
 4 SYSTEMPATH\Database\BaseBuilder.php(1649): CodeIgniter\Database\BaseConnection->query('SELECT *
FROM `tbl_wilayah`
WHERE `id_wilayah1` IS NULL', [], false)
 5 APPPATH\Models\ModelWilayah.php(24): CodeIgniter\Database\BaseBuilder->get()
 6 APPPATH\Controllers\Wilayah.php(87): App\Models\ModelWilayah->DetailData('1')
 7 SYSTEMPATH\CodeIgniter.php(933): App\Controllers\Wilayah->Edit('1')
 8 SYSTEMPATH\CodeIgniter.php(507): CodeIgniter\CodeIgniter->runController(Object(App\Controllers\Wilayah))
 9 SYSTEMPATH\CodeIgniter.php(354): CodeIgniter\CodeIgniter->handleRequest(null, Object(Config\Cache), false)
10 SYSTEMPATH\Boot.php(334): CodeIgniter\CodeIgniter->run()
11 SYSTEMPATH\Boot.php(67): CodeIgniter\Boot::runCodeIgniter(Object(CodeIgniter\CodeIgniter))
12 FCPATH\index.php(56): CodeIgniter\Boot::bootWeb(Object(Config\Paths))
WARNING - 2025-03-14 17:58:54 --> [DEPRECATED] Creation of dynamic property App\Controllers\Wilayah::$ModelWilayah is deprecated in APPPATH\Controllers\Wilayah.php on line 16.
 1 SYSTEMPATH\CodeIgniter.php(903): App\Controllers\Wilayah->__construct()
 2 SYSTEMPATH\CodeIgniter.php(498): CodeIgniter\CodeIgniter->createController()
 3 SYSTEMPATH\CodeIgniter.php(354): CodeIgniter\CodeIgniter->handleRequest(null, Object(Config\Cache), false)
 4 SYSTEMPATH\Boot.php(334): CodeIgniter\CodeIgniter->run()
 5 SYSTEMPATH\Boot.php(67): CodeIgniter\Boot::runCodeIgniter(Object(CodeIgniter\CodeIgniter))
 6 FCPATH\index.php(56): CodeIgniter\Boot::bootWeb(Object(Config\Paths))
WARNING - 2025-03-14 17:58:54 --> [DEPRECATED] Creation of dynamic property App\Controllers\Wilayah::$ModelSetting is deprecated in APPPATH\Controllers\Wilayah.php on line 17.
 1 SYSTEMPATH\CodeIgniter.php(903): App\Controllers\Wilayah->__construct()
 2 SYSTEMPATH\CodeIgniter.php(498): CodeIgniter\CodeIgniter->createController()
 3 SYSTEMPATH\CodeIgniter.php(354): CodeIgniter\CodeIgniter->handleRequest(null, Object(Config\Cache), false)
 4 SYSTEMPATH\Boot.php(334): CodeIgniter\CodeIgniter->run()
 5 SYSTEMPATH\Boot.php(67): CodeIgniter\Boot::runCodeIgniter(Object(CodeIgniter\CodeIgniter))
 6 FCPATH\index.php(56): CodeIgniter\Boot::bootWeb(Object(Config\Paths))
CRITICAL - 2025-03-14 17:58:54 --> ArgumentCountError: Too few arguments to function App\Controllers\Wilayah::Edit(), 0 passed in C:\laragon\www\gis-sekolah-ci4\system\CodeIgniter.php on line 933 and exactly 1 expected
[Method: GET, Route: Wilayah/Edit]
in APPPATH\Controllers\Wilayah.php on line 82.
 1 SYSTEMPATH\CodeIgniter.php(933): App\Controllers\Wilayah->Edit()
 2 SYSTEMPATH\CodeIgniter.php(507): CodeIgniter\CodeIgniter->runController(Object(App\Controllers\Wilayah))
 3 SYSTEMPATH\CodeIgniter.php(354): CodeIgniter\CodeIgniter->handleRequest(null, Object(Config\Cache), false)
 4 SYSTEMPATH\Boot.php(334): CodeIgniter\CodeIgniter->run()
 5 SYSTEMPATH\Boot.php(67): CodeIgniter\Boot::runCodeIgniter(Object(CodeIgniter\CodeIgniter))
 6 FCPATH\index.php(56): CodeIgniter\Boot::bootWeb(Object(Config\Paths))
WARNING - 2025-03-14 17:59:57 --> [DEPRECATED] Creation of dynamic property App\Controllers\Wilayah::$ModelWilayah is deprecated in APPPATH\Controllers\Wilayah.php on line 16.
 1 SYSTEMPATH\CodeIgniter.php(903): App\Controllers\Wilayah->__construct()
 2 SYSTEMPATH\CodeIgniter.php(498): CodeIgniter\CodeIgniter->createController()
 3 SYSTEMPATH\CodeIgniter.php(354): CodeIgniter\CodeIgniter->handleRequest(null, Object(Config\Cache), false)
 4 SYSTEMPATH\Boot.php(334): CodeIgniter\CodeIgniter->run()
 5 SYSTEMPATH\Boot.php(67): CodeIgniter\Boot::runCodeIgniter(Object(CodeIgniter\CodeIgniter))
 6 FCPATH\index.php(56): CodeIgniter\Boot::bootWeb(Object(Config\Paths))
WARNING - 2025-03-14 17:59:57 --> [DEPRECATED] Creation of dynamic property App\Controllers\Wilayah::$ModelSetting is deprecated in APPPATH\Controllers\Wilayah.php on line 17.
 1 SYSTEMPATH\CodeIgniter.php(903): App\Controllers\Wilayah->__construct()
 2 SYSTEMPATH\CodeIgniter.php(498): CodeIgniter\CodeIgniter->createController()
 3 SYSTEMPATH\CodeIgniter.php(354): CodeIgniter\CodeIgniter->handleRequest(null, Object(Config\Cache), false)
 4 SYSTEMPATH\Boot.php(334): CodeIgniter\CodeIgniter->run()
 5 SYSTEMPATH\Boot.php(67): CodeIgniter\Boot::runCodeIgniter(Object(CodeIgniter\CodeIgniter))
 6 FCPATH\index.php(56): CodeIgniter\Boot::bootWeb(Object(Config\Paths))
ERROR - 2025-03-14 17:59:57 --> mysqli_sql_exception: Unknown column 'id_wilayah1' in 'where clause' in C:\laragon\www\gis-sekolah-ci4\system\Database\MySQLi\Connection.php:327
Stack trace:
#0 C:\laragon\www\gis-sekolah-ci4\system\Database\MySQLi\Connection.php(327): mysqli->query('SELECT *\nFROM `...', 0)
#1 C:\laragon\www\gis-sekolah-ci4\system\Database\BaseConnection.php(738): CodeIgniter\Database\MySQLi\Connection->execute('SELECT *\nFROM `...')
#2 C:\laragon\www\gis-sekolah-ci4\system\Database\BaseConnection.php(652): CodeIgniter\Database\BaseConnection->simpleQuery('SELECT *\nFROM `...')
#3 C:\laragon\www\gis-sekolah-ci4\system\Database\BaseBuilder.php(1649): CodeIgniter\Database\BaseConnection->query('SELECT *\nFROM `...', Array, false)
#4 C:\laragon\www\gis-sekolah-ci4\app\Models\ModelWilayah.php(24): CodeIgniter\Database\BaseBuilder->get()
#5 C:\laragon\www\gis-sekolah-ci4\app\Controllers\Wilayah.php(87): App\Models\ModelWilayah->DetailData('1')
#6 C:\laragon\www\gis-sekolah-ci4\system\CodeIgniter.php(933): App\Controllers\Wilayah->Edit('1')
#7 C:\laragon\www\gis-sekolah-ci4\system\CodeIgniter.php(507): CodeIgniter\CodeIgniter->runController(Object(App\Controllers\Wilayah))
#8 C:\laragon\www\gis-sekolah-ci4\system\CodeIgniter.php(354): CodeIgniter\CodeIgniter->handleRequest(NULL, Object(Config\Cache), false)
#9 C:\laragon\www\gis-sekolah-ci4\system\Boot.php(334): CodeIgniter\CodeIgniter->run()
#10 C:\laragon\www\gis-sekolah-ci4\system\Boot.php(67): CodeIgniter\Boot::runCodeIgniter(Object(CodeIgniter\CodeIgniter))
#11 C:\laragon\www\gis-sekolah-ci4\public\index.php(56): CodeIgniter\Boot::bootWeb(Object(Config\Paths))
#12 {main}
CRITICAL - 2025-03-14 17:59:57 --> CodeIgniter\Database\Exceptions\DatabaseException: Unknown column 'id_wilayah1' in 'where clause'
[Method: GET, Route: Wilayah/Edit/1]
in SYSTEMPATH\Database\BaseConnection.php on line 692.
 1 SYSTEMPATH\Database\BaseBuilder.php(1649): CodeIgniter\Database\BaseConnection->query('SELECT *
FROM `tbl_wilayah`
WHERE `id_wilayah1` IS NULL', [], false)
 2 APPPATH\Models\ModelWilayah.php(24): CodeIgniter\Database\BaseBuilder->get()
 3 APPPATH\Controllers\Wilayah.php(87): App\Models\ModelWilayah->DetailData('1')
 4 SYSTEMPATH\CodeIgniter.php(933): App\Controllers\Wilayah->Edit('1')
 5 SYSTEMPATH\CodeIgniter.php(507): CodeIgniter\CodeIgniter->runController(Object(App\Controllers\Wilayah))
 6 SYSTEMPATH\CodeIgniter.php(354): CodeIgniter\CodeIgniter->handleRequest(null, Object(Config\Cache), false)
 7 SYSTEMPATH\Boot.php(334): CodeIgniter\CodeIgniter->run()
 8 SYSTEMPATH\Boot.php(67): CodeIgniter\Boot::runCodeIgniter(Object(CodeIgniter\CodeIgniter))
 9 FCPATH\index.php(56): CodeIgniter\Boot::bootWeb(Object(Config\Paths))
CRITICAL - 2025-03-14 17:59:57 --> [Caused by] CodeIgniter\Database\Exceptions\DatabaseException: Unknown column 'id_wilayah1' in 'where clause'
in SYSTEMPATH\Database\MySQLi\Connection.php on line 332.
 1 SYSTEMPATH\Database\BaseConnection.php(738): CodeIgniter\Database\MySQLi\Connection->execute('SELECT *
FROM `tbl_wilayah`
WHERE `id_wilayah1` IS NULL')
 2 SYSTEMPATH\Database\BaseConnection.php(652): CodeIgniter\Database\BaseConnection->simpleQuery('SELECT *
FROM `tbl_wilayah`
WHERE `id_wilayah1` IS NULL')
 3 SYSTEMPATH\Database\BaseBuilder.php(1649): CodeIgniter\Database\BaseConnection->query('SELECT *
FROM `tbl_wilayah`
WHERE `id_wilayah1` IS NULL', [], false)
 4 APPPATH\Models\ModelWilayah.php(24): CodeIgniter\Database\BaseBuilder->get()
 5 APPPATH\Controllers\Wilayah.php(87): App\Models\ModelWilayah->DetailData('1')
 6 SYSTEMPATH\CodeIgniter.php(933): App\Controllers\Wilayah->Edit('1')
 7 SYSTEMPATH\CodeIgniter.php(507): CodeIgniter\CodeIgniter->runController(Object(App\Controllers\Wilayah))
 8 SYSTEMPATH\CodeIgniter.php(354): CodeIgniter\CodeIgniter->handleRequest(null, Object(Config\Cache), false)
 9 SYSTEMPATH\Boot.php(334): CodeIgniter\CodeIgniter->run()
10 SYSTEMPATH\Boot.php(67): CodeIgniter\Boot::runCodeIgniter(Object(CodeIgniter\CodeIgniter))
11 FCPATH\index.php(56): CodeIgniter\Boot::bootWeb(Object(Config\Paths))
CRITICAL - 2025-03-14 17:59:57 --> [Caused by] mysqli_sql_exception: Unknown column 'id_wilayah1' in 'where clause'
in SYSTEMPATH\Database\MySQLi\Connection.php on line 327.
 1 SYSTEMPATH\Database\MySQLi\Connection.php(327): mysqli->query('SELECT *
FROM `tbl_wilayah`
WHERE `id_wilayah1` IS NULL', 0)
 2 SYSTEMPATH\Database\BaseConnection.php(738): CodeIgniter\Database\MySQLi\Connection->execute('SELECT *
FROM `tbl_wilayah`
WHERE `id_wilayah1` IS NULL')
 3 SYSTEMPATH\Database\BaseConnection.php(652): CodeIgniter\Database\BaseConnection->simpleQuery('SELECT *
FROM `tbl_wilayah`
WHERE `id_wilayah1` IS NULL')
 4 SYSTEMPATH\Database\BaseBuilder.php(1649): CodeIgniter\Database\BaseConnection->query('SELECT *
FROM `tbl_wilayah`
WHERE `id_wilayah1` IS NULL', [], false)
 5 APPPATH\Models\ModelWilayah.php(24): CodeIgniter\Database\BaseBuilder->get()
 6 APPPATH\Controllers\Wilayah.php(87): App\Models\ModelWilayah->DetailData('1')
 7 SYSTEMPATH\CodeIgniter.php(933): App\Controllers\Wilayah->Edit('1')
 8 SYSTEMPATH\CodeIgniter.php(507): CodeIgniter\CodeIgniter->runController(Object(App\Controllers\Wilayah))
 9 SYSTEMPATH\CodeIgniter.php(354): CodeIgniter\CodeIgniter->handleRequest(null, Object(Config\Cache), false)
10 SYSTEMPATH\Boot.php(334): CodeIgniter\CodeIgniter->run()
11 SYSTEMPATH\Boot.php(67): CodeIgniter\Boot::runCodeIgniter(Object(CodeIgniter\CodeIgniter))
12 FCPATH\index.php(56): CodeIgniter\Boot::bootWeb(Object(Config\Paths))
WARNING - 2025-03-14 18:00:05 --> [DEPRECATED] Creation of dynamic property App\Controllers\Wilayah::$ModelWilayah is deprecated in APPPATH\Controllers\Wilayah.php on line 16.
 1 SYSTEMPATH\CodeIgniter.php(903): App\Controllers\Wilayah->__construct()
 2 SYSTEMPATH\CodeIgniter.php(498): CodeIgniter\CodeIgniter->createController()
 3 SYSTEMPATH\CodeIgniter.php(354): CodeIgniter\CodeIgniter->handleRequest(null, Object(Config\Cache), false)
 4 SYSTEMPATH\Boot.php(334): CodeIgniter\CodeIgniter->run()
 5 SYSTEMPATH\Boot.php(67): CodeIgniter\Boot::runCodeIgniter(Object(CodeIgniter\CodeIgniter))
 6 FCPATH\index.php(56): CodeIgniter\Boot::bootWeb(Object(Config\Paths))
WARNING - 2025-03-14 18:00:05 --> [DEPRECATED] Creation of dynamic property App\Controllers\Wilayah::$ModelSetting is deprecated in APPPATH\Controllers\Wilayah.php on line 17.
 1 SYSTEMPATH\CodeIgniter.php(903): App\Controllers\Wilayah->__construct()
 2 SYSTEMPATH\CodeIgniter.php(498): CodeIgniter\CodeIgniter->createController()
 3 SYSTEMPATH\CodeIgniter.php(354): CodeIgniter\CodeIgniter->handleRequest(null, Object(Config\Cache), false)
 4 SYSTEMPATH\Boot.php(334): CodeIgniter\CodeIgniter->run()
 5 SYSTEMPATH\Boot.php(67): CodeIgniter\Boot::runCodeIgniter(Object(CodeIgniter\CodeIgniter))
 6 FCPATH\index.php(56): CodeIgniter\Boot::bootWeb(Object(Config\Paths))
CRITICAL - 2025-03-14 18:00:05 --> ArgumentCountError: Too few arguments to function App\Controllers\Wilayah::Edit(), 0 passed in C:\laragon\www\gis-sekolah-ci4\system\CodeIgniter.php on line 933 and exactly 1 expected
[Method: GET, Route: Wilayah/Edit]
in APPPATH\Controllers\Wilayah.php on line 82.
 1 SYSTEMPATH\CodeIgniter.php(933): App\Controllers\Wilayah->Edit()
 2 SYSTEMPATH\CodeIgniter.php(507): CodeIgniter\CodeIgniter->runController(Object(App\Controllers\Wilayah))
 3 SYSTEMPATH\CodeIgniter.php(354): CodeIgniter\CodeIgniter->handleRequest(null, Object(Config\Cache), false)
 4 SYSTEMPATH\Boot.php(334): CodeIgniter\CodeIgniter->run()
 5 SYSTEMPATH\Boot.php(67): CodeIgniter\Boot::runCodeIgniter(Object(CodeIgniter\CodeIgniter))
 6 FCPATH\index.php(56): CodeIgniter\Boot::bootWeb(Object(Config\Paths))
WARNING - 2025-03-14 18:02:36 --> [DEPRECATED] Creation of dynamic property App\Controllers\Wilayah::$ModelWilayah is deprecated in APPPATH\Controllers\Wilayah.php on line 16.
 1 SYSTEMPATH\CodeIgniter.php(903): App\Controllers\Wilayah->__construct()
 2 SYSTEMPATH\CodeIgniter.php(498): CodeIgniter\CodeIgniter->createController()
 3 SYSTEMPATH\CodeIgniter.php(354): CodeIgniter\CodeIgniter->handleRequest(null, Object(Config\Cache), false)
 4 SYSTEMPATH\Boot.php(334): CodeIgniter\CodeIgniter->run()
 5 SYSTEMPATH\Boot.php(67): CodeIgniter\Boot::runCodeIgniter(Object(CodeIgniter\CodeIgniter))
 6 FCPATH\index.php(56): CodeIgniter\Boot::bootWeb(Object(Config\Paths))
WARNING - 2025-03-14 18:02:36 --> [DEPRECATED] Creation of dynamic property App\Controllers\Wilayah::$ModelSetting is deprecated in APPPATH\Controllers\Wilayah.php on line 17.
 1 SYSTEMPATH\CodeIgniter.php(903): App\Controllers\Wilayah->__construct()
 2 SYSTEMPATH\CodeIgniter.php(498): CodeIgniter\CodeIgniter->createController()
 3 SYSTEMPATH\CodeIgniter.php(354): CodeIgniter\CodeIgniter->handleRequest(null, Object(Config\Cache), false)
 4 SYSTEMPATH\Boot.php(334): CodeIgniter\CodeIgniter->run()
 5 SYSTEMPATH\Boot.php(67): CodeIgniter\Boot::runCodeIgniter(Object(CodeIgniter\CodeIgniter))
 6 FCPATH\index.php(56): CodeIgniter\Boot::bootWeb(Object(Config\Paths))
DEBUG - 2025-03-14 18:02:37 --> Session: Class initialized using 'CodeIgniter\Session\Handlers\FileHandler' driver.
WARNING - 2025-03-14 18:02:44 --> [DEPRECATED] Creation of dynamic property App\Controllers\Wilayah::$ModelWilayah is deprecated in APPPATH\Controllers\Wilayah.php on line 16.
 1 SYSTEMPATH\CodeIgniter.php(903): App\Controllers\Wilayah->__construct()
 2 SYSTEMPATH\CodeIgniter.php(498): CodeIgniter\CodeIgniter->createController()
 3 SYSTEMPATH\CodeIgniter.php(354): CodeIgniter\CodeIgniter->handleRequest(null, Object(Config\Cache), false)
 4 SYSTEMPATH\Boot.php(334): CodeIgniter\CodeIgniter->run()
 5 SYSTEMPATH\Boot.php(67): CodeIgniter\Boot::runCodeIgniter(Object(CodeIgniter\CodeIgniter))
 6 FCPATH\index.php(56): CodeIgniter\Boot::bootWeb(Object(Config\Paths))
WARNING - 2025-03-14 18:02:44 --> [DEPRECATED] Creation of dynamic property App\Controllers\Wilayah::$ModelSetting is deprecated in APPPATH\Controllers\Wilayah.php on line 17.
 1 SYSTEMPATH\CodeIgniter.php(903): App\Controllers\Wilayah->__construct()
 2 SYSTEMPATH\CodeIgniter.php(498): CodeIgniter\CodeIgniter->createController()
 3 SYSTEMPATH\CodeIgniter.php(354): CodeIgniter\CodeIgniter->handleRequest(null, Object(Config\Cache), false)
 4 SYSTEMPATH\Boot.php(334): CodeIgniter\CodeIgniter->run()
 5 SYSTEMPATH\Boot.php(67): CodeIgniter\Boot::runCodeIgniter(Object(CodeIgniter\CodeIgniter))
 6 FCPATH\index.php(56): CodeIgniter\Boot::bootWeb(Object(Config\Paths))
ERROR - 2025-03-14 18:02:44 --> mysqli_sql_exception: Unknown column 'id_wilayah1' in 'where clause' in C:\laragon\www\gis-sekolah-ci4\system\Database\MySQLi\Connection.php:327
Stack trace:
#0 C:\laragon\www\gis-sekolah-ci4\system\Database\MySQLi\Connection.php(327): mysqli->query('SELECT *\nFROM `...', 0)
#1 C:\laragon\www\gis-sekolah-ci4\system\Database\BaseConnection.php(738): CodeIgniter\Database\MySQLi\Connection->execute('SELECT *\nFROM `...')
#2 C:\laragon\www\gis-sekolah-ci4\system\Database\BaseConnection.php(652): CodeIgniter\Database\BaseConnection->simpleQuery('SELECT *\nFROM `...')
#3 C:\laragon\www\gis-sekolah-ci4\system\Database\BaseBuilder.php(1649): CodeIgniter\Database\BaseConnection->query('SELECT *\nFROM `...', Array, false)
#4 C:\laragon\www\gis-sekolah-ci4\app\Models\ModelWilayah.php(24): CodeIgniter\Database\BaseBuilder->get()
#5 C:\laragon\www\gis-sekolah-ci4\app\Controllers\Wilayah.php(87): App\Models\ModelWilayah->DetailData('1')
#6 C:\laragon\www\gis-sekolah-ci4\system\CodeIgniter.php(933): App\Controllers\Wilayah->Edit('1')
#7 C:\laragon\www\gis-sekolah-ci4\system\CodeIgniter.php(507): CodeIgniter\CodeIgniter->runController(Object(App\Controllers\Wilayah))
#8 C:\laragon\www\gis-sekolah-ci4\system\CodeIgniter.php(354): CodeIgniter\CodeIgniter->handleRequest(NULL, Object(Config\Cache), false)
#9 C:\laragon\www\gis-sekolah-ci4\system\Boot.php(334): CodeIgniter\CodeIgniter->run()
#10 C:\laragon\www\gis-sekolah-ci4\system\Boot.php(67): CodeIgniter\Boot::runCodeIgniter(Object(CodeIgniter\CodeIgniter))
#11 C:\laragon\www\gis-sekolah-ci4\public\index.php(56): CodeIgniter\Boot::bootWeb(Object(Config\Paths))
#12 {main}
CRITICAL - 2025-03-14 18:02:44 --> CodeIgniter\Database\Exceptions\DatabaseException: Unknown column 'id_wilayah1' in 'where clause'
[Method: GET, Route: Wilayah/Edit/1]
in SYSTEMPATH\Database\BaseConnection.php on line 692.
 1 SYSTEMPATH\Database\BaseBuilder.php(1649): CodeIgniter\Database\BaseConnection->query('SELECT *
FROM `tbl_wilayah`
WHERE `id_wilayah1` IS NULL', [], false)
 2 APPPATH\Models\ModelWilayah.php(24): CodeIgniter\Database\BaseBuilder->get()
 3 APPPATH\Controllers\Wilayah.php(87): App\Models\ModelWilayah->DetailData('1')
 4 SYSTEMPATH\CodeIgniter.php(933): App\Controllers\Wilayah->Edit('1')
 5 SYSTEMPATH\CodeIgniter.php(507): CodeIgniter\CodeIgniter->runController(Object(App\Controllers\Wilayah))
 6 SYSTEMPATH\CodeIgniter.php(354): CodeIgniter\CodeIgniter->handleRequest(null, Object(Config\Cache), false)
 7 SYSTEMPATH\Boot.php(334): CodeIgniter\CodeIgniter->run()
 8 SYSTEMPATH\Boot.php(67): CodeIgniter\Boot::runCodeIgniter(Object(CodeIgniter\CodeIgniter))
 9 FCPATH\index.php(56): CodeIgniter\Boot::bootWeb(Object(Config\Paths))
CRITICAL - 2025-03-14 18:02:44 --> [Caused by] CodeIgniter\Database\Exceptions\DatabaseException: Unknown column 'id_wilayah1' in 'where clause'
in SYSTEMPATH\Database\MySQLi\Connection.php on line 332.
 1 SYSTEMPATH\Database\BaseConnection.php(738): CodeIgniter\Database\MySQLi\Connection->execute('SELECT *
FROM `tbl_wilayah`
WHERE `id_wilayah1` IS NULL')
 2 SYSTEMPATH\Database\BaseConnection.php(652): CodeIgniter\Database\BaseConnection->simpleQuery('SELECT *
FROM `tbl_wilayah`
WHERE `id_wilayah1` IS NULL')
 3 SYSTEMPATH\Database\BaseBuilder.php(1649): CodeIgniter\Database\BaseConnection->query('SELECT *
FROM `tbl_wilayah`
WHERE `id_wilayah1` IS NULL', [], false)
 4 APPPATH\Models\ModelWilayah.php(24): CodeIgniter\Database\BaseBuilder->get()
 5 APPPATH\Controllers\Wilayah.php(87): App\Models\ModelWilayah->DetailData('1')
 6 SYSTEMPATH\CodeIgniter.php(933): App\Controllers\Wilayah->Edit('1')
 7 SYSTEMPATH\CodeIgniter.php(507): CodeIgniter\CodeIgniter->runController(Object(App\Controllers\Wilayah))
 8 SYSTEMPATH\CodeIgniter.php(354): CodeIgniter\CodeIgniter->handleRequest(null, Object(Config\Cache), false)
 9 SYSTEMPATH\Boot.php(334): CodeIgniter\CodeIgniter->run()
10 SYSTEMPATH\Boot.php(67): CodeIgniter\Boot::runCodeIgniter(Object(CodeIgniter\CodeIgniter))
11 FCPATH\index.php(56): CodeIgniter\Boot::bootWeb(Object(Config\Paths))
CRITICAL - 2025-03-14 18:02:44 --> [Caused by] mysqli_sql_exception: Unknown column 'id_wilayah1' in 'where clause'
in SYSTEMPATH\Database\MySQLi\Connection.php on line 327.
 1 SYSTEMPATH\Database\MySQLi\Connection.php(327): mysqli->query('SELECT *
FROM `tbl_wilayah`
WHERE `id_wilayah1` IS NULL', 0)
 2 SYSTEMPATH\Database\BaseConnection.php(738): CodeIgniter\Database\MySQLi\Connection->execute('SELECT *
FROM `tbl_wilayah`
WHERE `id_wilayah1` IS NULL')
 3 SYSTEMPATH\Database\BaseConnection.php(652): CodeIgniter\Database\BaseConnection->simpleQuery('SELECT *
FROM `tbl_wilayah`
WHERE `id_wilayah1` IS NULL')
 4 SYSTEMPATH\Database\BaseBuilder.php(1649): CodeIgniter\Database\BaseConnection->query('SELECT *
FROM `tbl_wilayah`
WHERE `id_wilayah1` IS NULL', [], false)
 5 APPPATH\Models\ModelWilayah.php(24): CodeIgniter\Database\BaseBuilder->get()
 6 APPPATH\Controllers\Wilayah.php(87): App\Models\ModelWilayah->DetailData('1')
 7 SYSTEMPATH\CodeIgniter.php(933): App\Controllers\Wilayah->Edit('1')
 8 SYSTEMPATH\CodeIgniter.php(507): CodeIgniter\CodeIgniter->runController(Object(App\Controllers\Wilayah))
 9 SYSTEMPATH\CodeIgniter.php(354): CodeIgniter\CodeIgniter->handleRequest(null, Object(Config\Cache), false)
10 SYSTEMPATH\Boot.php(334): CodeIgniter\CodeIgniter->run()
11 SYSTEMPATH\Boot.php(67): CodeIgniter\Boot::runCodeIgniter(Object(CodeIgniter\CodeIgniter))
12 FCPATH\index.php(56): CodeIgniter\Boot::bootWeb(Object(Config\Paths))
WARNING - 2025-03-14 18:16:11 --> [DEPRECATED] Creation of dynamic property App\Controllers\Wilayah::$ModelWilayah is deprecated in APPPATH\Controllers\Wilayah.php on line 16.
 1 SYSTEMPATH\CodeIgniter.php(903): App\Controllers\Wilayah->__construct()
 2 SYSTEMPATH\CodeIgniter.php(498): CodeIgniter\CodeIgniter->createController()
 3 SYSTEMPATH\CodeIgniter.php(354): CodeIgniter\CodeIgniter->handleRequest(null, Object(Config\Cache), false)
 4 SYSTEMPATH\Boot.php(334): CodeIgniter\CodeIgniter->run()
 5 SYSTEMPATH\Boot.php(67): CodeIgniter\Boot::runCodeIgniter(Object(CodeIgniter\CodeIgniter))
 6 FCPATH\index.php(56): CodeIgniter\Boot::bootWeb(Object(Config\Paths))
WARNING - 2025-03-14 18:16:11 --> [DEPRECATED] Creation of dynamic property App\Controllers\Wilayah::$ModelSetting is deprecated in APPPATH\Controllers\Wilayah.php on line 17.
 1 SYSTEMPATH\CodeIgniter.php(903): App\Controllers\Wilayah->__construct()
 2 SYSTEMPATH\CodeIgniter.php(498): CodeIgniter\CodeIgniter->createController()
 3 SYSTEMPATH\CodeIgniter.php(354): CodeIgniter\CodeIgniter->handleRequest(null, Object(Config\Cache), false)
 4 SYSTEMPATH\Boot.php(334): CodeIgniter\CodeIgniter->run()
 5 SYSTEMPATH\Boot.php(67): CodeIgniter\Boot::runCodeIgniter(Object(CodeIgniter\CodeIgniter))
 6 FCPATH\index.php(56): CodeIgniter\Boot::bootWeb(Object(Config\Paths))
DEBUG - 2025-03-14 18:16:11 --> Session: Class initialized using 'CodeIgniter\Session\Handlers\FileHandler' driver.
WARNING - 2025-03-14 18:16:33 --> [DEPRECATED] Creation of dynamic property App\Controllers\Wilayah::$ModelWilayah is deprecated in APPPATH\Controllers\Wilayah.php on line 16.
 1 SYSTEMPATH\CodeIgniter.php(903): App\Controllers\Wilayah->__construct()
 2 SYSTEMPATH\CodeIgniter.php(498): CodeIgniter\CodeIgniter->createController()
 3 SYSTEMPATH\CodeIgniter.php(354): CodeIgniter\CodeIgniter->handleRequest(null, Object(Config\Cache), false)
 4 SYSTEMPATH\Boot.php(334): CodeIgniter\CodeIgniter->run()
 5 SYSTEMPATH\Boot.php(67): CodeIgniter\Boot::runCodeIgniter(Object(CodeIgniter\CodeIgniter))
 6 FCPATH\index.php(56): CodeIgniter\Boot::bootWeb(Object(Config\Paths))
WARNING - 2025-03-14 18:16:33 --> [DEPRECATED] Creation of dynamic property App\Controllers\Wilayah::$ModelSetting is deprecated in APPPATH\Controllers\Wilayah.php on line 17.
 1 SYSTEMPATH\CodeIgniter.php(903): App\Controllers\Wilayah->__construct()
 2 SYSTEMPATH\CodeIgniter.php(498): CodeIgniter\CodeIgniter->createController()
 3 SYSTEMPATH\CodeIgniter.php(354): CodeIgniter\CodeIgniter->handleRequest(null, Object(Config\Cache), false)
 4 SYSTEMPATH\Boot.php(334): CodeIgniter\CodeIgniter->run()
 5 SYSTEMPATH\Boot.php(67): CodeIgniter\Boot::runCodeIgniter(Object(CodeIgniter\CodeIgniter))
 6 FCPATH\index.php(56): CodeIgniter\Boot::bootWeb(Object(Config\Paths))
ERROR - 2025-03-14 18:16:33 --> mysqli_sql_exception: Unknown column 'id_wilayah9' in 'where clause' in C:\laragon\www\gis-sekolah-ci4\system\Database\MySQLi\Connection.php:327
Stack trace:
#0 C:\laragon\www\gis-sekolah-ci4\system\Database\MySQLi\Connection.php(327): mysqli->query('SELECT *\nFROM `...', 0)
#1 C:\laragon\www\gis-sekolah-ci4\system\Database\BaseConnection.php(738): CodeIgniter\Database\MySQLi\Connection->execute('SELECT *\nFROM `...')
#2 C:\laragon\www\gis-sekolah-ci4\system\Database\BaseConnection.php(652): CodeIgniter\Database\BaseConnection->simpleQuery('SELECT *\nFROM `...')
#3 C:\laragon\www\gis-sekolah-ci4\system\Database\BaseBuilder.php(1649): CodeIgniter\Database\BaseConnection->query('SELECT *\nFROM `...', Array, false)
#4 C:\laragon\www\gis-sekolah-ci4\app\Models\ModelWilayah.php(24): CodeIgniter\Database\BaseBuilder->get()
#5 C:\laragon\www\gis-sekolah-ci4\app\Controllers\Wilayah.php(87): App\Models\ModelWilayah->DetailData('9')
#6 C:\laragon\www\gis-sekolah-ci4\system\CodeIgniter.php(933): App\Controllers\Wilayah->Edit('9')
#7 C:\laragon\www\gis-sekolah-ci4\system\CodeIgniter.php(507): CodeIgniter\CodeIgniter->runController(Object(App\Controllers\Wilayah))
#8 C:\laragon\www\gis-sekolah-ci4\system\CodeIgniter.php(354): CodeIgniter\CodeIgniter->handleRequest(NULL, Object(Config\Cache), false)
#9 C:\laragon\www\gis-sekolah-ci4\system\Boot.php(334): CodeIgniter\CodeIgniter->run()
#10 C:\laragon\www\gis-sekolah-ci4\system\Boot.php(67): CodeIgniter\Boot::runCodeIgniter(Object(CodeIgniter\CodeIgniter))
#11 C:\laragon\www\gis-sekolah-ci4\public\index.php(56): CodeIgniter\Boot::bootWeb(Object(Config\Paths))
#12 {main}
CRITICAL - 2025-03-14 18:16:33 --> CodeIgniter\Database\Exceptions\DatabaseException: Unknown column 'id_wilayah9' in 'where clause'
[Method: GET, Route: Wilayah/Edit/9]
in SYSTEMPATH\Database\BaseConnection.php on line 692.
 1 SYSTEMPATH\Database\BaseBuilder.php(1649): CodeIgniter\Database\BaseConnection->query('SELECT *
FROM `tbl_wilayah`
WHERE `id_wilayah9` IS NULL', [], false)
 2 APPPATH\Models\ModelWilayah.php(24): CodeIgniter\Database\BaseBuilder->get()
 3 APPPATH\Controllers\Wilayah.php(87): App\Models\ModelWilayah->DetailData('9')
 4 SYSTEMPATH\CodeIgniter.php(933): App\Controllers\Wilayah->Edit('9')
 5 SYSTEMPATH\CodeIgniter.php(507): CodeIgniter\CodeIgniter->runController(Object(App\Controllers\Wilayah))
 6 SYSTEMPATH\CodeIgniter.php(354): CodeIgniter\CodeIgniter->handleRequest(null, Object(Config\Cache), false)
 7 SYSTEMPATH\Boot.php(334): CodeIgniter\CodeIgniter->run()
 8 SYSTEMPATH\Boot.php(67): CodeIgniter\Boot::runCodeIgniter(Object(CodeIgniter\CodeIgniter))
 9 FCPATH\index.php(56): CodeIgniter\Boot::bootWeb(Object(Config\Paths))
CRITICAL - 2025-03-14 18:16:33 --> [Caused by] CodeIgniter\Database\Exceptions\DatabaseException: Unknown column 'id_wilayah9' in 'where clause'
in SYSTEMPATH\Database\MySQLi\Connection.php on line 332.
 1 SYSTEMPATH\Database\BaseConnection.php(738): CodeIgniter\Database\MySQLi\Connection->execute('SELECT *
FROM `tbl_wilayah`
WHERE `id_wilayah9` IS NULL')
 2 SYSTEMPATH\Database\BaseConnection.php(652): CodeIgniter\Database\BaseConnection->simpleQuery('SELECT *
FROM `tbl_wilayah`
WHERE `id_wilayah9` IS NULL')
 3 SYSTEMPATH\Database\BaseBuilder.php(1649): CodeIgniter\Database\BaseConnection->query('SELECT *
FROM `tbl_wilayah`
WHERE `id_wilayah9` IS NULL', [], false)
 4 APPPATH\Models\ModelWilayah.php(24): CodeIgniter\Database\BaseBuilder->get()
 5 APPPATH\Controllers\Wilayah.php(87): App\Models\ModelWilayah->DetailData('9')
 6 SYSTEMPATH\CodeIgniter.php(933): App\Controllers\Wilayah->Edit('9')
 7 SYSTEMPATH\CodeIgniter.php(507): CodeIgniter\CodeIgniter->runController(Object(App\Controllers\Wilayah))
 8 SYSTEMPATH\CodeIgniter.php(354): CodeIgniter\CodeIgniter->handleRequest(null, Object(Config\Cache), false)
 9 SYSTEMPATH\Boot.php(334): CodeIgniter\CodeIgniter->run()
10 SYSTEMPATH\Boot.php(67): CodeIgniter\Boot::runCodeIgniter(Object(CodeIgniter\CodeIgniter))
11 FCPATH\index.php(56): CodeIgniter\Boot::bootWeb(Object(Config\Paths))
CRITICAL - 2025-03-14 18:16:33 --> [Caused by] mysqli_sql_exception: Unknown column 'id_wilayah9' in 'where clause'
in SYSTEMPATH\Database\MySQLi\Connection.php on line 327.
 1 SYSTEMPATH\Database\MySQLi\Connection.php(327): mysqli->query('SELECT *
FROM `tbl_wilayah`
WHERE `id_wilayah9` IS NULL', 0)
 2 SYSTEMPATH\Database\BaseConnection.php(738): CodeIgniter\Database\MySQLi\Connection->execute('SELECT *
FROM `tbl_wilayah`
WHERE `id_wilayah9` IS NULL')
 3 SYSTEMPATH\Database\BaseConnection.php(652): CodeIgniter\Database\BaseConnection->simpleQuery('SELECT *
FROM `tbl_wilayah`
WHERE `id_wilayah9` IS NULL')
 4 SYSTEMPATH\Database\BaseBuilder.php(1649): CodeIgniter\Database\BaseConnection->query('SELECT *
FROM `tbl_wilayah`
WHERE `id_wilayah9` IS NULL', [], false)
 5 APPPATH\Models\ModelWilayah.php(24): CodeIgniter\Database\BaseBuilder->get()
 6 APPPATH\Controllers\Wilayah.php(87): App\Models\ModelWilayah->DetailData('9')
 7 SYSTEMPATH\CodeIgniter.php(933): App\Controllers\Wilayah->Edit('9')
 8 SYSTEMPATH\CodeIgniter.php(507): CodeIgniter\CodeIgniter->runController(Object(App\Controllers\Wilayah))
 9 SYSTEMPATH\CodeIgniter.php(354): CodeIgniter\CodeIgniter->handleRequest(null, Object(Config\Cache), false)
10 SYSTEMPATH\Boot.php(334): CodeIgniter\CodeIgniter->run()
11 SYSTEMPATH\Boot.php(67): CodeIgniter\Boot::runCodeIgniter(Object(CodeIgniter\CodeIgniter))
12 FCPATH\index.php(56): CodeIgniter\Boot::bootWeb(Object(Config\Paths))
WARNING - 2025-03-14 18:16:38 --> [DEPRECATED] Creation of dynamic property App\Controllers\Wilayah::$ModelWilayah is deprecated in APPPATH\Controllers\Wilayah.php on line 16.
 1 SYSTEMPATH\CodeIgniter.php(903): App\Controllers\Wilayah->__construct()
 2 SYSTEMPATH\CodeIgniter.php(498): CodeIgniter\CodeIgniter->createController()
 3 SYSTEMPATH\CodeIgniter.php(354): CodeIgniter\CodeIgniter->handleRequest(null, Object(Config\Cache), false)
 4 SYSTEMPATH\Boot.php(334): CodeIgniter\CodeIgniter->run()
 5 SYSTEMPATH\Boot.php(67): CodeIgniter\Boot::runCodeIgniter(Object(CodeIgniter\CodeIgniter))
 6 FCPATH\index.php(56): CodeIgniter\Boot::bootWeb(Object(Config\Paths))
WARNING - 2025-03-14 18:16:38 --> [DEPRECATED] Creation of dynamic property App\Controllers\Wilayah::$ModelSetting is deprecated in APPPATH\Controllers\Wilayah.php on line 17.
 1 SYSTEMPATH\CodeIgniter.php(903): App\Controllers\Wilayah->__construct()
 2 SYSTEMPATH\CodeIgniter.php(498): CodeIgniter\CodeIgniter->createController()
 3 SYSTEMPATH\CodeIgniter.php(354): CodeIgniter\CodeIgniter->handleRequest(null, Object(Config\Cache), false)
 4 SYSTEMPATH\Boot.php(334): CodeIgniter\CodeIgniter->run()
 5 SYSTEMPATH\Boot.php(67): CodeIgniter\Boot::runCodeIgniter(Object(CodeIgniter\CodeIgniter))
 6 FCPATH\index.php(56): CodeIgniter\Boot::bootWeb(Object(Config\Paths))
DEBUG - 2025-03-14 18:16:38 --> Session: Class initialized using 'CodeIgniter\Session\Handlers\FileHandler' driver.
WARNING - 2025-03-14 18:17:36 --> [DEPRECATED] Creation of dynamic property App\Controllers\Wilayah::$ModelWilayah is deprecated in APPPATH\Controllers\Wilayah.php on line 16.
 1 SYSTEMPATH\CodeIgniter.php(903): App\Controllers\Wilayah->__construct()
 2 SYSTEMPATH\CodeIgniter.php(498): CodeIgniter\CodeIgniter->createController()
 3 SYSTEMPATH\CodeIgniter.php(354): CodeIgniter\CodeIgniter->handleRequest(null, Object(Config\Cache), false)
 4 SYSTEMPATH\Boot.php(334): CodeIgniter\CodeIgniter->run()
 5 SYSTEMPATH\Boot.php(67): CodeIgniter\Boot::runCodeIgniter(Object(CodeIgniter\CodeIgniter))
 6 FCPATH\index.php(56): CodeIgniter\Boot::bootWeb(Object(Config\Paths))
WARNING - 2025-03-14 18:17:36 --> [DEPRECATED] Creation of dynamic property App\Controllers\Wilayah::$ModelSetting is deprecated in APPPATH\Controllers\Wilayah.php on line 17.
 1 SYSTEMPATH\CodeIgniter.php(903): App\Controllers\Wilayah->__construct()
 2 SYSTEMPATH\CodeIgniter.php(498): CodeIgniter\CodeIgniter->createController()
 3 SYSTEMPATH\CodeIgniter.php(354): CodeIgniter\CodeIgniter->handleRequest(null, Object(Config\Cache), false)
 4 SYSTEMPATH\Boot.php(334): CodeIgniter\CodeIgniter->run()
 5 SYSTEMPATH\Boot.php(67): CodeIgniter\Boot::runCodeIgniter(Object(CodeIgniter\CodeIgniter))
 6 FCPATH\index.php(56): CodeIgniter\Boot::bootWeb(Object(Config\Paths))
ERROR - 2025-03-14 18:17:36 --> mysqli_sql_exception: Unknown column 'id_wilayah9' in 'where clause' in C:\laragon\www\gis-sekolah-ci4\system\Database\MySQLi\Connection.php:327
Stack trace:
#0 C:\laragon\www\gis-sekolah-ci4\system\Database\MySQLi\Connection.php(327): mysqli->query('SELECT *\nFROM `...', 0)
#1 C:\laragon\www\gis-sekolah-ci4\system\Database\BaseConnection.php(738): CodeIgniter\Database\MySQLi\Connection->execute('SELECT *\nFROM `...')
#2 C:\laragon\www\gis-sekolah-ci4\system\Database\BaseConnection.php(652): CodeIgniter\Database\BaseConnection->simpleQuery('SELECT *\nFROM `...')
#3 C:\laragon\www\gis-sekolah-ci4\system\Database\BaseBuilder.php(1649): CodeIgniter\Database\BaseConnection->query('SELECT *\nFROM `...', Array, false)
#4 C:\laragon\www\gis-sekolah-ci4\app\Models\ModelWilayah.php(24): CodeIgniter\Database\BaseBuilder->get()
#5 C:\laragon\www\gis-sekolah-ci4\app\Controllers\Wilayah.php(87): App\Models\ModelWilayah->DetailData('9')
#6 C:\laragon\www\gis-sekolah-ci4\system\CodeIgniter.php(933): App\Controllers\Wilayah->Edit('9')
#7 C:\laragon\www\gis-sekolah-ci4\system\CodeIgniter.php(507): CodeIgniter\CodeIgniter->runController(Object(App\Controllers\Wilayah))
#8 C:\laragon\www\gis-sekolah-ci4\system\CodeIgniter.php(354): CodeIgniter\CodeIgniter->handleRequest(NULL, Object(Config\Cache), false)
#9 C:\laragon\www\gis-sekolah-ci4\system\Boot.php(334): CodeIgniter\CodeIgniter->run()
#10 C:\laragon\www\gis-sekolah-ci4\system\Boot.php(67): CodeIgniter\Boot::runCodeIgniter(Object(CodeIgniter\CodeIgniter))
#11 C:\laragon\www\gis-sekolah-ci4\public\index.php(56): CodeIgniter\Boot::bootWeb(Object(Config\Paths))
#12 {main}
CRITICAL - 2025-03-14 18:17:36 --> CodeIgniter\Database\Exceptions\DatabaseException: Unknown column 'id_wilayah9' in 'where clause'
[Method: GET, Route: Wilayah/Edit/9]
in SYSTEMPATH\Database\BaseConnection.php on line 692.
 1 SYSTEMPATH\Database\BaseBuilder.php(1649): CodeIgniter\Database\BaseConnection->query('SELECT *
FROM `tbl_wilayah`
WHERE `id_wilayah9` IS NULL', [], false)
 2 APPPATH\Models\ModelWilayah.php(24): CodeIgniter\Database\BaseBuilder->get()
 3 APPPATH\Controllers\Wilayah.php(87): App\Models\ModelWilayah->DetailData('9')
 4 SYSTEMPATH\CodeIgniter.php(933): App\Controllers\Wilayah->Edit('9')
 5 SYSTEMPATH\CodeIgniter.php(507): CodeIgniter\CodeIgniter->runController(Object(App\Controllers\Wilayah))
 6 SYSTEMPATH\CodeIgniter.php(354): CodeIgniter\CodeIgniter->handleRequest(null, Object(Config\Cache), false)
 7 SYSTEMPATH\Boot.php(334): CodeIgniter\CodeIgniter->run()
 8 SYSTEMPATH\Boot.php(67): CodeIgniter\Boot::runCodeIgniter(Object(CodeIgniter\CodeIgniter))
 9 FCPATH\index.php(56): CodeIgniter\Boot::bootWeb(Object(Config\Paths))
CRITICAL - 2025-03-14 18:17:36 --> [Caused by] CodeIgniter\Database\Exceptions\DatabaseException: Unknown column 'id_wilayah9' in 'where clause'
in SYSTEMPATH\Database\MySQLi\Connection.php on line 332.
 1 SYSTEMPATH\Database\BaseConnection.php(738): CodeIgniter\Database\MySQLi\Connection->execute('SELECT *
FROM `tbl_wilayah`
WHERE `id_wilayah9` IS NULL')
 2 SYSTEMPATH\Database\BaseConnection.php(652): CodeIgniter\Database\BaseConnection->simpleQuery('SELECT *
FROM `tbl_wilayah`
WHERE `id_wilayah9` IS NULL')
 3 SYSTEMPATH\Database\BaseBuilder.php(1649): CodeIgniter\Database\BaseConnection->query('SELECT *
FROM `tbl_wilayah`
WHERE `id_wilayah9` IS NULL', [], false)
 4 APPPATH\Models\ModelWilayah.php(24): CodeIgniter\Database\BaseBuilder->get()
 5 APPPATH\Controllers\Wilayah.php(87): App\Models\ModelWilayah->DetailData('9')
 6 SYSTEMPATH\CodeIgniter.php(933): App\Controllers\Wilayah->Edit('9')
 7 SYSTEMPATH\CodeIgniter.php(507): CodeIgniter\CodeIgniter->runController(Object(App\Controllers\Wilayah))
 8 SYSTEMPATH\CodeIgniter.php(354): CodeIgniter\CodeIgniter->handleRequest(null, Object(Config\Cache), false)
 9 SYSTEMPATH\Boot.php(334): CodeIgniter\CodeIgniter->run()
10 SYSTEMPATH\Boot.php(67): CodeIgniter\Boot::runCodeIgniter(Object(CodeIgniter\CodeIgniter))
11 FCPATH\index.php(56): CodeIgniter\Boot::bootWeb(Object(Config\Paths))
CRITICAL - 2025-03-14 18:17:36 --> [Caused by] mysqli_sql_exception: Unknown column 'id_wilayah9' in 'where clause'
in SYSTEMPATH\Database\MySQLi\Connection.php on line 327.
 1 SYSTEMPATH\Database\MySQLi\Connection.php(327): mysqli->query('SELECT *
FROM `tbl_wilayah`
WHERE `id_wilayah9` IS NULL', 0)
 2 SYSTEMPATH\Database\BaseConnection.php(738): CodeIgniter\Database\MySQLi\Connection->execute('SELECT *
FROM `tbl_wilayah`
WHERE `id_wilayah9` IS NULL')
 3 SYSTEMPATH\Database\BaseConnection.php(652): CodeIgniter\Database\BaseConnection->simpleQuery('SELECT *
FROM `tbl_wilayah`
WHERE `id_wilayah9` IS NULL')
 4 SYSTEMPATH\Database\BaseBuilder.php(1649): CodeIgniter\Database\BaseConnection->query('SELECT *
FROM `tbl_wilayah`
WHERE `id_wilayah9` IS NULL', [], false)
 5 APPPATH\Models\ModelWilayah.php(24): CodeIgniter\Database\BaseBuilder->get()
 6 APPPATH\Controllers\Wilayah.php(87): App\Models\ModelWilayah->DetailData('9')
 7 SYSTEMPATH\CodeIgniter.php(933): App\Controllers\Wilayah->Edit('9')
 8 SYSTEMPATH\CodeIgniter.php(507): CodeIgniter\CodeIgniter->runController(Object(App\Controllers\Wilayah))
 9 SYSTEMPATH\CodeIgniter.php(354): CodeIgniter\CodeIgniter->handleRequest(null, Object(Config\Cache), false)
10 SYSTEMPATH\Boot.php(334): CodeIgniter\CodeIgniter->run()
11 SYSTEMPATH\Boot.php(67): CodeIgniter\Boot::runCodeIgniter(Object(CodeIgniter\CodeIgniter))
12 FCPATH\index.php(56): CodeIgniter\Boot::bootWeb(Object(Config\Paths))
WARNING - 2025-03-14 18:26:55 --> [DEPRECATED] Creation of dynamic property App\Controllers\Wilayah::$ModelWilayah is deprecated in APPPATH\Controllers\Wilayah.php on line 16.
 1 SYSTEMPATH\CodeIgniter.php(903): App\Controllers\Wilayah->__construct()
 2 SYSTEMPATH\CodeIgniter.php(498): CodeIgniter\CodeIgniter->createController()
 3 SYSTEMPATH\CodeIgniter.php(354): CodeIgniter\CodeIgniter->handleRequest(null, Object(Config\Cache), false)
 4 SYSTEMPATH\Boot.php(334): CodeIgniter\CodeIgniter->run()
 5 SYSTEMPATH\Boot.php(67): CodeIgniter\Boot::runCodeIgniter(Object(CodeIgniter\CodeIgniter))
 6 FCPATH\index.php(56): CodeIgniter\Boot::bootWeb(Object(Config\Paths))
WARNING - 2025-03-14 18:26:55 --> [DEPRECATED] Creation of dynamic property App\Controllers\Wilayah::$ModelSetting is deprecated in APPPATH\Controllers\Wilayah.php on line 17.
 1 SYSTEMPATH\CodeIgniter.php(903): App\Controllers\Wilayah->__construct()
 2 SYSTEMPATH\CodeIgniter.php(498): CodeIgniter\CodeIgniter->createController()
 3 SYSTEMPATH\CodeIgniter.php(354): CodeIgniter\CodeIgniter->handleRequest(null, Object(Config\Cache), false)
 4 SYSTEMPATH\Boot.php(334): CodeIgniter\CodeIgniter->run()
 5 SYSTEMPATH\Boot.php(67): CodeIgniter\Boot::runCodeIgniter(Object(CodeIgniter\CodeIgniter))
 6 FCPATH\index.php(56): CodeIgniter\Boot::bootWeb(Object(Config\Paths))
ERROR - 2025-03-14 18:26:56 --> mysqli_sql_exception: Unknown column 'id_wilayah9' in 'where clause' in C:\laragon\www\gis-sekolah-ci4\system\Database\MySQLi\Connection.php:327
Stack trace:
#0 C:\laragon\www\gis-sekolah-ci4\system\Database\MySQLi\Connection.php(327): mysqli->query('SELECT *\nFROM `...', 0)
#1 C:\laragon\www\gis-sekolah-ci4\system\Database\BaseConnection.php(738): CodeIgniter\Database\MySQLi\Connection->execute('SELECT *\nFROM `...')
#2 C:\laragon\www\gis-sekolah-ci4\system\Database\BaseConnection.php(652): CodeIgniter\Database\BaseConnection->simpleQuery('SELECT *\nFROM `...')
#3 C:\laragon\www\gis-sekolah-ci4\system\Database\BaseBuilder.php(1649): CodeIgniter\Database\BaseConnection->query('SELECT *\nFROM `...', Array, false)
#4 C:\laragon\www\gis-sekolah-ci4\app\Models\ModelWilayah.php(24): CodeIgniter\Database\BaseBuilder->get()
#5 C:\laragon\www\gis-sekolah-ci4\app\Controllers\Wilayah.php(87): App\Models\ModelWilayah->DetailData('9')
#6 C:\laragon\www\gis-sekolah-ci4\system\CodeIgniter.php(933): App\Controllers\Wilayah->Edit('9')
#7 C:\laragon\www\gis-sekolah-ci4\system\CodeIgniter.php(507): CodeIgniter\CodeIgniter->runController(Object(App\Controllers\Wilayah))
#8 C:\laragon\www\gis-sekolah-ci4\system\CodeIgniter.php(354): CodeIgniter\CodeIgniter->handleRequest(NULL, Object(Config\Cache), false)
#9 C:\laragon\www\gis-sekolah-ci4\system\Boot.php(334): CodeIgniter\CodeIgniter->run()
#10 C:\laragon\www\gis-sekolah-ci4\system\Boot.php(67): CodeIgniter\Boot::runCodeIgniter(Object(CodeIgniter\CodeIgniter))
#11 C:\laragon\www\gis-sekolah-ci4\public\index.php(56): CodeIgniter\Boot::bootWeb(Object(Config\Paths))
#12 {main}
CRITICAL - 2025-03-14 18:26:56 --> CodeIgniter\Database\Exceptions\DatabaseException: Unknown column 'id_wilayah9' in 'where clause'
[Method: GET, Route: Wilayah/Edit/9]
in SYSTEMPATH\Database\BaseConnection.php on line 692.
 1 SYSTEMPATH\Database\BaseBuilder.php(1649): CodeIgniter\Database\BaseConnection->query('SELECT *
FROM `tbl_wilayah`
WHERE `id_wilayah9` IS NULL', [], false)
 2 APPPATH\Models\ModelWilayah.php(24): CodeIgniter\Database\BaseBuilder->get()
 3 APPPATH\Controllers\Wilayah.php(87): App\Models\ModelWilayah->DetailData('9')
 4 SYSTEMPATH\CodeIgniter.php(933): App\Controllers\Wilayah->Edit('9')
 5 SYSTEMPATH\CodeIgniter.php(507): CodeIgniter\CodeIgniter->runController(Object(App\Controllers\Wilayah))
 6 SYSTEMPATH\CodeIgniter.php(354): CodeIgniter\CodeIgniter->handleRequest(null, Object(Config\Cache), false)
 7 SYSTEMPATH\Boot.php(334): CodeIgniter\CodeIgniter->run()
 8 SYSTEMPATH\Boot.php(67): CodeIgniter\Boot::runCodeIgniter(Object(CodeIgniter\CodeIgniter))
 9 FCPATH\index.php(56): CodeIgniter\Boot::bootWeb(Object(Config\Paths))
CRITICAL - 2025-03-14 18:26:56 --> [Caused by] CodeIgniter\Database\Exceptions\DatabaseException: Unknown column 'id_wilayah9' in 'where clause'
in SYSTEMPATH\Database\MySQLi\Connection.php on line 332.
 1 SYSTEMPATH\Database\BaseConnection.php(738): CodeIgniter\Database\MySQLi\Connection->execute('SELECT *
FROM `tbl_wilayah`
WHERE `id_wilayah9` IS NULL')
 2 SYSTEMPATH\Database\BaseConnection.php(652): CodeIgniter\Database\BaseConnection->simpleQuery('SELECT *
FROM `tbl_wilayah`
WHERE `id_wilayah9` IS NULL')
 3 SYSTEMPATH\Database\BaseBuilder.php(1649): CodeIgniter\Database\BaseConnection->query('SELECT *
FROM `tbl_wilayah`
WHERE `id_wilayah9` IS NULL', [], false)
 4 APPPATH\Models\ModelWilayah.php(24): CodeIgniter\Database\BaseBuilder->get()
 5 APPPATH\Controllers\Wilayah.php(87): App\Models\ModelWilayah->DetailData('9')
 6 SYSTEMPATH\CodeIgniter.php(933): App\Controllers\Wilayah->Edit('9')
 7 SYSTEMPATH\CodeIgniter.php(507): CodeIgniter\CodeIgniter->runController(Object(App\Controllers\Wilayah))
 8 SYSTEMPATH\CodeIgniter.php(354): CodeIgniter\CodeIgniter->handleRequest(null, Object(Config\Cache), false)
 9 SYSTEMPATH\Boot.php(334): CodeIgniter\CodeIgniter->run()
10 SYSTEMPATH\Boot.php(67): CodeIgniter\Boot::runCodeIgniter(Object(CodeIgniter\CodeIgniter))
11 FCPATH\index.php(56): CodeIgniter\Boot::bootWeb(Object(Config\Paths))
CRITICAL - 2025-03-14 18:26:56 --> [Caused by] mysqli_sql_exception: Unknown column 'id_wilayah9' in 'where clause'
in SYSTEMPATH\Database\MySQLi\Connection.php on line 327.
 1 SYSTEMPATH\Database\MySQLi\Connection.php(327): mysqli->query('SELECT *
FROM `tbl_wilayah`
WHERE `id_wilayah9` IS NULL', 0)
 2 SYSTEMPATH\Database\BaseConnection.php(738): CodeIgniter\Database\MySQLi\Connection->execute('SELECT *
FROM `tbl_wilayah`
WHERE `id_wilayah9` IS NULL')
 3 SYSTEMPATH\Database\BaseConnection.php(652): CodeIgniter\Database\BaseConnection->simpleQuery('SELECT *
FROM `tbl_wilayah`
WHERE `id_wilayah9` IS NULL')
 4 SYSTEMPATH\Database\BaseBuilder.php(1649): CodeIgniter\Database\BaseConnection->query('SELECT *
FROM `tbl_wilayah`
WHERE `id_wilayah9` IS NULL', [], false)
 5 APPPATH\Models\ModelWilayah.php(24): CodeIgniter\Database\BaseBuilder->get()
 6 APPPATH\Controllers\Wilayah.php(87): App\Models\ModelWilayah->DetailData('9')
 7 SYSTEMPATH\CodeIgniter.php(933): App\Controllers\Wilayah->Edit('9')
 8 SYSTEMPATH\CodeIgniter.php(507): CodeIgniter\CodeIgniter->runController(Object(App\Controllers\Wilayah))
 9 SYSTEMPATH\CodeIgniter.php(354): CodeIgniter\CodeIgniter->handleRequest(null, Object(Config\Cache), false)
10 SYSTEMPATH\Boot.php(334): CodeIgniter\CodeIgniter->run()
11 SYSTEMPATH\Boot.php(67): CodeIgniter\Boot::runCodeIgniter(Object(CodeIgniter\CodeIgniter))
12 FCPATH\index.php(56): CodeIgniter\Boot::bootWeb(Object(Config\Paths))
WARNING - 2025-03-14 18:30:38 --> [DEPRECATED] Creation of dynamic property App\Controllers\Wilayah::$ModelWilayah is deprecated in APPPATH\Controllers\Wilayah.php on line 16.
 1 SYSTEMPATH\CodeIgniter.php(903): App\Controllers\Wilayah->__construct()
 2 SYSTEMPATH\CodeIgniter.php(498): CodeIgniter\CodeIgniter->createController()
 3 SYSTEMPATH\CodeIgniter.php(354): CodeIgniter\CodeIgniter->handleRequest(null, Object(Config\Cache), false)
 4 SYSTEMPATH\Boot.php(334): CodeIgniter\CodeIgniter->run()
 5 SYSTEMPATH\Boot.php(67): CodeIgniter\Boot::runCodeIgniter(Object(CodeIgniter\CodeIgniter))
 6 FCPATH\index.php(56): CodeIgniter\Boot::bootWeb(Object(Config\Paths))
WARNING - 2025-03-14 18:30:38 --> [DEPRECATED] Creation of dynamic property App\Controllers\Wilayah::$ModelSetting is deprecated in APPPATH\Controllers\Wilayah.php on line 17.
 1 SYSTEMPATH\CodeIgniter.php(903): App\Controllers\Wilayah->__construct()
 2 SYSTEMPATH\CodeIgniter.php(498): CodeIgniter\CodeIgniter->createController()
 3 SYSTEMPATH\CodeIgniter.php(354): CodeIgniter\CodeIgniter->handleRequest(null, Object(Config\Cache), false)
 4 SYSTEMPATH\Boot.php(334): CodeIgniter\CodeIgniter->run()
 5 SYSTEMPATH\Boot.php(67): CodeIgniter\Boot::runCodeIgniter(Object(CodeIgniter\CodeIgniter))
 6 FCPATH\index.php(56): CodeIgniter\Boot::bootWeb(Object(Config\Paths))
DEBUG - 2025-03-14 18:30:39 --> Session: Class initialized using 'CodeIgniter\Session\Handlers\FileHandler' driver.
WARNING - 2025-03-14 18:30:48 --> [DEPRECATED] Creation of dynamic property App\Controllers\Wilayah::$ModelWilayah is deprecated in APPPATH\Controllers\Wilayah.php on line 16.
 1 SYSTEMPATH\CodeIgniter.php(903): App\Controllers\Wilayah->__construct()
 2 SYSTEMPATH\CodeIgniter.php(498): CodeIgniter\CodeIgniter->createController()
 3 SYSTEMPATH\CodeIgniter.php(354): CodeIgniter\CodeIgniter->handleRequest(null, Object(Config\Cache), false)
 4 SYSTEMPATH\Boot.php(334): CodeIgniter\CodeIgniter->run()
 5 SYSTEMPATH\Boot.php(67): CodeIgniter\Boot::runCodeIgniter(Object(CodeIgniter\CodeIgniter))
 6 FCPATH\index.php(56): CodeIgniter\Boot::bootWeb(Object(Config\Paths))
WARNING - 2025-03-14 18:30:48 --> [DEPRECATED] Creation of dynamic property App\Controllers\Wilayah::$ModelSetting is deprecated in APPPATH\Controllers\Wilayah.php on line 17.
 1 SYSTEMPATH\CodeIgniter.php(903): App\Controllers\Wilayah->__construct()
 2 SYSTEMPATH\CodeIgniter.php(498): CodeIgniter\CodeIgniter->createController()
 3 SYSTEMPATH\CodeIgniter.php(354): CodeIgniter\CodeIgniter->handleRequest(null, Object(Config\Cache), false)
 4 SYSTEMPATH\Boot.php(334): CodeIgniter\CodeIgniter->run()
 5 SYSTEMPATH\Boot.php(67): CodeIgniter\Boot::runCodeIgniter(Object(CodeIgniter\CodeIgniter))
 6 FCPATH\index.php(56): CodeIgniter\Boot::bootWeb(Object(Config\Paths))
DEBUG - 2025-03-14 18:30:48 --> Session: Class initialized using 'CodeIgniter\Session\Handlers\FileHandler' driver.
WARNING - 2025-03-14 18:35:40 --> [DEPRECATED] Creation of dynamic property App\Controllers\Wilayah::$ModelWilayah is deprecated in APPPATH\Controllers\Wilayah.php on line 16.
 1 SYSTEMPATH\CodeIgniter.php(903): App\Controllers\Wilayah->__construct()
 2 SYSTEMPATH\CodeIgniter.php(498): CodeIgniter\CodeIgniter->createController()
 3 SYSTEMPATH\CodeIgniter.php(354): CodeIgniter\CodeIgniter->handleRequest(null, Object(Config\Cache), false)
 4 SYSTEMPATH\Boot.php(334): CodeIgniter\CodeIgniter->run()
 5 SYSTEMPATH\Boot.php(67): CodeIgniter\Boot::runCodeIgniter(Object(CodeIgniter\CodeIgniter))
 6 FCPATH\index.php(56): CodeIgniter\Boot::bootWeb(Object(Config\Paths))
WARNING - 2025-03-14 18:35:40 --> [DEPRECATED] Creation of dynamic property App\Controllers\Wilayah::$ModelSetting is deprecated in APPPATH\Controllers\Wilayah.php on line 17.
 1 SYSTEMPATH\CodeIgniter.php(903): App\Controllers\Wilayah->__construct()
 2 SYSTEMPATH\CodeIgniter.php(498): CodeIgniter\CodeIgniter->createController()
 3 SYSTEMPATH\CodeIgniter.php(354): CodeIgniter\CodeIgniter->handleRequest(null, Object(Config\Cache), false)
 4 SYSTEMPATH\Boot.php(334): CodeIgniter\CodeIgniter->run()
 5 SYSTEMPATH\Boot.php(67): CodeIgniter\Boot::runCodeIgniter(Object(CodeIgniter\CodeIgniter))
 6 FCPATH\index.php(56): CodeIgniter\Boot::bootWeb(Object(Config\Paths))
DEBUG - 2025-03-14 18:35:40 --> Session: Class initialized using 'CodeIgniter\Session\Handlers\FileHandler' driver.
WARNING - 2025-03-14 18:36:44 --> [DEPRECATED] Creation of dynamic property App\Controllers\Wilayah::$ModelWilayah is deprecated in APPPATH\Controllers\Wilayah.php on line 16.
 1 SYSTEMPATH\CodeIgniter.php(903): App\Controllers\Wilayah->__construct()
 2 SYSTEMPATH\CodeIgniter.php(498): CodeIgniter\CodeIgniter->createController()
 3 SYSTEMPATH\CodeIgniter.php(354): CodeIgniter\CodeIgniter->handleRequest(null, Object(Config\Cache), false)
 4 SYSTEMPATH\Boot.php(334): CodeIgniter\CodeIgniter->run()
 5 SYSTEMPATH\Boot.php(67): CodeIgniter\Boot::runCodeIgniter(Object(CodeIgniter\CodeIgniter))
 6 FCPATH\index.php(56): CodeIgniter\Boot::bootWeb(Object(Config\Paths))
WARNING - 2025-03-14 18:36:44 --> [DEPRECATED] Creation of dynamic property App\Controllers\Wilayah::$ModelSetting is deprecated in APPPATH\Controllers\Wilayah.php on line 17.
 1 SYSTEMPATH\CodeIgniter.php(903): App\Controllers\Wilayah->__construct()
 2 SYSTEMPATH\CodeIgniter.php(498): CodeIgniter\CodeIgniter->createController()
 3 SYSTEMPATH\CodeIgniter.php(354): CodeIgniter\CodeIgniter->handleRequest(null, Object(Config\Cache), false)
 4 SYSTEMPATH\Boot.php(334): CodeIgniter\CodeIgniter->run()
 5 SYSTEMPATH\Boot.php(67): CodeIgniter\Boot::runCodeIgniter(Object(CodeIgniter\CodeIgniter))
 6 FCPATH\index.php(56): CodeIgniter\Boot::bootWeb(Object(Config\Paths))
ERROR - 2025-03-14 18:36:44 --> mysqli_sql_exception: Unknown column 'id_wilayah10' in 'where clause' in C:\laragon\www\gis-sekolah-ci4\system\Database\MySQLi\Connection.php:327
Stack trace:
#0 C:\laragon\www\gis-sekolah-ci4\system\Database\MySQLi\Connection.php(327): mysqli->query('SELECT *\nFROM `...', 0)
#1 C:\laragon\www\gis-sekolah-ci4\system\Database\BaseConnection.php(738): CodeIgniter\Database\MySQLi\Connection->execute('SELECT *\nFROM `...')
#2 C:\laragon\www\gis-sekolah-ci4\system\Database\BaseConnection.php(652): CodeIgniter\Database\BaseConnection->simpleQuery('SELECT *\nFROM `...')
#3 C:\laragon\www\gis-sekolah-ci4\system\Database\BaseBuilder.php(1649): CodeIgniter\Database\BaseConnection->query('SELECT *\nFROM `...', Array, false)
#4 C:\laragon\www\gis-sekolah-ci4\app\Models\ModelWilayah.php(24): CodeIgniter\Database\BaseBuilder->get()
#5 C:\laragon\www\gis-sekolah-ci4\app\Controllers\Wilayah.php(87): App\Models\ModelWilayah->DetailData('10')
#6 C:\laragon\www\gis-sekolah-ci4\system\CodeIgniter.php(933): App\Controllers\Wilayah->Edit('10')
#7 C:\laragon\www\gis-sekolah-ci4\system\CodeIgniter.php(507): CodeIgniter\CodeIgniter->runController(Object(App\Controllers\Wilayah))
#8 C:\laragon\www\gis-sekolah-ci4\system\CodeIgniter.php(354): CodeIgniter\CodeIgniter->handleRequest(NULL, Object(Config\Cache), false)
#9 C:\laragon\www\gis-sekolah-ci4\system\Boot.php(334): CodeIgniter\CodeIgniter->run()
#10 C:\laragon\www\gis-sekolah-ci4\system\Boot.php(67): CodeIgniter\Boot::runCodeIgniter(Object(CodeIgniter\CodeIgniter))
#11 C:\laragon\www\gis-sekolah-ci4\public\index.php(56): CodeIgniter\Boot::bootWeb(Object(Config\Paths))
#12 {main}
CRITICAL - 2025-03-14 18:36:44 --> CodeIgniter\Database\Exceptions\DatabaseException: Unknown column 'id_wilayah10' in 'where clause'
[Method: GET, Route: Wilayah/Edit/10]
in SYSTEMPATH\Database\BaseConnection.php on line 692.
 1 SYSTEMPATH\Database\BaseBuilder.php(1649): CodeIgniter\Database\BaseConnection->query('SELECT *
FROM `tbl_wilayah`
WHERE `id_wilayah10` IS NULL', [], false)
 2 APPPATH\Models\ModelWilayah.php(24): CodeIgniter\Database\BaseBuilder->get()
 3 APPPATH\Controllers\Wilayah.php(87): App\Models\ModelWilayah->DetailData('10')
 4 SYSTEMPATH\CodeIgniter.php(933): App\Controllers\Wilayah->Edit('10')
 5 SYSTEMPATH\CodeIgniter.php(507): CodeIgniter\CodeIgniter->runController(Object(App\Controllers\Wilayah))
 6 SYSTEMPATH\CodeIgniter.php(354): CodeIgniter\CodeIgniter->handleRequest(null, Object(Config\Cache), false)
 7 SYSTEMPATH\Boot.php(334): CodeIgniter\CodeIgniter->run()
 8 SYSTEMPATH\Boot.php(67): CodeIgniter\Boot::runCodeIgniter(Object(CodeIgniter\CodeIgniter))
 9 FCPATH\index.php(56): CodeIgniter\Boot::bootWeb(Object(Config\Paths))
CRITICAL - 2025-03-14 18:36:44 --> [Caused by] CodeIgniter\Database\Exceptions\DatabaseException: Unknown column 'id_wilayah10' in 'where clause'
in SYSTEMPATH\Database\MySQLi\Connection.php on line 332.
 1 SYSTEMPATH\Database\BaseConnection.php(738): CodeIgniter\Database\MySQLi\Connection->execute('SELECT *
FROM `tbl_wilayah`
WHERE `id_wilayah10` IS NULL')
 2 SYSTEMPATH\Database\BaseConnection.php(652): CodeIgniter\Database\BaseConnection->simpleQuery('SELECT *
FROM `tbl_wilayah`
WHERE `id_wilayah10` IS NULL')
 3 SYSTEMPATH\Database\BaseBuilder.php(1649): CodeIgniter\Database\BaseConnection->query('SELECT *
FROM `tbl_wilayah`
WHERE `id_wilayah10` IS NULL', [], false)
 4 APPPATH\Models\ModelWilayah.php(24): CodeIgniter\Database\BaseBuilder->get()
 5 APPPATH\Controllers\Wilayah.php(87): App\Models\ModelWilayah->DetailData('10')
 6 SYSTEMPATH\CodeIgniter.php(933): App\Controllers\Wilayah->Edit('10')
 7 SYSTEMPATH\CodeIgniter.php(507): CodeIgniter\CodeIgniter->runController(Object(App\Controllers\Wilayah))
 8 SYSTEMPATH\CodeIgniter.php(354): CodeIgniter\CodeIgniter->handleRequest(null, Object(Config\Cache), false)
 9 SYSTEMPATH\Boot.php(334): CodeIgniter\CodeIgniter->run()
10 SYSTEMPATH\Boot.php(67): CodeIgniter\Boot::runCodeIgniter(Object(CodeIgniter\CodeIgniter))
11 FCPATH\index.php(56): CodeIgniter\Boot::bootWeb(Object(Config\Paths))
CRITICAL - 2025-03-14 18:36:44 --> [Caused by] mysqli_sql_exception: Unknown column 'id_wilayah10' in 'where clause'
in SYSTEMPATH\Database\MySQLi\Connection.php on line 327.
 1 SYSTEMPATH\Database\MySQLi\Connection.php(327): mysqli->query('SELECT *
FROM `tbl_wilayah`
WHERE `id_wilayah10` IS NULL', 0)
 2 SYSTEMPATH\Database\BaseConnection.php(738): CodeIgniter\Database\MySQLi\Connection->execute('SELECT *
FROM `tbl_wilayah`
WHERE `id_wilayah10` IS NULL')
 3 SYSTEMPATH\Database\BaseConnection.php(652): CodeIgniter\Database\BaseConnection->simpleQuery('SELECT *
FROM `tbl_wilayah`
WHERE `id_wilayah10` IS NULL')
 4 SYSTEMPATH\Database\BaseBuilder.php(1649): CodeIgniter\Database\BaseConnection->query('SELECT *
FROM `tbl_wilayah`
WHERE `id_wilayah10` IS NULL', [], false)
 5 APPPATH\Models\ModelWilayah.php(24): CodeIgniter\Database\BaseBuilder->get()
 6 APPPATH\Controllers\Wilayah.php(87): App\Models\ModelWilayah->DetailData('10')
 7 SYSTEMPATH\CodeIgniter.php(933): App\Controllers\Wilayah->Edit('10')
 8 SYSTEMPATH\CodeIgniter.php(507): CodeIgniter\CodeIgniter->runController(Object(App\Controllers\Wilayah))
 9 SYSTEMPATH\CodeIgniter.php(354): CodeIgniter\CodeIgniter->handleRequest(null, Object(Config\Cache), false)
10 SYSTEMPATH\Boot.php(334): CodeIgniter\CodeIgniter->run()
11 SYSTEMPATH\Boot.php(67): CodeIgniter\Boot::runCodeIgniter(Object(CodeIgniter\CodeIgniter))
12 FCPATH\index.php(56): CodeIgniter\Boot::bootWeb(Object(Config\Paths))
WARNING - 2025-03-14 18:36:49 --> [DEPRECATED] Creation of dynamic property App\Controllers\Wilayah::$ModelWilayah is deprecated in APPPATH\Controllers\Wilayah.php on line 16.
 1 SYSTEMPATH\CodeIgniter.php(903): App\Controllers\Wilayah->__construct()
 2 SYSTEMPATH\CodeIgniter.php(498): CodeIgniter\CodeIgniter->createController()
 3 SYSTEMPATH\CodeIgniter.php(354): CodeIgniter\CodeIgniter->handleRequest(null, Object(Config\Cache), false)
 4 SYSTEMPATH\Boot.php(334): CodeIgniter\CodeIgniter->run()
 5 SYSTEMPATH\Boot.php(67): CodeIgniter\Boot::runCodeIgniter(Object(CodeIgniter\CodeIgniter))
 6 FCPATH\index.php(56): CodeIgniter\Boot::bootWeb(Object(Config\Paths))
WARNING - 2025-03-14 18:36:49 --> [DEPRECATED] Creation of dynamic property App\Controllers\Wilayah::$ModelSetting is deprecated in APPPATH\Controllers\Wilayah.php on line 17.
 1 SYSTEMPATH\CodeIgniter.php(903): App\Controllers\Wilayah->__construct()
 2 SYSTEMPATH\CodeIgniter.php(498): CodeIgniter\CodeIgniter->createController()
 3 SYSTEMPATH\CodeIgniter.php(354): CodeIgniter\CodeIgniter->handleRequest(null, Object(Config\Cache), false)
 4 SYSTEMPATH\Boot.php(334): CodeIgniter\CodeIgniter->run()
 5 SYSTEMPATH\Boot.php(67): CodeIgniter\Boot::runCodeIgniter(Object(CodeIgniter\CodeIgniter))
 6 FCPATH\index.php(56): CodeIgniter\Boot::bootWeb(Object(Config\Paths))
DEBUG - 2025-03-14 18:36:49 --> Session: Class initialized using 'CodeIgniter\Session\Handlers\FileHandler' driver.
WARNING - 2025-03-14 18:37:16 --> [DEPRECATED] Creation of dynamic property App\Controllers\Wilayah::$ModelWilayah is deprecated in APPPATH\Controllers\Wilayah.php on line 16.
 1 SYSTEMPATH\CodeIgniter.php(903): App\Controllers\Wilayah->__construct()
 2 SYSTEMPATH\CodeIgniter.php(498): CodeIgniter\CodeIgniter->createController()
 3 SYSTEMPATH\CodeIgniter.php(354): CodeIgniter\CodeIgniter->handleRequest(null, Object(Config\Cache), false)
 4 SYSTEMPATH\Boot.php(334): CodeIgniter\CodeIgniter->run()
 5 SYSTEMPATH\Boot.php(67): CodeIgniter\Boot::runCodeIgniter(Object(CodeIgniter\CodeIgniter))
 6 FCPATH\index.php(56): CodeIgniter\Boot::bootWeb(Object(Config\Paths))
WARNING - 2025-03-14 18:37:16 --> [DEPRECATED] Creation of dynamic property App\Controllers\Wilayah::$ModelSetting is deprecated in APPPATH\Controllers\Wilayah.php on line 17.
 1 SYSTEMPATH\CodeIgniter.php(903): App\Controllers\Wilayah->__construct()
 2 SYSTEMPATH\CodeIgniter.php(498): CodeIgniter\CodeIgniter->createController()
 3 SYSTEMPATH\CodeIgniter.php(354): CodeIgniter\CodeIgniter->handleRequest(null, Object(Config\Cache), false)
 4 SYSTEMPATH\Boot.php(334): CodeIgniter\CodeIgniter->run()
 5 SYSTEMPATH\Boot.php(67): CodeIgniter\Boot::runCodeIgniter(Object(CodeIgniter\CodeIgniter))
 6 FCPATH\index.php(56): CodeIgniter\Boot::bootWeb(Object(Config\Paths))
ERROR - 2025-03-14 18:37:17 --> mysqli_sql_exception: Unknown column 'id_wilayah9' in 'where clause' in C:\laragon\www\gis-sekolah-ci4\system\Database\MySQLi\Connection.php:327
Stack trace:
#0 C:\laragon\www\gis-sekolah-ci4\system\Database\MySQLi\Connection.php(327): mysqli->query('SELECT *\nFROM `...', 0)
#1 C:\laragon\www\gis-sekolah-ci4\system\Database\BaseConnection.php(738): CodeIgniter\Database\MySQLi\Connection->execute('SELECT *\nFROM `...')
#2 C:\laragon\www\gis-sekolah-ci4\system\Database\BaseConnection.php(652): CodeIgniter\Database\BaseConnection->simpleQuery('SELECT *\nFROM `...')
#3 C:\laragon\www\gis-sekolah-ci4\system\Database\BaseBuilder.php(1649): CodeIgniter\Database\BaseConnection->query('SELECT *\nFROM `...', Array, false)
#4 C:\laragon\www\gis-sekolah-ci4\app\Models\ModelWilayah.php(24): CodeIgniter\Database\BaseBuilder->get()
#5 C:\laragon\www\gis-sekolah-ci4\app\Controllers\Wilayah.php(87): App\Models\ModelWilayah->DetailData('9')
#6 C:\laragon\www\gis-sekolah-ci4\system\CodeIgniter.php(933): App\Controllers\Wilayah->Edit('9')
#7 C:\laragon\www\gis-sekolah-ci4\system\CodeIgniter.php(507): CodeIgniter\CodeIgniter->runController(Object(App\Controllers\Wilayah))
#8 C:\laragon\www\gis-sekolah-ci4\system\CodeIgniter.php(354): CodeIgniter\CodeIgniter->handleRequest(NULL, Object(Config\Cache), false)
#9 C:\laragon\www\gis-sekolah-ci4\system\Boot.php(334): CodeIgniter\CodeIgniter->run()
#10 C:\laragon\www\gis-sekolah-ci4\system\Boot.php(67): CodeIgniter\Boot::runCodeIgniter(Object(CodeIgniter\CodeIgniter))
#11 C:\laragon\www\gis-sekolah-ci4\public\index.php(56): CodeIgniter\Boot::bootWeb(Object(Config\Paths))
#12 {main}
CRITICAL - 2025-03-14 18:37:17 --> CodeIgniter\Database\Exceptions\DatabaseException: Unknown column 'id_wilayah9' in 'where clause'
[Method: GET, Route: Wilayah/Edit/9]
in SYSTEMPATH\Database\BaseConnection.php on line 692.
 1 SYSTEMPATH\Database\BaseBuilder.php(1649): CodeIgniter\Database\BaseConnection->query('SELECT *
FROM `tbl_wilayah`
WHERE `id_wilayah9` IS NULL', [], false)
 2 APPPATH\Models\ModelWilayah.php(24): CodeIgniter\Database\BaseBuilder->get()
 3 APPPATH\Controllers\Wilayah.php(87): App\Models\ModelWilayah->DetailData('9')
 4 SYSTEMPATH\CodeIgniter.php(933): App\Controllers\Wilayah->Edit('9')
 5 SYSTEMPATH\CodeIgniter.php(507): CodeIgniter\CodeIgniter->runController(Object(App\Controllers\Wilayah))
 6 SYSTEMPATH\CodeIgniter.php(354): CodeIgniter\CodeIgniter->handleRequest(null, Object(Config\Cache), false)
 7 SYSTEMPATH\Boot.php(334): CodeIgniter\CodeIgniter->run()
 8 SYSTEMPATH\Boot.php(67): CodeIgniter\Boot::runCodeIgniter(Object(CodeIgniter\CodeIgniter))
 9 FCPATH\index.php(56): CodeIgniter\Boot::bootWeb(Object(Config\Paths))
CRITICAL - 2025-03-14 18:37:17 --> [Caused by] CodeIgniter\Database\Exceptions\DatabaseException: Unknown column 'id_wilayah9' in 'where clause'
in SYSTEMPATH\Database\MySQLi\Connection.php on line 332.
 1 SYSTEMPATH\Database\BaseConnection.php(738): CodeIgniter\Database\MySQLi\Connection->execute('SELECT *
FROM `tbl_wilayah`
WHERE `id_wilayah9` IS NULL')
 2 SYSTEMPATH\Database\BaseConnection.php(652): CodeIgniter\Database\BaseConnection->simpleQuery('SELECT *
FROM `tbl_wilayah`
WHERE `id_wilayah9` IS NULL')
 3 SYSTEMPATH\Database\BaseBuilder.php(1649): CodeIgniter\Database\BaseConnection->query('SELECT *
FROM `tbl_wilayah`
WHERE `id_wilayah9` IS NULL', [], false)
 4 APPPATH\Models\ModelWilayah.php(24): CodeIgniter\Database\BaseBuilder->get()
 5 APPPATH\Controllers\Wilayah.php(87): App\Models\ModelWilayah->DetailData('9')
 6 SYSTEMPATH\CodeIgniter.php(933): App\Controllers\Wilayah->Edit('9')
 7 SYSTEMPATH\CodeIgniter.php(507): CodeIgniter\CodeIgniter->runController(Object(App\Controllers\Wilayah))
 8 SYSTEMPATH\CodeIgniter.php(354): CodeIgniter\CodeIgniter->handleRequest(null, Object(Config\Cache), false)
 9 SYSTEMPATH\Boot.php(334): CodeIgniter\CodeIgniter->run()
10 SYSTEMPATH\Boot.php(67): CodeIgniter\Boot::runCodeIgniter(Object(CodeIgniter\CodeIgniter))
11 FCPATH\index.php(56): CodeIgniter\Boot::bootWeb(Object(Config\Paths))
CRITICAL - 2025-03-14 18:37:17 --> [Caused by] mysqli_sql_exception: Unknown column 'id_wilayah9' in 'where clause'
in SYSTEMPATH\Database\MySQLi\Connection.php on line 327.
 1 SYSTEMPATH\Database\MySQLi\Connection.php(327): mysqli->query('SELECT *
FROM `tbl_wilayah`
WHERE `id_wilayah9` IS NULL', 0)
 2 SYSTEMPATH\Database\BaseConnection.php(738): CodeIgniter\Database\MySQLi\Connection->execute('SELECT *
FROM `tbl_wilayah`
WHERE `id_wilayah9` IS NULL')
 3 SYSTEMPATH\Database\BaseConnection.php(652): CodeIgniter\Database\BaseConnection->simpleQuery('SELECT *
FROM `tbl_wilayah`
WHERE `id_wilayah9` IS NULL')
 4 SYSTEMPATH\Database\BaseBuilder.php(1649): CodeIgniter\Database\BaseConnection->query('SELECT *
FROM `tbl_wilayah`
WHERE `id_wilayah9` IS NULL', [], false)
 5 APPPATH\Models\ModelWilayah.php(24): CodeIgniter\Database\BaseBuilder->get()
 6 APPPATH\Controllers\Wilayah.php(87): App\Models\ModelWilayah->DetailData('9')
 7 SYSTEMPATH\CodeIgniter.php(933): App\Controllers\Wilayah->Edit('9')
 8 SYSTEMPATH\CodeIgniter.php(507): CodeIgniter\CodeIgniter->runController(Object(App\Controllers\Wilayah))
 9 SYSTEMPATH\CodeIgniter.php(354): CodeIgniter\CodeIgniter->handleRequest(null, Object(Config\Cache), false)
10 SYSTEMPATH\Boot.php(334): CodeIgniter\CodeIgniter->run()
11 SYSTEMPATH\Boot.php(67): CodeIgniter\Boot::runCodeIgniter(Object(CodeIgniter\CodeIgniter))
12 FCPATH\index.php(56): CodeIgniter\Boot::bootWeb(Object(Config\Paths))
WARNING - 2025-03-14 19:05:01 --> [DEPRECATED] Creation of dynamic property App\Controllers\Wilayah::$ModelWilayah is deprecated in APPPATH\Controllers\Wilayah.php on line 16.
 1 SYSTEMPATH\CodeIgniter.php(903): App\Controllers\Wilayah->__construct()
 2 SYSTEMPATH\CodeIgniter.php(498): CodeIgniter\CodeIgniter->createController()
 3 SYSTEMPATH\CodeIgniter.php(354): CodeIgniter\CodeIgniter->handleRequest(null, Object(Config\Cache), false)
 4 SYSTEMPATH\Boot.php(334): CodeIgniter\CodeIgniter->run()
 5 SYSTEMPATH\Boot.php(67): CodeIgniter\Boot::runCodeIgniter(Object(CodeIgniter\CodeIgniter))
 6 FCPATH\index.php(56): CodeIgniter\Boot::bootWeb(Object(Config\Paths))
WARNING - 2025-03-14 19:05:01 --> [DEPRECATED] Creation of dynamic property App\Controllers\Wilayah::$ModelSetting is deprecated in APPPATH\Controllers\Wilayah.php on line 17.
 1 SYSTEMPATH\CodeIgniter.php(903): App\Controllers\Wilayah->__construct()
 2 SYSTEMPATH\CodeIgniter.php(498): CodeIgniter\CodeIgniter->createController()
 3 SYSTEMPATH\CodeIgniter.php(354): CodeIgniter\CodeIgniter->handleRequest(null, Object(Config\Cache), false)
 4 SYSTEMPATH\Boot.php(334): CodeIgniter\CodeIgniter->run()
 5 SYSTEMPATH\Boot.php(67): CodeIgniter\Boot::runCodeIgniter(Object(CodeIgniter\CodeIgniter))
 6 FCPATH\index.php(56): CodeIgniter\Boot::bootWeb(Object(Config\Paths))
DEBUG - 2025-03-14 19:05:03 --> Session: Class initialized using 'CodeIgniter\Session\Handlers\FileHandler' driver.
WARNING - 2025-03-14 19:06:03 --> [DEPRECATED] Creation of dynamic property App\Controllers\Wilayah::$ModelWilayah is deprecated in APPPATH\Controllers\Wilayah.php on line 16.
 1 SYSTEMPATH\CodeIgniter.php(903): App\Controllers\Wilayah->__construct()
 2 SYSTEMPATH\CodeIgniter.php(498): CodeIgniter\CodeIgniter->createController()
 3 SYSTEMPATH\CodeIgniter.php(354): CodeIgniter\CodeIgniter->handleRequest(null, Object(Config\Cache), false)
 4 SYSTEMPATH\Boot.php(334): CodeIgniter\CodeIgniter->run()
 5 SYSTEMPATH\Boot.php(67): CodeIgniter\Boot::runCodeIgniter(Object(CodeIgniter\CodeIgniter))
 6 FCPATH\index.php(56): CodeIgniter\Boot::bootWeb(Object(Config\Paths))
WARNING - 2025-03-14 19:06:03 --> [DEPRECATED] Creation of dynamic property App\Controllers\Wilayah::$ModelSetting is deprecated in APPPATH\Controllers\Wilayah.php on line 17.
 1 SYSTEMPATH\CodeIgniter.php(903): App\Controllers\Wilayah->__construct()
 2 SYSTEMPATH\CodeIgniter.php(498): CodeIgniter\CodeIgniter->createController()
 3 SYSTEMPATH\CodeIgniter.php(354): CodeIgniter\CodeIgniter->handleRequest(null, Object(Config\Cache), false)
 4 SYSTEMPATH\Boot.php(334): CodeIgniter\CodeIgniter->run()
 5 SYSTEMPATH\Boot.php(67): CodeIgniter\Boot::runCodeIgniter(Object(CodeIgniter\CodeIgniter))
 6 FCPATH\index.php(56): CodeIgniter\Boot::bootWeb(Object(Config\Paths))
DEBUG - 2025-03-14 19:06:04 --> Session: Class initialized using 'CodeIgniter\Session\Handlers\FileHandler' driver.
WARNING - 2025-03-14 19:09:15 --> [DEPRECATED] Creation of dynamic property App\Controllers\Wilayah::$ModelWilayah is deprecated in APPPATH\Controllers\Wilayah.php on line 16.
 1 SYSTEMPATH\CodeIgniter.php(903): App\Controllers\Wilayah->__construct()
 2 SYSTEMPATH\CodeIgniter.php(498): CodeIgniter\CodeIgniter->createController()
 3 SYSTEMPATH\CodeIgniter.php(354): CodeIgniter\CodeIgniter->handleRequest(null, Object(Config\Cache), false)
 4 SYSTEMPATH\Boot.php(334): CodeIgniter\CodeIgniter->run()
 5 SYSTEMPATH\Boot.php(67): CodeIgniter\Boot::runCodeIgniter(Object(CodeIgniter\CodeIgniter))
 6 FCPATH\index.php(56): CodeIgniter\Boot::bootWeb(Object(Config\Paths))
WARNING - 2025-03-14 19:09:15 --> [DEPRECATED] Creation of dynamic property App\Controllers\Wilayah::$ModelSetting is deprecated in APPPATH\Controllers\Wilayah.php on line 17.
 1 SYSTEMPATH\CodeIgniter.php(903): App\Controllers\Wilayah->__construct()
 2 SYSTEMPATH\CodeIgniter.php(498): CodeIgniter\CodeIgniter->createController()
 3 SYSTEMPATH\CodeIgniter.php(354): CodeIgniter\CodeIgniter->handleRequest(null, Object(Config\Cache), false)
 4 SYSTEMPATH\Boot.php(334): CodeIgniter\CodeIgniter->run()
 5 SYSTEMPATH\Boot.php(67): CodeIgniter\Boot::runCodeIgniter(Object(CodeIgniter\CodeIgniter))
 6 FCPATH\index.php(56): CodeIgniter\Boot::bootWeb(Object(Config\Paths))
ERROR - 2025-03-14 19:09:15 --> mysqli_sql_exception: Table 'db_gis_sekolah_ci4.tbl_wilayah' doesn't exist in C:\laragon\www\gis-sekolah-ci4\system\Database\MySQLi\Connection.php:327
Stack trace:
#0 C:\laragon\www\gis-sekolah-ci4\system\Database\MySQLi\Connection.php(327): mysqli->query('SELECT *\nFROM `...', 0)
#1 C:\laragon\www\gis-sekolah-ci4\system\Database\BaseConnection.php(738): CodeIgniter\Database\MySQLi\Connection->execute('SELECT *\nFROM `...')
#2 C:\laragon\www\gis-sekolah-ci4\system\Database\BaseConnection.php(652): CodeIgniter\Database\BaseConnection->simpleQuery('SELECT *\nFROM `...')
#3 C:\laragon\www\gis-sekolah-ci4\system\Database\BaseBuilder.php(1649): CodeIgniter\Database\BaseConnection->query('SELECT *\nFROM `...', Array, false)
#4 C:\laragon\www\gis-sekolah-ci4\app\Models\ModelWilayah.php(12): CodeIgniter\Database\BaseBuilder->get()
#5 C:\laragon\www\gis-sekolah-ci4\app\Controllers\Wilayah.php(25): App\Models\ModelWilayah->AllData()
#6 C:\laragon\www\gis-sekolah-ci4\system\CodeIgniter.php(933): App\Controllers\Wilayah->index()
#7 C:\laragon\www\gis-sekolah-ci4\system\CodeIgniter.php(507): CodeIgniter\CodeIgniter->runController(Object(App\Controllers\Wilayah))
#8 C:\laragon\www\gis-sekolah-ci4\system\CodeIgniter.php(354): CodeIgniter\CodeIgniter->handleRequest(NULL, Object(Config\Cache), false)
#9 C:\laragon\www\gis-sekolah-ci4\system\Boot.php(334): CodeIgniter\CodeIgniter->run()
#10 C:\laragon\www\gis-sekolah-ci4\system\Boot.php(67): CodeIgniter\Boot::runCodeIgniter(Object(CodeIgniter\CodeIgniter))
#11 C:\laragon\www\gis-sekolah-ci4\public\index.php(56): CodeIgniter\Boot::bootWeb(Object(Config\Paths))
#12 {main}
CRITICAL - 2025-03-14 19:09:15 --> CodeIgniter\Database\Exceptions\DatabaseException: Table 'db_gis_sekolah_ci4.tbl_wilayah' doesn't exist
[Method: GET, Route: Wilayah]
in SYSTEMPATH\Database\BaseConnection.php on line 692.
 1 SYSTEMPATH\Database\BaseBuilder.php(1649): CodeIgniter\Database\BaseConnection->query('SELECT *
FROM `tbl_wilayah`', [], false)
 2 APPPATH\Models\ModelWilayah.php(12): CodeIgniter\Database\BaseBuilder->get()
 3 APPPATH\Controllers\Wilayah.php(25): App\Models\ModelWilayah->AllData()
 4 SYSTEMPATH\CodeIgniter.php(933): App\Controllers\Wilayah->index()
 5 SYSTEMPATH\CodeIgniter.php(507): CodeIgniter\CodeIgniter->runController(Object(App\Controllers\Wilayah))
 6 SYSTEMPATH\CodeIgniter.php(354): CodeIgniter\CodeIgniter->handleRequest(null, Object(Config\Cache), false)
 7 SYSTEMPATH\Boot.php(334): CodeIgniter\CodeIgniter->run()
 8 SYSTEMPATH\Boot.php(67): CodeIgniter\Boot::runCodeIgniter(Object(CodeIgniter\CodeIgniter))
 9 FCPATH\index.php(56): CodeIgniter\Boot::bootWeb(Object(Config\Paths))
CRITICAL - 2025-03-14 19:09:15 --> [Caused by] CodeIgniter\Database\Exceptions\DatabaseException: Table 'db_gis_sekolah_ci4.tbl_wilayah' doesn't exist
in SYSTEMPATH\Database\MySQLi\Connection.php on line 332.
 1 SYSTEMPATH\Database\BaseConnection.php(738): CodeIgniter\Database\MySQLi\Connection->execute('SELECT *
FROM `tbl_wilayah`')
 2 SYSTEMPATH\Database\BaseConnection.php(652): CodeIgniter\Database\BaseConnection->simpleQuery('SELECT *
FROM `tbl_wilayah`')
 3 SYSTEMPATH\Database\BaseBuilder.php(1649): CodeIgniter\Database\BaseConnection->query('SELECT *
FROM `tbl_wilayah`', [], false)
 4 APPPATH\Models\ModelWilayah.php(12): CodeIgniter\Database\BaseBuilder->get()
 5 APPPATH\Controllers\Wilayah.php(25): App\Models\ModelWilayah->AllData()
 6 SYSTEMPATH\CodeIgniter.php(933): App\Controllers\Wilayah->index()
 7 SYSTEMPATH\CodeIgniter.php(507): CodeIgniter\CodeIgniter->runController(Object(App\Controllers\Wilayah))
 8 SYSTEMPATH\CodeIgniter.php(354): CodeIgniter\CodeIgniter->handleRequest(null, Object(Config\Cache), false)
 9 SYSTEMPATH\Boot.php(334): CodeIgniter\CodeIgniter->run()
10 SYSTEMPATH\Boot.php(67): CodeIgniter\Boot::runCodeIgniter(Object(CodeIgniter\CodeIgniter))
11 FCPATH\index.php(56): CodeIgniter\Boot::bootWeb(Object(Config\Paths))
CRITICAL - 2025-03-14 19:09:15 --> [Caused by] mysqli_sql_exception: Table 'db_gis_sekolah_ci4.tbl_wilayah' doesn't exist
in SYSTEMPATH\Database\MySQLi\Connection.php on line 327.
 1 SYSTEMPATH\Database\MySQLi\Connection.php(327): mysqli->query('SELECT *
FROM `tbl_wilayah`', 0)
 2 SYSTEMPATH\Database\BaseConnection.php(738): CodeIgniter\Database\MySQLi\Connection->execute('SELECT *
FROM `tbl_wilayah`')
 3 SYSTEMPATH\Database\BaseConnection.php(652): CodeIgniter\Database\BaseConnection->simpleQuery('SELECT *
FROM `tbl_wilayah`')
 4 SYSTEMPATH\Database\BaseBuilder.php(1649): CodeIgniter\Database\BaseConnection->query('SELECT *
FROM `tbl_wilayah`', [], false)
 5 APPPATH\Models\ModelWilayah.php(12): CodeIgniter\Database\BaseBuilder->get()
 6 APPPATH\Controllers\Wilayah.php(25): App\Models\ModelWilayah->AllData()
 7 SYSTEMPATH\CodeIgniter.php(933): App\Controllers\Wilayah->index()
 8 SYSTEMPATH\CodeIgniter.php(507): CodeIgniter\CodeIgniter->runController(Object(App\Controllers\Wilayah))
 9 SYSTEMPATH\CodeIgniter.php(354): CodeIgniter\CodeIgniter->handleRequest(null, Object(Config\Cache), false)
10 SYSTEMPATH\Boot.php(334): CodeIgniter\CodeIgniter->run()
11 SYSTEMPATH\Boot.php(67): CodeIgniter\Boot::runCodeIgniter(Object(CodeIgniter\CodeIgniter))
12 FCPATH\index.php(56): CodeIgniter\Boot::bootWeb(Object(Config\Paths))
WARNING - 2025-03-14 19:10:46 --> [DEPRECATED] Creation of dynamic property App\Controllers\Wilayah::$ModelWilayah is deprecated in APPPATH\Controllers\Wilayah.php on line 16.
 1 SYSTEMPATH\CodeIgniter.php(903): App\Controllers\Wilayah->__construct()
 2 SYSTEMPATH\CodeIgniter.php(498): CodeIgniter\CodeIgniter->createController()
 3 SYSTEMPATH\CodeIgniter.php(354): CodeIgniter\CodeIgniter->handleRequest(null, Object(Config\Cache), false)
 4 SYSTEMPATH\Boot.php(334): CodeIgniter\CodeIgniter->run()
 5 SYSTEMPATH\Boot.php(67): CodeIgniter\Boot::runCodeIgniter(Object(CodeIgniter\CodeIgniter))
 6 FCPATH\index.php(56): CodeIgniter\Boot::bootWeb(Object(Config\Paths))
WARNING - 2025-03-14 19:10:46 --> [DEPRECATED] Creation of dynamic property App\Controllers\Wilayah::$ModelSetting is deprecated in APPPATH\Controllers\Wilayah.php on line 17.
 1 SYSTEMPATH\CodeIgniter.php(903): App\Controllers\Wilayah->__construct()
 2 SYSTEMPATH\CodeIgniter.php(498): CodeIgniter\CodeIgniter->createController()
 3 SYSTEMPATH\CodeIgniter.php(354): CodeIgniter\CodeIgniter->handleRequest(null, Object(Config\Cache), false)
 4 SYSTEMPATH\Boot.php(334): CodeIgniter\CodeIgniter->run()
 5 SYSTEMPATH\Boot.php(67): CodeIgniter\Boot::runCodeIgniter(Object(CodeIgniter\CodeIgniter))
 6 FCPATH\index.php(56): CodeIgniter\Boot::bootWeb(Object(Config\Paths))
DEBUG - 2025-03-14 19:10:46 --> Session: Class initialized using 'CodeIgniter\Session\Handlers\FileHandler' driver.
WARNING - 2025-03-14 19:11:12 --> [DEPRECATED] Creation of dynamic property App\Controllers\Wilayah::$ModelWilayah is deprecated in APPPATH\Controllers\Wilayah.php on line 16.
 1 SYSTEMPATH\CodeIgniter.php(903): App\Controllers\Wilayah->__construct()
 2 SYSTEMPATH\CodeIgniter.php(498): CodeIgniter\CodeIgniter->createController()
 3 SYSTEMPATH\CodeIgniter.php(354): CodeIgniter\CodeIgniter->handleRequest(null, Object(Config\Cache), false)
 4 SYSTEMPATH\Boot.php(334): CodeIgniter\CodeIgniter->run()
 5 SYSTEMPATH\Boot.php(67): CodeIgniter\Boot::runCodeIgniter(Object(CodeIgniter\CodeIgniter))
 6 FCPATH\index.php(56): CodeIgniter\Boot::bootWeb(Object(Config\Paths))
WARNING - 2025-03-14 19:11:12 --> [DEPRECATED] Creation of dynamic property App\Controllers\Wilayah::$ModelSetting is deprecated in APPPATH\Controllers\Wilayah.php on line 17.
 1 SYSTEMPATH\CodeIgniter.php(903): App\Controllers\Wilayah->__construct()
 2 SYSTEMPATH\CodeIgniter.php(498): CodeIgniter\CodeIgniter->createController()
 3 SYSTEMPATH\CodeIgniter.php(354): CodeIgniter\CodeIgniter->handleRequest(null, Object(Config\Cache), false)
 4 SYSTEMPATH\Boot.php(334): CodeIgniter\CodeIgniter->run()
 5 SYSTEMPATH\Boot.php(67): CodeIgniter\Boot::runCodeIgniter(Object(CodeIgniter\CodeIgniter))
 6 FCPATH\index.php(56): CodeIgniter\Boot::bootWeb(Object(Config\Paths))
DEBUG - 2025-03-14 19:11:12 --> Session: Class initialized using 'CodeIgniter\Session\Handlers\FileHandler' driver.
WARNING - 2025-03-14 19:11:19 --> [DEPRECATED] Creation of dynamic property App\Controllers\Wilayah::$ModelWilayah is deprecated in APPPATH\Controllers\Wilayah.php on line 16.
 1 SYSTEMPATH\CodeIgniter.php(903): App\Controllers\Wilayah->__construct()
 2 SYSTEMPATH\CodeIgniter.php(498): CodeIgniter\CodeIgniter->createController()
 3 SYSTEMPATH\CodeIgniter.php(354): CodeIgniter\CodeIgniter->handleRequest(null, Object(Config\Cache), false)
 4 SYSTEMPATH\Boot.php(334): CodeIgniter\CodeIgniter->run()
 5 SYSTEMPATH\Boot.php(67): CodeIgniter\Boot::runCodeIgniter(Object(CodeIgniter\CodeIgniter))
 6 FCPATH\index.php(56): CodeIgniter\Boot::bootWeb(Object(Config\Paths))
WARNING - 2025-03-14 19:11:19 --> [DEPRECATED] Creation of dynamic property App\Controllers\Wilayah::$ModelSetting is deprecated in APPPATH\Controllers\Wilayah.php on line 17.
 1 SYSTEMPATH\CodeIgniter.php(903): App\Controllers\Wilayah->__construct()
 2 SYSTEMPATH\CodeIgniter.php(498): CodeIgniter\CodeIgniter->createController()
 3 SYSTEMPATH\CodeIgniter.php(354): CodeIgniter\CodeIgniter->handleRequest(null, Object(Config\Cache), false)
 4 SYSTEMPATH\Boot.php(334): CodeIgniter\CodeIgniter->run()
 5 SYSTEMPATH\Boot.php(67): CodeIgniter\Boot::runCodeIgniter(Object(CodeIgniter\CodeIgniter))
 6 FCPATH\index.php(56): CodeIgniter\Boot::bootWeb(Object(Config\Paths))
DEBUG - 2025-03-14 19:11:19 --> Session: Class initialized using 'CodeIgniter\Session\Handlers\FileHandler' driver.
WARNING - 2025-03-14 19:49:00 --> [DEPRECATED] Creation of dynamic property App\Controllers\Wilayah::$ModelWilayah is deprecated in APPPATH\Controllers\Wilayah.php on line 16.
 1 SYSTEMPATH\CodeIgniter.php(903): App\Controllers\Wilayah->__construct()
 2 SYSTEMPATH\CodeIgniter.php(498): CodeIgniter\CodeIgniter->createController()
 3 SYSTEMPATH\CodeIgniter.php(354): CodeIgniter\CodeIgniter->handleRequest(null, Object(Config\Cache), false)
 4 SYSTEMPATH\Boot.php(334): CodeIgniter\CodeIgniter->run()
 5 SYSTEMPATH\Boot.php(67): CodeIgniter\Boot::runCodeIgniter(Object(CodeIgniter\CodeIgniter))
 6 FCPATH\index.php(56): CodeIgniter\Boot::bootWeb(Object(Config\Paths))
WARNING - 2025-03-14 19:49:00 --> [DEPRECATED] Creation of dynamic property App\Controllers\Wilayah::$ModelSetting is deprecated in APPPATH\Controllers\Wilayah.php on line 17.
 1 SYSTEMPATH\CodeIgniter.php(903): App\Controllers\Wilayah->__construct()
 2 SYSTEMPATH\CodeIgniter.php(498): CodeIgniter\CodeIgniter->createController()
 3 SYSTEMPATH\CodeIgniter.php(354): CodeIgniter\CodeIgniter->handleRequest(null, Object(Config\Cache), false)
 4 SYSTEMPATH\Boot.php(334): CodeIgniter\CodeIgniter->run()
 5 SYSTEMPATH\Boot.php(67): CodeIgniter\Boot::runCodeIgniter(Object(CodeIgniter\CodeIgniter))
 6 FCPATH\index.php(56): CodeIgniter\Boot::bootWeb(Object(Config\Paths))
DEBUG - 2025-03-14 19:49:00 --> Session: Class initialized using 'CodeIgniter\Session\Handlers\FileHandler' driver.
WARNING - 2025-03-14 20:28:18 --> [DEPRECATED] Creation of dynamic property App\Controllers\Wilayah::$ModelWilayah is deprecated in APPPATH\Controllers\Wilayah.php on line 16.
 1 SYSTEMPATH\CodeIgniter.php(903): App\Controllers\Wilayah->__construct()
 2 SYSTEMPATH\CodeIgniter.php(498): CodeIgniter\CodeIgniter->createController()
 3 SYSTEMPATH\CodeIgniter.php(354): CodeIgniter\CodeIgniter->handleRequest(null, Object(Config\Cache), false)
 4 SYSTEMPATH\Boot.php(334): CodeIgniter\CodeIgniter->run()
 5 SYSTEMPATH\Boot.php(67): CodeIgniter\Boot::runCodeIgniter(Object(CodeIgniter\CodeIgniter))
 6 FCPATH\index.php(56): CodeIgniter\Boot::bootWeb(Object(Config\Paths))
WARNING - 2025-03-14 20:28:18 --> [DEPRECATED] Creation of dynamic property App\Controllers\Wilayah::$ModelSetting is deprecated in APPPATH\Controllers\Wilayah.php on line 17.
 1 SYSTEMPATH\CodeIgniter.php(903): App\Controllers\Wilayah->__construct()
 2 SYSTEMPATH\CodeIgniter.php(498): CodeIgniter\CodeIgniter->createController()
 3 SYSTEMPATH\CodeIgniter.php(354): CodeIgniter\CodeIgniter->handleRequest(null, Object(Config\Cache), false)
 4 SYSTEMPATH\Boot.php(334): CodeIgniter\CodeIgniter->run()
 5 SYSTEMPATH\Boot.php(67): CodeIgniter\Boot::runCodeIgniter(Object(CodeIgniter\CodeIgniter))
 6 FCPATH\index.php(56): CodeIgniter\Boot::bootWeb(Object(Config\Paths))
DEBUG - 2025-03-14 20:28:19 --> Session: Class initialized using 'CodeIgniter\Session\Handlers\FileHandler' driver.
WARNING - 2025-03-14 20:57:01 --> [DEPRECATED] Creation of dynamic property App\Controllers\Wilayah::$ModelWilayah is deprecated in APPPATH\Controllers\Wilayah.php on line 16.
 1 SYSTEMPATH\CodeIgniter.php(903): App\Controllers\Wilayah->__construct()
 2 SYSTEMPATH\CodeIgniter.php(498): CodeIgniter\CodeIgniter->createController()
 3 SYSTEMPATH\CodeIgniter.php(354): CodeIgniter\CodeIgniter->handleRequest(null, Object(Config\Cache), false)
 4 SYSTEMPATH\Boot.php(334): CodeIgniter\CodeIgniter->run()
 5 SYSTEMPATH\Boot.php(67): CodeIgniter\Boot::runCodeIgniter(Object(CodeIgniter\CodeIgniter))
 6 FCPATH\index.php(56): CodeIgniter\Boot::bootWeb(Object(Config\Paths))
WARNING - 2025-03-14 20:57:01 --> [DEPRECATED] Creation of dynamic property App\Controllers\Wilayah::$ModelSetting is deprecated in APPPATH\Controllers\Wilayah.php on line 17.
 1 SYSTEMPATH\CodeIgniter.php(903): App\Controllers\Wilayah->__construct()
 2 SYSTEMPATH\CodeIgniter.php(498): CodeIgniter\CodeIgniter->createController()
 3 SYSTEMPATH\CodeIgniter.php(354): CodeIgniter\CodeIgniter->handleRequest(null, Object(Config\Cache), false)
 4 SYSTEMPATH\Boot.php(334): CodeIgniter\CodeIgniter->run()
 5 SYSTEMPATH\Boot.php(67): CodeIgniter\Boot::runCodeIgniter(Object(CodeIgniter\CodeIgniter))
 6 FCPATH\index.php(56): CodeIgniter\Boot::bootWeb(Object(Config\Paths))
DEBUG - 2025-03-14 20:57:01 --> Session: Class initialized using 'CodeIgniter\Session\Handlers\FileHandler' driver.
WARNING - 2025-03-14 20:57:07 --> [DEPRECATED] Creation of dynamic property App\Controllers\Wilayah::$ModelWilayah is deprecated in APPPATH\Controllers\Wilayah.php on line 16.
 1 SYSTEMPATH\CodeIgniter.php(903): App\Controllers\Wilayah->__construct()
 2 SYSTEMPATH\CodeIgniter.php(498): CodeIgniter\CodeIgniter->createController()
 3 SYSTEMPATH\CodeIgniter.php(354): CodeIgniter\CodeIgniter->handleRequest(null, Object(Config\Cache), false)
 4 SYSTEMPATH\Boot.php(334): CodeIgniter\CodeIgniter->run()
 5 SYSTEMPATH\Boot.php(67): CodeIgniter\Boot::runCodeIgniter(Object(CodeIgniter\CodeIgniter))
 6 FCPATH\index.php(56): CodeIgniter\Boot::bootWeb(Object(Config\Paths))
WARNING - 2025-03-14 20:57:07 --> [DEPRECATED] Creation of dynamic property App\Controllers\Wilayah::$ModelSetting is deprecated in APPPATH\Controllers\Wilayah.php on line 17.
 1 SYSTEMPATH\CodeIgniter.php(903): App\Controllers\Wilayah->__construct()
 2 SYSTEMPATH\CodeIgniter.php(498): CodeIgniter\CodeIgniter->createController()
 3 SYSTEMPATH\CodeIgniter.php(354): CodeIgniter\CodeIgniter->handleRequest(null, Object(Config\Cache), false)
 4 SYSTEMPATH\Boot.php(334): CodeIgniter\CodeIgniter->run()
 5 SYSTEMPATH\Boot.php(67): CodeIgniter\Boot::runCodeIgniter(Object(CodeIgniter\CodeIgniter))
 6 FCPATH\index.php(56): CodeIgniter\Boot::bootWeb(Object(Config\Paths))
DEBUG - 2025-03-14 20:57:07 --> Session: Class initialized using 'CodeIgniter\Session\Handlers\FileHandler' driver.
WARNING - 2025-03-14 20:57:56 --> [DEPRECATED] Creation of dynamic property App\Controllers\Wilayah::$ModelWilayah is deprecated in APPPATH\Controllers\Wilayah.php on line 16.
 1 SYSTEMPATH\CodeIgniter.php(903): App\Controllers\Wilayah->__construct()
 2 SYSTEMPATH\CodeIgniter.php(498): CodeIgniter\CodeIgniter->createController()
 3 SYSTEMPATH\CodeIgniter.php(354): CodeIgniter\CodeIgniter->handleRequest(null, Object(Config\Cache), false)
 4 SYSTEMPATH\Boot.php(334): CodeIgniter\CodeIgniter->run()
 5 SYSTEMPATH\Boot.php(67): CodeIgniter\Boot::runCodeIgniter(Object(CodeIgniter\CodeIgniter))
 6 FCPATH\index.php(56): CodeIgniter\Boot::bootWeb(Object(Config\Paths))
WARNING - 2025-03-14 20:57:56 --> [DEPRECATED] Creation of dynamic property App\Controllers\Wilayah::$ModelSetting is deprecated in APPPATH\Controllers\Wilayah.php on line 17.
 1 SYSTEMPATH\CodeIgniter.php(903): App\Controllers\Wilayah->__construct()
 2 SYSTEMPATH\CodeIgniter.php(498): CodeIgniter\CodeIgniter->createController()
 3 SYSTEMPATH\CodeIgniter.php(354): CodeIgniter\CodeIgniter->handleRequest(null, Object(Config\Cache), false)
 4 SYSTEMPATH\Boot.php(334): CodeIgniter\CodeIgniter->run()
 5 SYSTEMPATH\Boot.php(67): CodeIgniter\Boot::runCodeIgniter(Object(CodeIgniter\CodeIgniter))
 6 FCPATH\index.php(56): CodeIgniter\Boot::bootWeb(Object(Config\Paths))
DEBUG - 2025-03-14 20:57:56 --> Session: Class initialized using 'CodeIgniter\Session\Handlers\FileHandler' driver.
WARNING - 2025-03-14 21:05:14 --> [DEPRECATED] Creation of dynamic property App\Controllers\Wilayah::$ModelWilayah is deprecated in APPPATH\Controllers\Wilayah.php on line 16.
 1 SYSTEMPATH\CodeIgniter.php(903): App\Controllers\Wilayah->__construct()
 2 SYSTEMPATH\CodeIgniter.php(498): CodeIgniter\CodeIgniter->createController()
 3 SYSTEMPATH\CodeIgniter.php(354): CodeIgniter\CodeIgniter->handleRequest(null, Object(Config\Cache), false)
 4 SYSTEMPATH\Boot.php(334): CodeIgniter\CodeIgniter->run()
 5 SYSTEMPATH\Boot.php(67): CodeIgniter\Boot::runCodeIgniter(Object(CodeIgniter\CodeIgniter))
 6 FCPATH\index.php(56): CodeIgniter\Boot::bootWeb(Object(Config\Paths))
WARNING - 2025-03-14 21:05:14 --> [DEPRECATED] Creation of dynamic property App\Controllers\Wilayah::$ModelSetting is deprecated in APPPATH\Controllers\Wilayah.php on line 17.
 1 SYSTEMPATH\CodeIgniter.php(903): App\Controllers\Wilayah->__construct()
 2 SYSTEMPATH\CodeIgniter.php(498): CodeIgniter\CodeIgniter->createController()
 3 SYSTEMPATH\CodeIgniter.php(354): CodeIgniter\CodeIgniter->handleRequest(null, Object(Config\Cache), false)
 4 SYSTEMPATH\Boot.php(334): CodeIgniter\CodeIgniter->run()
 5 SYSTEMPATH\Boot.php(67): CodeIgniter\Boot::runCodeIgniter(Object(CodeIgniter\CodeIgniter))
 6 FCPATH\index.php(56): CodeIgniter\Boot::bootWeb(Object(Config\Paths))
DEBUG - 2025-03-14 21:05:15 --> Session: Class initialized using 'CodeIgniter\Session\Handlers\FileHandler' driver.
WARNING - 2025-03-14 21:05:35 --> [DEPRECATED] Creation of dynamic property App\Controllers\Wilayah::$ModelWilayah is deprecated in APPPATH\Controllers\Wilayah.php on line 16.
 1 SYSTEMPATH\CodeIgniter.php(903): App\Controllers\Wilayah->__construct()
 2 SYSTEMPATH\CodeIgniter.php(498): CodeIgniter\CodeIgniter->createController()
 3 SYSTEMPATH\CodeIgniter.php(354): CodeIgniter\CodeIgniter->handleRequest(null, Object(Config\Cache), false)
 4 SYSTEMPATH\Boot.php(334): CodeIgniter\CodeIgniter->run()
 5 SYSTEMPATH\Boot.php(67): CodeIgniter\Boot::runCodeIgniter(Object(CodeIgniter\CodeIgniter))
 6 FCPATH\index.php(56): CodeIgniter\Boot::bootWeb(Object(Config\Paths))
WARNING - 2025-03-14 21:05:35 --> [DEPRECATED] Creation of dynamic property App\Controllers\Wilayah::$ModelSetting is deprecated in APPPATH\Controllers\Wilayah.php on line 17.
 1 SYSTEMPATH\CodeIgniter.php(903): App\Controllers\Wilayah->__construct()
 2 SYSTEMPATH\CodeIgniter.php(498): CodeIgniter\CodeIgniter->createController()
 3 SYSTEMPATH\CodeIgniter.php(354): CodeIgniter\CodeIgniter->handleRequest(null, Object(Config\Cache), false)
 4 SYSTEMPATH\Boot.php(334): CodeIgniter\CodeIgniter->run()
 5 SYSTEMPATH\Boot.php(67): CodeIgniter\Boot::runCodeIgniter(Object(CodeIgniter\CodeIgniter))
 6 FCPATH\index.php(56): CodeIgniter\Boot::bootWeb(Object(Config\Paths))
ERROR - 2025-03-14 21:05:35 --> mysqli_sql_exception: Unknown column 'id_wilayah2' in 'where clause' in C:\laragon\www\gis-sekolah-ci4\system\Database\MySQLi\Connection.php:327
Stack trace:
#0 C:\laragon\www\gis-sekolah-ci4\system\Database\MySQLi\Connection.php(327): mysqli->query('SELECT *\nFROM `...', 0)
#1 C:\laragon\www\gis-sekolah-ci4\system\Database\BaseConnection.php(738): CodeIgniter\Database\MySQLi\Connection->execute('SELECT *\nFROM `...')
#2 C:\laragon\www\gis-sekolah-ci4\system\Database\BaseConnection.php(652): CodeIgniter\Database\BaseConnection->simpleQuery('SELECT *\nFROM `...')
#3 C:\laragon\www\gis-sekolah-ci4\system\Database\BaseBuilder.php(1649): CodeIgniter\Database\BaseConnection->query('SELECT *\nFROM `...', Array, false)
#4 C:\laragon\www\gis-sekolah-ci4\app\Models\ModelWilayah.php(24): CodeIgniter\Database\BaseBuilder->get()
#5 C:\laragon\www\gis-sekolah-ci4\app\Controllers\Wilayah.php(87): App\Models\ModelWilayah->DetailData('2')
#6 C:\laragon\www\gis-sekolah-ci4\system\CodeIgniter.php(933): App\Controllers\Wilayah->Edit('2')
#7 C:\laragon\www\gis-sekolah-ci4\system\CodeIgniter.php(507): CodeIgniter\CodeIgniter->runController(Object(App\Controllers\Wilayah))
#8 C:\laragon\www\gis-sekolah-ci4\system\CodeIgniter.php(354): CodeIgniter\CodeIgniter->handleRequest(NULL, Object(Config\Cache), false)
#9 C:\laragon\www\gis-sekolah-ci4\system\Boot.php(334): CodeIgniter\CodeIgniter->run()
#10 C:\laragon\www\gis-sekolah-ci4\system\Boot.php(67): CodeIgniter\Boot::runCodeIgniter(Object(CodeIgniter\CodeIgniter))
#11 C:\laragon\www\gis-sekolah-ci4\public\index.php(56): CodeIgniter\Boot::bootWeb(Object(Config\Paths))
#12 {main}
CRITICAL - 2025-03-14 21:05:35 --> CodeIgniter\Database\Exceptions\DatabaseException: Unknown column 'id_wilayah2' in 'where clause'
[Method: GET, Route: Wilayah/Edit/2]
in SYSTEMPATH\Database\BaseConnection.php on line 692.
 1 SYSTEMPATH\Database\BaseBuilder.php(1649): CodeIgniter\Database\BaseConnection->query('SELECT *
FROM `tbl_wilayah`
WHERE `id_wilayah2` IS NULL', [], false)
 2 APPPATH\Models\ModelWilayah.php(24): CodeIgniter\Database\BaseBuilder->get()
 3 APPPATH\Controllers\Wilayah.php(87): App\Models\ModelWilayah->DetailData('2')
 4 SYSTEMPATH\CodeIgniter.php(933): App\Controllers\Wilayah->Edit('2')
 5 SYSTEMPATH\CodeIgniter.php(507): CodeIgniter\CodeIgniter->runController(Object(App\Controllers\Wilayah))
 6 SYSTEMPATH\CodeIgniter.php(354): CodeIgniter\CodeIgniter->handleRequest(null, Object(Config\Cache), false)
 7 SYSTEMPATH\Boot.php(334): CodeIgniter\CodeIgniter->run()
 8 SYSTEMPATH\Boot.php(67): CodeIgniter\Boot::runCodeIgniter(Object(CodeIgniter\CodeIgniter))
 9 FCPATH\index.php(56): CodeIgniter\Boot::bootWeb(Object(Config\Paths))
CRITICAL - 2025-03-14 21:05:35 --> [Caused by] CodeIgniter\Database\Exceptions\DatabaseException: Unknown column 'id_wilayah2' in 'where clause'
in SYSTEMPATH\Database\MySQLi\Connection.php on line 332.
 1 SYSTEMPATH\Database\BaseConnection.php(738): CodeIgniter\Database\MySQLi\Connection->execute('SELECT *
FROM `tbl_wilayah`
WHERE `id_wilayah2` IS NULL')
 2 SYSTEMPATH\Database\BaseConnection.php(652): CodeIgniter\Database\BaseConnection->simpleQuery('SELECT *
FROM `tbl_wilayah`
WHERE `id_wilayah2` IS NULL')
 3 SYSTEMPATH\Database\BaseBuilder.php(1649): CodeIgniter\Database\BaseConnection->query('SELECT *
FROM `tbl_wilayah`
WHERE `id_wilayah2` IS NULL', [], false)
 4 APPPATH\Models\ModelWilayah.php(24): CodeIgniter\Database\BaseBuilder->get()
 5 APPPATH\Controllers\Wilayah.php(87): App\Models\ModelWilayah->DetailData('2')
 6 SYSTEMPATH\CodeIgniter.php(933): App\Controllers\Wilayah->Edit('2')
 7 SYSTEMPATH\CodeIgniter.php(507): CodeIgniter\CodeIgniter->runController(Object(App\Controllers\Wilayah))
 8 SYSTEMPATH\CodeIgniter.php(354): CodeIgniter\CodeIgniter->handleRequest(null, Object(Config\Cache), false)
 9 SYSTEMPATH\Boot.php(334): CodeIgniter\CodeIgniter->run()
10 SYSTEMPATH\Boot.php(67): CodeIgniter\Boot::runCodeIgniter(Object(CodeIgniter\CodeIgniter))
11 FCPATH\index.php(56): CodeIgniter\Boot::bootWeb(Object(Config\Paths))
CRITICAL - 2025-03-14 21:05:35 --> [Caused by] mysqli_sql_exception: Unknown column 'id_wilayah2' in 'where clause'
in SYSTEMPATH\Database\MySQLi\Connection.php on line 327.
 1 SYSTEMPATH\Database\MySQLi\Connection.php(327): mysqli->query('SELECT *
FROM `tbl_wilayah`
WHERE `id_wilayah2` IS NULL', 0)
 2 SYSTEMPATH\Database\BaseConnection.php(738): CodeIgniter\Database\MySQLi\Connection->execute('SELECT *
FROM `tbl_wilayah`
WHERE `id_wilayah2` IS NULL')
 3 SYSTEMPATH\Database\BaseConnection.php(652): CodeIgniter\Database\BaseConnection->simpleQuery('SELECT *
FROM `tbl_wilayah`
WHERE `id_wilayah2` IS NULL')
 4 SYSTEMPATH\Database\BaseBuilder.php(1649): CodeIgniter\Database\BaseConnection->query('SELECT *
FROM `tbl_wilayah`
WHERE `id_wilayah2` IS NULL', [], false)
 5 APPPATH\Models\ModelWilayah.php(24): CodeIgniter\Database\BaseBuilder->get()
 6 APPPATH\Controllers\Wilayah.php(87): App\Models\ModelWilayah->DetailData('2')
 7 SYSTEMPATH\CodeIgniter.php(933): App\Controllers\Wilayah->Edit('2')
 8 SYSTEMPATH\CodeIgniter.php(507): CodeIgniter\CodeIgniter->runController(Object(App\Controllers\Wilayah))
 9 SYSTEMPATH\CodeIgniter.php(354): CodeIgniter\CodeIgniter->handleRequest(null, Object(Config\Cache), false)
10 SYSTEMPATH\Boot.php(334): CodeIgniter\CodeIgniter->run()
11 SYSTEMPATH\Boot.php(67): CodeIgniter\Boot::runCodeIgniter(Object(CodeIgniter\CodeIgniter))
12 FCPATH\index.php(56): CodeIgniter\Boot::bootWeb(Object(Config\Paths))
WARNING - 2025-03-14 21:07:29 --> [DEPRECATED] Creation of dynamic property App\Controllers\Wilayah::$ModelWilayah is deprecated in APPPATH\Controllers\Wilayah.php on line 16.
 1 SYSTEMPATH\CodeIgniter.php(903): App\Controllers\Wilayah->__construct()
 2 SYSTEMPATH\CodeIgniter.php(498): CodeIgniter\CodeIgniter->createController()
 3 SYSTEMPATH\CodeIgniter.php(354): CodeIgniter\CodeIgniter->handleRequest(null, Object(Config\Cache), false)
 4 SYSTEMPATH\Boot.php(334): CodeIgniter\CodeIgniter->run()
 5 SYSTEMPATH\Boot.php(67): CodeIgniter\Boot::runCodeIgniter(Object(CodeIgniter\CodeIgniter))
 6 FCPATH\index.php(56): CodeIgniter\Boot::bootWeb(Object(Config\Paths))
WARNING - 2025-03-14 21:07:29 --> [DEPRECATED] Creation of dynamic property App\Controllers\Wilayah::$ModelSetting is deprecated in APPPATH\Controllers\Wilayah.php on line 17.
 1 SYSTEMPATH\CodeIgniter.php(903): App\Controllers\Wilayah->__construct()
 2 SYSTEMPATH\CodeIgniter.php(498): CodeIgniter\CodeIgniter->createController()
 3 SYSTEMPATH\CodeIgniter.php(354): CodeIgniter\CodeIgniter->handleRequest(null, Object(Config\Cache), false)
 4 SYSTEMPATH\Boot.php(334): CodeIgniter\CodeIgniter->run()
 5 SYSTEMPATH\Boot.php(67): CodeIgniter\Boot::runCodeIgniter(Object(CodeIgniter\CodeIgniter))
 6 FCPATH\index.php(56): CodeIgniter\Boot::bootWeb(Object(Config\Paths))
DEBUG - 2025-03-14 21:07:30 --> Session: Class initialized using 'CodeIgniter\Session\Handlers\FileHandler' driver.
WARNING - 2025-03-14 21:11:22 --> [DEPRECATED] Creation of dynamic property App\Controllers\Wilayah::$ModelWilayah is deprecated in APPPATH\Controllers\Wilayah.php on line 16.
 1 SYSTEMPATH\CodeIgniter.php(903): App\Controllers\Wilayah->__construct()
 2 SYSTEMPATH\CodeIgniter.php(498): CodeIgniter\CodeIgniter->createController()
 3 SYSTEMPATH\CodeIgniter.php(354): CodeIgniter\CodeIgniter->handleRequest(null, Object(Config\Cache), false)
 4 SYSTEMPATH\Boot.php(334): CodeIgniter\CodeIgniter->run()
 5 SYSTEMPATH\Boot.php(67): CodeIgniter\Boot::runCodeIgniter(Object(CodeIgniter\CodeIgniter))
 6 FCPATH\index.php(56): CodeIgniter\Boot::bootWeb(Object(Config\Paths))
WARNING - 2025-03-14 21:11:22 --> [DEPRECATED] Creation of dynamic property App\Controllers\Wilayah::$ModelSetting is deprecated in APPPATH\Controllers\Wilayah.php on line 17.
 1 SYSTEMPATH\CodeIgniter.php(903): App\Controllers\Wilayah->__construct()
 2 SYSTEMPATH\CodeIgniter.php(498): CodeIgniter\CodeIgniter->createController()
 3 SYSTEMPATH\CodeIgniter.php(354): CodeIgniter\CodeIgniter->handleRequest(null, Object(Config\Cache), false)
 4 SYSTEMPATH\Boot.php(334): CodeIgniter\CodeIgniter->run()
 5 SYSTEMPATH\Boot.php(67): CodeIgniter\Boot::runCodeIgniter(Object(CodeIgniter\CodeIgniter))
 6 FCPATH\index.php(56): CodeIgniter\Boot::bootWeb(Object(Config\Paths))
DEBUG - 2025-03-14 21:11:22 --> Session: Class initialized using 'CodeIgniter\Session\Handlers\FileHandler' driver.
